system,spacing_px,photons_per_emitter,repeat,truth_nm,estimate_nm
dual_single_helix,16,200.0,0,500.0,400.0
single_double_helix,16,200.0,0,500.0,400.0
dual_single_helix,16,200.0,0,600.0,400.0
single_double_helix,16,200.0,0,600.0,400.0
dual_single_helix,16,200.0,0,500.0,400.0
single_double_helix,16,200.0,0,500.0,400.0
dual_single_helix,16,200.0,0,600.0,400.0
single_double_helix,16,200.0,0,600.0,400.0
dual_single_helix,16,200.0,0,500.0,400.0
single_double_helix,16,200.0,0,500.0,400.0
dual_single_helix,16,200.0,0,600.0,400.0
single_double_helix,16,200.0,0,600.0,400.0
dual_single_helix,16,200.0,0,500.0,400.0
single_double_helix,16,200.0,0,500.0,400.0
dual_single_helix,16,200.0,0,600.0,400.0
single_double_helix,16,200.0,0,600.0,400.0
dual_single_helix,16,200.0,0,500.0,400.0
single_double_helix,16,200.0,0,500.0,400.0
dual_single_helix,16,200.0,0,600.0,400.0
single_double_helix,16,200.0,0,600.0,400.0
dual_single_helix,16,200.0,0,500.0,400.0
single_double_helix,16,200.0,0,500.0,400.0
dual_single_helix,16,200.0,0,600.0,400.0
single_double_helix,16,200.0,0,600.0,400.0
dual_single_helix,16,200.0,0,500.0,400.0
single_double_helix,16,200.0,0,500.0,400.0
dual_single_helix,16,200.0,0,600.0,400.0
single_double_helix,16,200.0,0,600.0,400.0
dual_single_helix,16,200.0,0,500.0,400.0
single_double_helix,16,200.0,0,500.0,400.0
dual_single_helix,16,200.0,0,600.0,400.0
single_double_helix,16,200.0,0,600.0,400.0
dual_single_helix,16,200.0,0,500.0,400.0
single_double_helix,16,200.0,0,500.0,400.0
dual_single_helix,16,200.0,0,600.0,400.0
single_double_helix,16,200.0,0,600.0,400.0
dual_single_helix,16,200.0,0,500.0,400.0
single_double_helix,16,200.0,0,500.0,400.0
dual_single_helix,16,200.0,0,600.0,400.0
single_double_helix,16,200.0,0,600.0,400.0
dual_single_helix,16,200.0,0,500.0,400.0
single_double_helix,16,200.0,0,500.0,400.0
dual_single_helix,16,200.0,0,600.0,400.0
single_double_helix,16,200.0,0,600.0,400.0
dual_single_helix,16,200.0,0,500.0,400.0
single_double_helix,16,200.0,0,500.0,400.0
dual_single_helix,16,200.0,0,600.0,400.0
single_double_helix,16,200.0,0,600.0,400.0
dual_single_helix,16,200.0,0,500.0,400.0
single_double_helix,16,200.0,0,500.0,400.0
dual_single_helix,16,200.0,0,600.0,400.0
single_double_helix,16,200.0,0,600.0,400.0
dual_single_helix,16,200.0,0,500.0,400.0
single_double_helix,16,200.0,0,500.0,400.0
dual_single_helix,16,200.0,0,600.0,400.0
single_double_helix,16,200.0,0,600.0,400.0
dual_single_helix,16,200.0,0,500.0,400.0
single_double_helix,16,200.0,0,500.0,400.0
dual_single_helix,16,200.0,0,600.0,400.0
single_double_helix,16,200.0,0,600.0,400.0
dual_single_helix,16,200.0,0,500.0,400.0
single_double_helix,16,200.0,0,500.0,400.0
dual_single_helix,16,200.0,0,600.0,400.0
single_double_helix,16,200.0,0,600.0,400.0
dual_single_helix,16,200.0,0,500.0,400.0
single_double_helix,16,200.0,0,500.0,400.0
dual_single_helix,16,200.0,0,600.0,400.0
single_double_helix,16,200.0,0,600.0,400.0
dual_single_helix,16,200.0,0,500.0,400.0
single_double_helix,16,200.0,0,500.0,400.0
dual_single_helix,16,200.0,0,600.0,400.0
single_double_helix,16,200.0,0,600.0,400.0
dual_single_helix,16,200.0,0,500.0,400.0
single_double_helix,16,200.0,0,500.0,400.0
dual_single_helix,16,200.0,0,600.0,400.0
single_double_helix,16,200.0,0,600.0,400.0
dual_single_helix,16,200.0,0,500.0,400.0
single_double_helix,16,200.0,0,500.0,400.0
dual_single_helix,16,200.0,0,600.0,400.0
single_double_helix,16,200.0,0,600.0,400.0
dual_single_helix,16,200.0,0,500.0,400.0
single_double_helix,16,200.0,0,500.0,400.0
dual_single_helix,16,200.0,0,600.0,400.0
single_double_helix,16,200.0,0,600.0,400.0
dual_single_helix,16,200.0,0,500.0,400.0
single_double_helix,16,200.0,0,500.0,400.0
dual_single_helix,16,200.0,0,600.0,400.0
single_double_helix,16,200.0,0,600.0,400.0
dual_single_helix,16,200.0,0,500.0,400.0
single_double_helix,16,200.0,0,500.0,400.0
dual_single_helix,16,200.0,0,600.0,400.0
single_double_helix,16,200.0,0,600.0,400.0
dual_single_helix,16,200.0,0,500.0,400.0
single_double_helix,16,200.0,0,500.0,400.0
dual_single_helix,16,200.0,0,600.0,400.0
single_double_helix,16,200.0,0,600.0,400.0
dual_single_helix,16,200.0,0,500.0,400.0
single_double_helix,16,200.0,0,500.0,400.0
dual_single_helix,16,200.0,0,600.0,400.0
single_double_helix,16,200.0,0,600.0,400.0
dual_single_helix,16,200.0,0,500.0,400.0
single_double_helix,16,200.0,0,500.0,400.0
dual_single_helix,16,200.0,0,600.0,400.0
single_double_helix,16,200.0,0,600.0,400.0
dual_single_helix,16,200.0,0,500.0,400.0
single_double_helix,16,200.0,0,500.0,400.0
dual_single_helix,16,200.0,0,600.0,400.0
single_double_helix,16,200.0,0,600.0,400.0
dual_single_helix,16,200.0,0,500.0,400.0
single_double_helix,16,200.0,0,500.0,400.0
dual_single_helix,16,200.0,0,600.0,400.0
single_double_helix,16,200.0,0,600.0,400.0
dual_single_helix,16,200.0,0,500.0,400.0
single_double_helix,16,200.0,0,500.0,400.0
dual_single_helix,16,200.0,0,600.0,400.0
single_double_helix,16,200.0,0,600.0,400.0
dual_single_helix,16,200.0,0,500.0,400.0
single_double_helix,16,200.0,0,500.0,400.0
dual_single_helix,16,200.0,0,600.0,400.0
single_double_helix,16,200.0,0,600.0,400.0
dual_single_helix,16,200.0,0,500.0,400.0
single_double_helix,16,200.0,0,500.0,400.0
dual_single_helix,16,200.0,0,600.0,400.0
single_double_helix,16,200.0,0,600.0,400.0
dual_single_helix,16,200.0,0,500.0,400.0
single_double_helix,16,200.0,0,500.0,400.0
dual_single_helix,16,200.0,0,600.0,400.0
single_double_helix,16,200.0,0,600.0,400.0
dual_single_helix,16,200.0,0,500.0,400.0
single_double_helix,16,200.0,0,500.0,400.0
dual_single_helix,16,200.0,0,600.0,400.0
single_double_helix,16,200.0,0,600.0,400.0
dual_single_helix,16,200.0,0,500.0,400.0
single_double_helix,16,200.0,0,500.0,400.0
dual_single_helix,16,200.0,0,600.0,400.0
single_double_helix,16,200.0,0,600.0,400.0
dual_single_helix,16,200.0,0,500.0,400.0
single_double_helix,16,200.0,0,500.0,400.0
dual_single_helix,16,200.0,0,600.0,400.0
single_double_helix,16,200.0,0,600.0,400.0
dual_single_helix,16,200.0,0,500.0,400.0
single_double_helix,16,200.0,0,500.0,400.0
dual_single_helix,16,200.0,0,600.0,400.0
single_double_helix,16,200.0,0,600.0,400.0
dual_single_helix,16,200.0,0,500.0,400.0
single_double_helix,16,200.0,0,500.0,400.0
dual_single_helix,16,200.0,0,600.0,400.0
single_double_helix,16,200.0,0,600.0,400.0
dual_single_helix,16,200.0,0,500.0,400.0
single_double_helix,16,200.0,0,500.0,400.0
dual_single_helix,16,200.0,0,600.0,400.0
single_double_helix,16,200.0,0,600.0,400.0
dual_single_helix,16,200.0,0,500.0,400.0
single_double_helix,16,200.0,0,500.0,400.0
dual_single_helix,16,200.0,0,600.0,400.0
single_double_helix,16,200.0,0,600.0,400.0
dual_single_helix,16,200.0,0,500.0,400.0
single_double_helix,16,200.0,0,500.0,400.0
dual_single_helix,16,200.0,0,600.0,400.0
single_double_helix,16,200.0,0,600.0,400.0
dual_single_helix,16,200.0,0,500.0,400.0
single_double_helix,16,200.0,0,500.0,400.0
dual_single_helix,16,200.0,1,500.0,400.0
single_double_helix,16,200.0,1,500.0,400.0
dual_single_helix,16,200.0,1,600.0,400.0
single_double_helix,16,200.0,1,600.0,400.0
dual_single_helix,16,200.0,1,500.0,400.0
single_double_helix,16,200.0,1,500.0,400.0
dual_single_helix,16,200.0,1,600.0,400.0
single_double_helix,16,200.0,1,600.0,400.0
dual_single_helix,16,200.0,1,500.0,400.0
single_double_helix,16,200.0,1,500.0,400.0
dual_single_helix,16,200.0,1,600.0,400.0
single_double_helix,16,200.0,1,600.0,400.0
dual_single_helix,16,200.0,1,500.0,400.0
single_double_helix,16,200.0,1,500.0,400.0
dual_single_helix,16,200.0,1,600.0,400.0
single_double_helix,16,200.0,1,600.0,400.0
dual_single_helix,16,200.0,1,500.0,400.0
single_double_helix,16,200.0,1,500.0,400.0
dual_single_helix,16,200.0,1,600.0,400.0
single_double_helix,16,200.0,1,600.0,400.0
dual_single_helix,16,200.0,1,500.0,400.0
single_double_helix,16,200.0,1,500.0,400.0
dual_single_helix,16,200.0,1,600.0,400.0
single_double_helix,16,200.0,1,600.0,400.0
dual_single_helix,16,200.0,1,500.0,400.0
single_double_helix,16,200.0,1,500.0,400.0
dual_single_helix,16,200.0,1,600.0,400.0
single_double_helix,16,200.0,1,600.0,400.0
dual_single_helix,16,200.0,1,500.0,400.0
single_double_helix,16,200.0,1,500.0,400.0
dual_single_helix,16,200.0,1,600.0,400.0
single_double_helix,16,200.0,1,600.0,400.0
dual_single_helix,16,200.0,1,500.0,400.0
single_double_helix,16,200.0,1,500.0,400.0
dual_single_helix,16,200.0,1,600.0,400.0
single_double_helix,16,200.0,1,600.0,400.0
dual_single_helix,16,200.0,1,500.0,400.0
single_double_helix,16,200.0,1,500.0,400.0
dual_single_helix,16,200.0,1,600.0,400.0
single_double_helix,16,200.0,1,600.0,400.0
dual_single_helix,16,200.0,1,500.0,400.0
single_double_helix,16,200.0,1,500.0,400.0
dual_single_helix,16,200.0,1,600.0,400.0
single_double_helix,16,200.0,1,600.0,400.0
dual_single_helix,16,200.0,1,500.0,400.0
single_double_helix,16,200.0,1,500.0,400.0
dual_single_helix,16,200.0,1,600.0,400.0
single_double_helix,16,200.0,1,600.0,400.0
dual_single_helix,16,200.0,1,500.0,400.0
single_double_helix,16,200.0,1,500.0,400.0
dual_single_helix,16,200.0,1,600.0,400.0
single_double_helix,16,200.0,1,600.0,400.0
dual_single_helix,16,200.0,1,500.0,400.0
single_double_helix,16,200.0,1,500.0,400.0
dual_single_helix,16,200.0,1,600.0,400.0
single_double_helix,16,200.0,1,600.0,400.0
dual_single_helix,16,200.0,1,500.0,400.0
single_double_helix,16,200.0,1,500.0,400.0
dual_single_helix,16,200.0,1,600.0,400.0
single_double_helix,16,200.0,1,600.0,400.0
dual_single_helix,16,200.0,1,500.0,400.0
single_double_helix,16,200.0,1,500.0,400.0
dual_single_helix,16,200.0,1,600.0,400.0
single_double_helix,16,200.0,1,600.0,400.0
dual_single_helix,16,200.0,1,500.0,400.0
single_double_helix,16,200.0,1,500.0,400.0
dual_single_helix,16,200.0,1,600.0,400.0
single_double_helix,16,200.0,1,600.0,400.0
dual_single_helix,16,200.0,1,500.0,400.0
single_double_helix,16,200.0,1,500.0,400.0
dual_single_helix,16,200.0,1,600.0,400.0
single_double_helix,16,200.0,1,600.0,400.0
dual_single_helix,16,200.0,1,500.0,400.0
single_double_helix,16,200.0,1,500.0,400.0
dual_single_helix,16,200.0,1,600.0,400.0
single_double_helix,16,200.0,1,600.0,400.0
dual_single_helix,16,200.0,1,500.0,400.0
single_double_helix,16,200.0,1,500.0,400.0
dual_single_helix,16,200.0,1,600.0,400.0
single_double_helix,16,200.0,1,600.0,400.0
dual_single_helix,16,200.0,1,500.0,400.0
single_double_helix,16,200.0,1,500.0,400.0
dual_single_helix,16,200.0,1,600.0,400.0
single_double_helix,16,200.0,1,600.0,400.0
dual_single_helix,16,200.0,1,500.0,400.0
single_double_helix,16,200.0,1,500.0,400.0
dual_single_helix,16,200.0,1,600.0,400.0
single_double_helix,16,200.0,1,600.0,400.0
dual_single_helix,16,200.0,1,500.0,400.0
single_double_helix,16,200.0,1,500.0,400.0
dual_single_helix,16,200.0,1,600.0,400.0
single_double_helix,16,200.0,1,600.0,400.0
dual_single_helix,16,200.0,1,500.0,400.0
single_double_helix,16,200.0,1,500.0,400.0
dual_single_helix,16,200.0,1,600.0,400.0
single_double_helix,16,200.0,1,600.0,400.0
dual_single_helix,16,200.0,1,500.0,400.0
single_double_helix,16,200.0,1,500.0,400.0
dual_single_helix,16,200.0,1,600.0,400.0
single_double_helix,16,200.0,1,600.0,400.0
dual_single_helix,16,200.0,1,500.0,400.0
single_double_helix,16,200.0,1,500.0,400.0
dual_single_helix,16,200.0,1,600.0,400.0
single_double_helix,16,200.0,1,600.0,400.0
dual_single_helix,16,200.0,1,500.0,400.0
single_double_helix,16,200.0,1,500.0,400.0
dual_single_helix,16,200.0,1,600.0,400.0
single_double_helix,16,200.0,1,600.0,400.0
dual_single_helix,16,200.0,1,500.0,400.0
single_double_helix,16,200.0,1,500.0,400.0
dual_single_helix,16,200.0,1,600.0,400.0
single_double_helix,16,200.0,1,600.0,400.0
dual_single_helix,16,200.0,1,500.0,400.0
single_double_helix,16,200.0,1,500.0,400.0
dual_single_helix,16,200.0,1,600.0,400.0
single_double_helix,16,200.0,1,600.0,400.0
dual_single_helix,16,200.0,1,500.0,400.0
single_double_helix,16,200.0,1,500.0,400.0
dual_single_helix,16,200.0,1,600.0,400.0
single_double_helix,16,200.0,1,600.0,400.0
dual_single_helix,16,200.0,1,500.0,400.0
single_double_helix,16,200.0,1,500.0,400.0
dual_single_helix,16,200.0,1,600.0,400.0
single_double_helix,16,200.0,1,600.0,400.0
dual_single_helix,16,200.0,1,500.0,400.0
single_double_helix,16,200.0,1,500.0,400.0
dual_single_helix,16,200.0,1,600.0,400.0
single_double_helix,16,200.0,1,600.0,400.0
dual_single_helix,16,200.0,1,500.0,400.0
single_double_helix,16,200.0,1,500.0,400.0
dual_single_helix,16,200.0,1,600.0,400.0
single_double_helix,16,200.0,1,600.0,400.0
dual_single_helix,16,200.0,1,500.0,400.0
single_double_helix,16,200.0,1,500.0,400.0
dual_single_helix,16,200.0,1,600.0,400.0
single_double_helix,16,200.0,1,600.0,400.0
dual_single_helix,16,200.0,1,500.0,400.0
single_double_helix,16,200.0,1,500.0,400.0
dual_single_helix,16,200.0,1,600.0,400.0
single_double_helix,16,200.0,1,600.0,400.0
dual_single_helix,16,200.0,1,500.0,400.0
single_double_helix,16,200.0,1,500.0,400.0
dual_single_helix,16,200.0,1,600.0,400.0
single_double_helix,16,200.0,1,600.0,400.0
dual_single_helix,16,200.0,1,500.0,400.0
single_double_helix,16,200.0,1,500.0,400.0
dual_single_helix,16,200.0,1,600.0,400.0
single_double_helix,16,200.0,1,600.0,400.0
dual_single_helix,16,200.0,1,500.0,400.0
single_double_helix,16,200.0,1,500.0,400.0
dual_single_helix,16,200.0,1,600.0,400.0
single_double_helix,16,200.0,1,600.0,400.0
dual_single_helix,16,200.0,1,500.0,400.0
single_double_helix,16,200.0,1,500.0,400.0
dual_single_helix,16,200.0,1,600.0,400.0
single_double_helix,16,200.0,1,600.0,400.0
dual_single_helix,16,200.0,1,500.0,400.0
single_double_helix,16,200.0,1,500.0,400.0
dual_single_helix,16,200.0,1,600.0,400.0
single_double_helix,16,200.0,1,600.0,400.0
dual_single_helix,16,200.0,1,500.0,400.0
single_double_helix,16,200.0,1,500.0,400.0
dual_single_helix,16,200.0,2,500.0,400.0
single_double_helix,16,200.0,2,500.0,400.0
dual_single_helix,16,200.0,2,600.0,400.0
single_double_helix,16,200.0,2,600.0,400.0
dual_single_helix,16,200.0,2,500.0,400.0
single_double_helix,16,200.0,2,500.0,400.0
dual_single_helix,16,200.0,2,600.0,400.0
single_double_helix,16,200.0,2,600.0,400.0
dual_single_helix,16,200.0,2,500.0,400.0
single_double_helix,16,200.0,2,500.0,400.0
dual_single_helix,16,200.0,2,600.0,400.0
single_double_helix,16,200.0,2,600.0,400.0
dual_single_helix,16,200.0,2,500.0,400.0
single_double_helix,16,200.0,2,500.0,400.0
dual_single_helix,16,200.0,2,600.0,400.0
single_double_helix,16,200.0,2,600.0,400.0
dual_single_helix,16,200.0,2,500.0,400.0
single_double_helix,16,200.0,2,500.0,400.0
dual_single_helix,16,200.0,2,600.0,400.0
single_double_helix,16,200.0,2,600.0,400.0
dual_single_helix,16,200.0,2,500.0,400.0
single_double_helix,16,200.0,2,500.0,400.0
dual_single_helix,16,200.0,2,600.0,400.0
single_double_helix,16,200.0,2,600.0,400.0
dual_single_helix,16,200.0,2,500.0,400.0
single_double_helix,16,200.0,2,500.0,400.0
dual_single_helix,16,200.0,2,600.0,400.0
single_double_helix,16,200.0,2,600.0,400.0
dual_single_helix,16,200.0,2,500.0,400.0
single_double_helix,16,200.0,2,500.0,400.0
dual_single_helix,16,200.0,2,600.0,400.0
single_double_helix,16,200.0,2,600.0,400.0
dual_single_helix,16,200.0,2,500.0,400.0
single_double_helix,16,200.0,2,500.0,400.0
dual_single_helix,16,200.0,2,600.0,400.0
single_double_helix,16,200.0,2,600.0,400.0
dual_single_helix,16,200.0,2,500.0,400.0
single_double_helix,16,200.0,2,500.0,400.0
dual_single_helix,16,200.0,2,600.0,400.0
single_double_helix,16,200.0,2,600.0,400.0
dual_single_helix,16,200.0,2,500.0,400.0
single_double_helix,16,200.0,2,500.0,400.0
dual_single_helix,16,200.0,2,600.0,400.0
single_double_helix,16,200.0,2,600.0,400.0
dual_single_helix,16,200.0,2,500.0,400.0
single_double_helix,16,200.0,2,500.0,400.0
dual_single_helix,16,200.0,2,600.0,400.0
single_double_helix,16,200.0,2,600.0,400.0
dual_single_helix,16,200.0,2,500.0,400.0
single_double_helix,16,200.0,2,500.0,400.0
dual_single_helix,16,200.0,2,600.0,400.0
single_double_helix,16,200.0,2,600.0,400.0
dual_single_helix,16,200.0,2,500.0,400.0
single_double_helix,16,200.0,2,500.0,400.0
dual_single_helix,16,200.0,2,600.0,400.0
single_double_helix,16,200.0,2,600.0,400.0
dual_single_helix,16,200.0,2,500.0,400.0
single_double_helix,16,200.0,2,500.0,400.0
dual_single_helix,16,200.0,2,600.0,400.0
single_double_helix,16,200.0,2,600.0,400.0
dual_single_helix,16,200.0,2,500.0,400.0
single_double_helix,16,200.0,2,500.0,400.0
dual_single_helix,16,200.0,2,600.0,400.0
single_double_helix,16,200.0,2,600.0,400.0
dual_single_helix,16,200.0,2,500.0,400.0
single_double_helix,16,200.0,2,500.0,400.0
dual_single_helix,16,200.0,2,600.0,400.0
single_double_helix,16,200.0,2,600.0,400.0
dual_single_helix,16,200.0,2,500.0,400.0
single_double_helix,16,200.0,2,500.0,400.0
dual_single_helix,16,200.0,2,600.0,400.0
single_double_helix,16,200.0,2,600.0,400.0
dual_single_helix,16,200.0,2,500.0,400.0
single_double_helix,16,200.0,2,500.0,400.0
dual_single_helix,16,200.0,2,600.0,400.0
single_double_helix,16,200.0,2,600.0,400.0
dual_single_helix,16,200.0,2,500.0,400.0
single_double_helix,16,200.0,2,500.0,400.0
dual_single_helix,16,200.0,2,600.0,400.0
single_double_helix,16,200.0,2,600.0,400.0
dual_single_helix,16,200.0,2,500.0,400.0
single_double_helix,16,200.0,2,500.0,400.0
dual_single_helix,16,200.0,2,600.0,400.0
single_double_helix,16,200.0,2,600.0,400.0
dual_single_helix,16,200.0,2,500.0,400.0
single_double_helix,16,200.0,2,500.0,400.0
dual_single_helix,16,200.0,2,600.0,400.0
single_double_helix,16,200.0,2,600.0,400.0
dual_single_helix,16,200.0,2,500.0,400.0
single_double_helix,16,200.0,2,500.0,400.0
dual_single_helix,16,200.0,2,600.0,400.0
single_double_helix,16,200.0,2,600.0,400.0
dual_single_helix,16,200.0,2,500.0,400.0
single_double_helix,16,200.0,2,500.0,400.0
dual_single_helix,16,200.0,2,600.0,400.0
single_double_helix,16,200.0,2,600.0,400.0
dual_single_helix,16,200.0,2,500.0,400.0
single_double_helix,16,200.0,2,500.0,400.0
dual_single_helix,16,200.0,2,600.0,400.0
single_double_helix,16,200.0,2,600.0,400.0
dual_single_helix,16,200.0,2,500.0,400.0
single_double_helix,16,200.0,2,500.0,400.0
dual_single_helix,16,200.0,2,600.0,400.0
single_double_helix,16,200.0,2,600.0,400.0
dual_single_helix,16,200.0,2,500.0,400.0
single_double_helix,16,200.0,2,500.0,400.0
dual_single_helix,16,200.0,2,600.0,400.0
single_double_helix,16,200.0,2,600.0,400.0
dual_single_helix,16,200.0,2,500.0,400.0
single_double_helix,16,200.0,2,500.0,400.0
dual_single_helix,16,200.0,2,600.0,400.0
single_double_helix,16,200.0,2,600.0,400.0
dual_single_helix,16,200.0,2,500.0,400.0
single_double_helix,16,200.0,2,500.0,400.0
dual_single_helix,16,200.0,2,600.0,400.0
single_double_helix,16,200.0,2,600.0,400.0
dual_single_helix,16,200.0,2,500.0,400.0
single_double_helix,16,200.0,2,500.0,400.0
dual_single_helix,16,200.0,2,600.0,400.0
single_double_helix,16,200.0,2,600.0,400.0
dual_single_helix,16,200.0,2,500.0,400.0
single_double_helix,16,200.0,2,500.0,400.0
dual_single_helix,16,200.0,2,600.0,400.0
single_double_helix,16,200.0,2,600.0,400.0
dual_single_helix,16,200.0,2,500.0,400.0
single_double_helix,16,200.0,2,500.0,400.0
dual_single_helix,16,200.0,2,600.0,400.0
single_double_helix,16,200.0,2,600.0,400.0
dual_single_helix,16,200.0,2,500.0,400.0
single_double_helix,16,200.0,2,500.0,400.0
dual_single_helix,16,200.0,2,600.0,400.0
single_double_helix,16,200.0,2,600.0,400.0
dual_single_helix,16,200.0,2,500.0,400.0
single_double_helix,16,200.0,2,500.0,400.0
dual_single_helix,16,200.0,2,600.0,400.0
single_double_helix,16,200.0,2,600.0,400.0
dual_single_helix,16,200.0,2,500.0,400.0
single_double_helix,16,200.0,2,500.0,400.0
dual_single_helix,16,200.0,2,600.0,400.0
single_double_helix,16,200.0,2,600.0,400.0
dual_single_helix,16,200.0,2,500.0,400.0
single_double_helix,16,200.0,2,500.0,400.0
dual_single_helix,16,200.0,2,600.0,400.0
single_double_helix,16,200.0,2,600.0,400.0
dual_single_helix,16,200.0,2,500.0,400.0
single_double_helix,16,200.0,2,500.0,400.0
dual_single_helix,16,200.0,2,600.0,400.0
single_double_helix,16,200.0,2,600.0,400.0
dual_single_helix,16,200.0,2,500.0,400.0
single_double_helix,16,200.0,2,500.0,400.0
dual_single_helix,16,200.0,2,600.0,400.0
single_double_helix,16,200.0,2,600.0,400.0
dual_single_helix,16,200.0,2,500.0,400.0
single_double_helix,16,200.0,2,500.0,400.0
dual_single_helix,16,200.0,2,600.0,400.0
single_double_helix,16,200.0,2,600.0,400.0
dual_single_helix,16,200.0,2,500.0,400.0
single_double_helix,16,200.0,2,500.0,400.0
dual_single_helix,16,200.0,2,600.0,400.0
single_double_helix,16,200.0,2,600.0,400.0
dual_single_helix,16,200.0,2,500.0,400.0
single_double_helix,16,200.0,2,500.0,400.0
dual_single_helix,16,200.0,3,500.0,400.0
single_double_helix,16,200.0,3,500.0,400.0
dual_single_helix,16,200.0,3,600.0,400.0
single_double_helix,16,200.0,3,600.0,400.0
dual_single_helix,16,200.0,3,500.0,400.0
single_double_helix,16,200.0,3,500.0,400.0
dual_single_helix,16,200.0,3,600.0,400.0
single_double_helix,16,200.0,3,600.0,400.0
dual_single_helix,16,200.0,3,500.0,400.0
single_double_helix,16,200.0,3,500.0,400.0
dual_single_helix,16,200.0,3,600.0,400.0
single_double_helix,16,200.0,3,600.0,400.0
dual_single_helix,16,200.0,3,500.0,400.0
single_double_helix,16,200.0,3,500.0,400.0
dual_single_helix,16,200.0,3,600.0,400.0
single_double_helix,16,200.0,3,600.0,400.0
dual_single_helix,16,200.0,3,500.0,400.0
single_double_helix,16,200.0,3,500.0,400.0
dual_single_helix,16,200.0,3,600.0,400.0
single_double_helix,16,200.0,3,600.0,400.0
dual_single_helix,16,200.0,3,500.0,400.0
single_double_helix,16,200.0,3,500.0,400.0
dual_single_helix,16,200.0,3,600.0,400.0
single_double_helix,16,200.0,3,600.0,400.0
dual_single_helix,16,200.0,3,500.0,400.0
single_double_helix,16,200.0,3,500.0,400.0
dual_single_helix,16,200.0,3,600.0,400.0
single_double_helix,16,200.0,3,600.0,400.0
dual_single_helix,16,200.0,3,500.0,400.0
single_double_helix,16,200.0,3,500.0,400.0
dual_single_helix,16,200.0,3,600.0,400.0
single_double_helix,16,200.0,3,600.0,400.0
dual_single_helix,16,200.0,3,500.0,400.0
single_double_helix,16,200.0,3,500.0,400.0
dual_single_helix,16,200.0,3,600.0,400.0
single_double_helix,16,200.0,3,600.0,400.0
dual_single_helix,16,200.0,3,500.0,400.0
single_double_helix,16,200.0,3,500.0,400.0
dual_single_helix,16,200.0,3,600.0,400.0
single_double_helix,16,200.0,3,600.0,400.0
dual_single_helix,16,200.0,3,500.0,400.0
single_double_helix,16,200.0,3,500.0,400.0
dual_single_helix,16,200.0,3,600.0,400.0
single_double_helix,16,200.0,3,600.0,400.0
dual_single_helix,16,200.0,3,500.0,400.0
single_double_helix,16,200.0,3,500.0,400.0
dual_single_helix,16,200.0,3,600.0,400.0
single_double_helix,16,200.0,3,600.0,400.0
dual_single_helix,16,200.0,3,500.0,400.0
single_double_helix,16,200.0,3,500.0,400.0
dual_single_helix,16,200.0,3,600.0,400.0
single_double_helix,16,200.0,3,600.0,400.0
dual_single_helix,16,200.0,3,500.0,400.0
single_double_helix,16,200.0,3,500.0,400.0
dual_single_helix,16,200.0,3,600.0,400.0
single_double_helix,16,200.0,3,600.0,400.0
dual_single_helix,16,200.0,3,500.0,400.0
single_double_helix,16,200.0,3,500.0,400.0
dual_single_helix,16,200.0,3,600.0,400.0
single_double_helix,16,200.0,3,600.0,400.0
dual_single_helix,16,200.0,3,500.0,400.0
single_double_helix,16,200.0,3,500.0,400.0
dual_single_helix,16,200.0,3,600.0,400.0
single_double_helix,16,200.0,3,600.0,400.0
dual_single_helix,16,200.0,3,500.0,400.0
single_double_helix,16,200.0,3,500.0,400.0
dual_single_helix,16,200.0,3,600.0,400.0
single_double_helix,16,200.0,3,600.0,400.0
dual_single_helix,16,200.0,3,500.0,400.0
single_double_helix,16,200.0,3,500.0,400.0
dual_single_helix,16,200.0,3,600.0,400.0
single_double_helix,16,200.0,3,600.0,400.0
dual_single_helix,16,200.0,3,500.0,400.0
single_double_helix,16,200.0,3,500.0,400.0
dual_single_helix,16,200.0,3,600.0,400.0
single_double_helix,16,200.0,3,600.0,400.0
dual_single_helix,16,200.0,3,500.0,400.0
single_double_helix,16,200.0,3,500.0,400.0
dual_single_helix,16,200.0,3,600.0,400.0
single_double_helix,16,200.0,3,600.0,400.0
dual_single_helix,16,200.0,3,500.0,400.0
single_double_helix,16,200.0,3,500.0,400.0
dual_single_helix,16,200.0,3,600.0,400.0
single_double_helix,16,200.0,3,600.0,400.0
dual_single_helix,16,200.0,3,500.0,400.0
single_double_helix,16,200.0,3,500.0,400.0
dual_single_helix,16,200.0,3,600.0,400.0
single_double_helix,16,200.0,3,600.0,400.0
dual_single_helix,16,200.0,3,500.0,400.0
single_double_helix,16,200.0,3,500.0,400.0
dual_single_helix,16,200.0,3,600.0,400.0
single_double_helix,16,200.0,3,600.0,400.0
dual_single_helix,16,200.0,3,500.0,400.0
single_double_helix,16,200.0,3,500.0,400.0
dual_single_helix,16,200.0,3,600.0,400.0
single_double_helix,16,200.0,3,600.0,400.0
dual_single_helix,16,200.0,3,500.0,400.0
single_double_helix,16,200.0,3,500.0,400.0
dual_single_helix,16,200.0,3,600.0,400.0
single_double_helix,16,200.0,3,600.0,400.0
dual_single_helix,16,200.0,3,500.0,400.0
single_double_helix,16,200.0,3,500.0,400.0
dual_single_helix,16,200.0,3,600.0,400.0
single_double_helix,16,200.0,3,600.0,400.0
dual_single_helix,16,200.0,3,500.0,400.0
single_double_helix,16,200.0,3,500.0,400.0
dual_single_helix,16,200.0,3,600.0,400.0
single_double_helix,16,200.0,3,600.0,400.0
dual_single_helix,16,200.0,3,500.0,400.0
single_double_helix,16,200.0,3,500.0,400.0
dual_single_helix,16,200.0,3,600.0,400.0
single_double_helix,16,200.0,3,600.0,400.0
dual_single_helix,16,200.0,3,500.0,400.0
single_double_helix,16,200.0,3,500.0,400.0
dual_single_helix,16,200.0,3,600.0,400.0
single_double_helix,16,200.0,3,600.0,400.0
dual_single_helix,16,200.0,3,500.0,400.0
single_double_helix,16,200.0,3,500.0,400.0
dual_single_helix,16,200.0,3,600.0,400.0
single_double_helix,16,200.0,3,600.0,400.0
dual_single_helix,16,200.0,3,500.0,400.0
single_double_helix,16,200.0,3,500.0,400.0
dual_single_helix,16,200.0,3,600.0,400.0
single_double_helix,16,200.0,3,600.0,400.0
dual_single_helix,16,200.0,3,500.0,400.0
single_double_helix,16,200.0,3,500.0,400.0
dual_single_helix,16,200.0,3,600.0,400.0
single_double_helix,16,200.0,3,600.0,400.0
dual_single_helix,16,200.0,3,500.0,400.0
single_double_helix,16,200.0,3,500.0,400.0
dual_single_helix,16,200.0,3,600.0,400.0
single_double_helix,16,200.0,3,600.0,400.0
dual_single_helix,16,200.0,3,500.0,400.0
single_double_helix,16,200.0,3,500.0,400.0
dual_single_helix,16,200.0,3,600.0,400.0
single_double_helix,16,200.0,3,600.0,400.0
dual_single_helix,16,200.0,3,500.0,400.0
single_double_helix,16,200.0,3,500.0,400.0
dual_single_helix,16,200.0,3,600.0,400.0
single_double_helix,16,200.0,3,600.0,400.0
dual_single_helix,16,200.0,3,500.0,400.0
single_double_helix,16,200.0,3,500.0,400.0
dual_single_helix,16,200.0,3,600.0,400.0
single_double_helix,16,200.0,3,600.0,400.0
dual_single_helix,16,200.0,3,500.0,400.0
single_double_helix,16,200.0,3,500.0,400.0
dual_single_helix,16,200.0,3,600.0,400.0
single_double_helix,16,200.0,3,600.0,400.0
dual_single_helix,16,200.0,3,500.0,400.0
single_double_helix,16,200.0,3,500.0,400.0
dual_single_helix,16,200.0,3,600.0,400.0
single_double_helix,16,200.0,3,600.0,400.0
dual_single_helix,16,200.0,3,500.0,400.0
single_double_helix,16,200.0,3,500.0,400.0
dual_single_helix,16,200.0,3,600.0,400.0
single_double_helix,16,200.0,3,600.0,400.0
dual_single_helix,16,200.0,3,500.0,400.0
single_double_helix,16,200.0,3,500.0,400.0
dual_single_helix,16,200.0,3,600.0,400.0
single_double_helix,16,200.0,3,600.0,400.0
dual_single_helix,16,200.0,3,500.0,400.0
single_double_helix,16,200.0,3,500.0,400.0
dual_single_helix,16,200.0,4,500.0,400.0
single_double_helix,16,200.0,4,500.0,400.0
dual_single_helix,16,200.0,4,600.0,400.0
single_double_helix,16,200.0,4,600.0,400.0
dual_single_helix,16,200.0,4,500.0,400.0
single_double_helix,16,200.0,4,500.0,400.0
dual_single_helix,16,200.0,4,600.0,400.0
single_double_helix,16,200.0,4,600.0,400.0
dual_single_helix,16,200.0,4,500.0,400.0
single_double_helix,16,200.0,4,500.0,400.0
dual_single_helix,16,200.0,4,600.0,400.0
single_double_helix,16,200.0,4,600.0,400.0
dual_single_helix,16,200.0,4,500.0,400.0
single_double_helix,16,200.0,4,500.0,400.0
dual_single_helix,16,200.0,4,600.0,400.0
single_double_helix,16,200.0,4,600.0,400.0
dual_single_helix,16,200.0,4,500.0,400.0
single_double_helix,16,200.0,4,500.0,400.0
dual_single_helix,16,200.0,4,600.0,400.0
single_double_helix,16,200.0,4,600.0,400.0
dual_single_helix,16,200.0,4,500.0,400.0
single_double_helix,16,200.0,4,500.0,400.0
dual_single_helix,16,200.0,4,600.0,400.0
single_double_helix,16,200.0,4,600.0,400.0
dual_single_helix,16,200.0,4,500.0,400.0
single_double_helix,16,200.0,4,500.0,400.0
dual_single_helix,16,200.0,4,600.0,400.0
single_double_helix,16,200.0,4,600.0,400.0
dual_single_helix,16,200.0,4,500.0,400.0
single_double_helix,16,200.0,4,500.0,400.0
dual_single_helix,16,200.0,4,600.0,400.0
single_double_helix,16,200.0,4,600.0,400.0
dual_single_helix,16,200.0,4,500.0,400.0
single_double_helix,16,200.0,4,500.0,400.0
dual_single_helix,16,200.0,4,600.0,400.0
single_double_helix,16,200.0,4,600.0,400.0
dual_single_helix,16,200.0,4,500.0,400.0
single_double_helix,16,200.0,4,500.0,400.0
dual_single_helix,16,200.0,4,600.0,400.0
single_double_helix,16,200.0,4,600.0,400.0
dual_single_helix,16,200.0,4,500.0,400.0
single_double_helix,16,200.0,4,500.0,400.0
dual_single_helix,16,200.0,4,600.0,400.0
single_double_helix,16,200.0,4,600.0,400.0
dual_single_helix,16,200.0,4,500.0,400.0
single_double_helix,16,200.0,4,500.0,400.0
dual_single_helix,16,200.0,4,600.0,400.0
single_double_helix,16,200.0,4,600.0,400.0
dual_single_helix,16,200.0,4,500.0,400.0
single_double_helix,16,200.0,4,500.0,400.0
dual_single_helix,16,200.0,4,600.0,400.0
single_double_helix,16,200.0,4,600.0,400.0
dual_single_helix,16,200.0,4,500.0,400.0
single_double_helix,16,200.0,4,500.0,400.0
dual_single_helix,16,200.0,4,600.0,400.0
single_double_helix,16,200.0,4,600.0,400.0
dual_single_helix,16,200.0,4,500.0,400.0
single_double_helix,16,200.0,4,500.0,400.0
dual_single_helix,16,200.0,4,600.0,400.0
single_double_helix,16,200.0,4,600.0,400.0
dual_single_helix,16,200.0,4,500.0,400.0
single_double_helix,16,200.0,4,500.0,400.0
dual_single_helix,16,200.0,4,600.0,400.0
single_double_helix,16,200.0,4,600.0,400.0
dual_single_helix,16,200.0,4,500.0,400.0
single_double_helix,16,200.0,4,500.0,400.0
dual_single_helix,16,200.0,4,600.0,400.0
single_double_helix,16,200.0,4,600.0,400.0
dual_single_helix,16,200.0,4,500.0,400.0
single_double_helix,16,200.0,4,500.0,400.0
dual_single_helix,16,200.0,4,600.0,400.0
single_double_helix,16,200.0,4,600.0,400.0
dual_single_helix,16,200.0,4,500.0,400.0
single_double_helix,16,200.0,4,500.0,400.0
dual_single_helix,16,200.0,4,600.0,400.0
single_double_helix,16,200.0,4,600.0,400.0
dual_single_helix,16,200.0,4,500.0,400.0
single_double_helix,16,200.0,4,500.0,400.0
dual_single_helix,16,200.0,4,600.0,400.0
single_double_helix,16,200.0,4,600.0,400.0
dual_single_helix,16,200.0,4,500.0,400.0
single_double_helix,16,200.0,4,500.0,400.0
dual_single_helix,16,200.0,4,600.0,400.0
single_double_helix,16,200.0,4,600.0,400.0
dual_single_helix,16,200.0,4,500.0,400.0
single_double_helix,16,200.0,4,500.0,400.0
dual_single_helix,16,200.0,4,600.0,400.0
single_double_helix,16,200.0,4,600.0,400.0
dual_single_helix,16,200.0,4,500.0,400.0
single_double_helix,16,200.0,4,500.0,400.0
dual_single_helix,16,200.0,4,600.0,400.0
single_double_helix,16,200.0,4,600.0,400.0
dual_single_helix,16,200.0,4,500.0,400.0
single_double_helix,16,200.0,4,500.0,400.0
dual_single_helix,16,200.0,4,600.0,400.0
single_double_helix,16,200.0,4,600.0,400.0
dual_single_helix,16,200.0,4,500.0,400.0
single_double_helix,16,200.0,4,500.0,400.0
dual_single_helix,16,200.0,4,600.0,400.0
single_double_helix,16,200.0,4,600.0,400.0
dual_single_helix,16,200.0,4,500.0,400.0
single_double_helix,16,200.0,4,500.0,400.0
dual_single_helix,16,200.0,4,600.0,400.0
single_double_helix,16,200.0,4,600.0,400.0
dual_single_helix,16,200.0,4,500.0,400.0
single_double_helix,16,200.0,4,500.0,400.0
dual_single_helix,16,200.0,4,600.0,400.0
single_double_helix,16,200.0,4,600.0,400.0
dual_single_helix,16,200.0,4,500.0,400.0
single_double_helix,16,200.0,4,500.0,400.0
dual_single_helix,16,200.0,4,600.0,400.0
single_double_helix,16,200.0,4,600.0,400.0
dual_single_helix,16,200.0,4,500.0,400.0
single_double_helix,16,200.0,4,500.0,400.0
dual_single_helix,16,200.0,4,600.0,400.0
single_double_helix,16,200.0,4,600.0,400.0
dual_single_helix,16,200.0,4,500.0,400.0
single_double_helix,16,200.0,4,500.0,400.0
dual_single_helix,16,200.0,4,600.0,400.0
single_double_helix,16,200.0,4,600.0,400.0
dual_single_helix,16,200.0,4,500.0,400.0
single_double_helix,16,200.0,4,500.0,400.0
dual_single_helix,16,200.0,4,600.0,400.0
single_double_helix,16,200.0,4,600.0,400.0
dual_single_helix,16,200.0,4,500.0,400.0
single_double_helix,16,200.0,4,500.0,400.0
dual_single_helix,16,200.0,4,600.0,400.0
single_double_helix,16,200.0,4,600.0,400.0
dual_single_helix,16,200.0,4,500.0,400.0
single_double_helix,16,200.0,4,500.0,400.0
dual_single_helix,16,200.0,4,600.0,400.0
single_double_helix,16,200.0,4,600.0,400.0
dual_single_helix,16,200.0,4,500.0,400.0
single_double_helix,16,200.0,4,500.0,400.0
dual_single_helix,16,200.0,4,600.0,400.0
single_double_helix,16,200.0,4,600.0,400.0
dual_single_helix,16,200.0,4,500.0,400.0
single_double_helix,16,200.0,4,500.0,400.0
dual_single_helix,16,200.0,4,600.0,400.0
single_double_helix,16,200.0,4,600.0,400.0
dual_single_helix,16,200.0,4,500.0,400.0
single_double_helix,16,200.0,4,500.0,400.0
dual_single_helix,16,200.0,4,600.0,400.0
single_double_helix,16,200.0,4,600.0,400.0
dual_single_helix,16,200.0,4,500.0,400.0
single_double_helix,16,200.0,4,500.0,400.0
dual_single_helix,16,200.0,4,600.0,400.0
single_double_helix,16,200.0,4,600.0,400.0
dual_single_helix,16,200.0,4,500.0,400.0
single_double_helix,16,200.0,4,500.0,400.0
dual_single_helix,16,200.0,4,600.0,400.0
single_double_helix,16,200.0,4,600.0,400.0
dual_single_helix,16,200.0,4,500.0,400.0
single_double_helix,16,200.0,4,500.0,400.0
dual_single_helix,16,200.0,4,600.0,400.0
single_double_helix,16,200.0,4,600.0,400.0
dual_single_helix,16,200.0,4,500.0,400.0
single_double_helix,16,200.0,4,500.0,400.0
dual_single_helix,16,200.0,4,600.0,400.0
single_double_helix,16,200.0,4,600.0,400.0
dual_single_helix,16,200.0,4,500.0,400.0
single_double_helix,16,200.0,4,500.0,400.0
dual_single_helix,16,500.0,0,500.0,400.0
single_double_helix,16,500.0,0,500.0,400.0
dual_single_helix,16,500.0,0,600.0,400.0
single_double_helix,16,500.0,0,600.0,400.0
dual_single_helix,16,500.0,0,500.0,400.0
single_double_helix,16,500.0,0,500.0,400.0
dual_single_helix,16,500.0,0,600.0,400.0
single_double_helix,16,500.0,0,600.0,400.0
dual_single_helix,16,500.0,0,500.0,400.0
single_double_helix,16,500.0,0,500.0,400.0
dual_single_helix,16,500.0,0,600.0,400.0
single_double_helix,16,500.0,0,600.0,400.0
dual_single_helix,16,500.0,0,500.0,400.0
single_double_helix,16,500.0,0,500.0,400.0
dual_single_helix,16,500.0,0,600.0,400.0
single_double_helix,16,500.0,0,600.0,400.0
dual_single_helix,16,500.0,0,500.0,400.0
single_double_helix,16,500.0,0,500.0,400.0
dual_single_helix,16,500.0,0,600.0,400.0
single_double_helix,16,500.0,0,600.0,400.0
dual_single_helix,16,500.0,0,500.0,400.0
single_double_helix,16,500.0,0,500.0,400.0
dual_single_helix,16,500.0,0,600.0,400.0
single_double_helix,16,500.0,0,600.0,400.0
dual_single_helix,16,500.0,0,500.0,400.0
single_double_helix,16,500.0,0,500.0,400.0
dual_single_helix,16,500.0,0,600.0,400.0
single_double_helix,16,500.0,0,600.0,400.0
dual_single_helix,16,500.0,0,500.0,400.0
single_double_helix,16,500.0,0,500.0,400.0
dual_single_helix,16,500.0,0,600.0,400.0
single_double_helix,16,500.0,0,600.0,400.0
dual_single_helix,16,500.0,0,500.0,400.0
single_double_helix,16,500.0,0,500.0,400.0
dual_single_helix,16,500.0,0,600.0,400.0
single_double_helix,16,500.0,0,600.0,400.0
dual_single_helix,16,500.0,0,500.0,400.0
single_double_helix,16,500.0,0,500.0,400.0
dual_single_helix,16,500.0,0,600.0,400.0
single_double_helix,16,500.0,0,600.0,400.0
dual_single_helix,16,500.0,0,500.0,400.0
single_double_helix,16,500.0,0,500.0,400.0
dual_single_helix,16,500.0,0,600.0,400.0
single_double_helix,16,500.0,0,600.0,400.0
dual_single_helix,16,500.0,0,500.0,400.0
single_double_helix,16,500.0,0,500.0,400.0
dual_single_helix,16,500.0,0,600.0,400.0
single_double_helix,16,500.0,0,600.0,400.0
dual_single_helix,16,500.0,0,500.0,400.0
single_double_helix,16,500.0,0,500.0,400.0
dual_single_helix,16,500.0,0,600.0,400.0
single_double_helix,16,500.0,0,600.0,400.0
dual_single_helix,16,500.0,0,500.0,400.0
single_double_helix,16,500.0,0,500.0,400.0
dual_single_helix,16,500.0,0,600.0,400.0
single_double_helix,16,500.0,0,600.0,400.0
dual_single_helix,16,500.0,0,500.0,400.0
single_double_helix,16,500.0,0,500.0,400.0
dual_single_helix,16,500.0,0,600.0,400.0
single_double_helix,16,500.0,0,600.0,400.0
dual_single_helix,16,500.0,0,500.0,400.0
single_double_helix,16,500.0,0,500.0,400.0
dual_single_helix,16,500.0,0,600.0,400.0
single_double_helix,16,500.0,0,600.0,400.0
dual_single_helix,16,500.0,0,500.0,400.0
single_double_helix,16,500.0,0,500.0,400.0
dual_single_helix,16,500.0,0,600.0,400.0
single_double_helix,16,500.0,0,600.0,400.0
dual_single_helix,16,500.0,0,500.0,400.0
single_double_helix,16,500.0,0,500.0,400.0
dual_single_helix,16,500.0,0,600.0,400.0
single_double_helix,16,500.0,0,600.0,400.0
dual_single_helix,16,500.0,0,500.0,400.0
single_double_helix,16,500.0,0,500.0,400.0
dual_single_helix,16,500.0,0,600.0,400.0
single_double_helix,16,500.0,0,600.0,400.0
dual_single_helix,16,500.0,0,500.0,400.0
single_double_helix,16,500.0,0,500.0,400.0
dual_single_helix,16,500.0,0,600.0,400.0
single_double_helix,16,500.0,0,600.0,400.0
dual_single_helix,16,500.0,0,500.0,400.0
single_double_helix,16,500.0,0,500.0,400.0
dual_single_helix,16,500.0,0,600.0,400.0
single_double_helix,16,500.0,0,600.0,400.0
dual_single_helix,16,500.0,0,500.0,400.0
single_double_helix,16,500.0,0,500.0,400.0
dual_single_helix,16,500.0,0,600.0,400.0
single_double_helix,16,500.0,0,600.0,400.0
dual_single_helix,16,500.0,0,500.0,400.0
single_double_helix,16,500.0,0,500.0,400.0
dual_single_helix,16,500.0,0,600.0,400.0
single_double_helix,16,500.0,0,600.0,400.0
dual_single_helix,16,500.0,0,500.0,400.0
single_double_helix,16,500.0,0,500.0,400.0
dual_single_helix,16,500.0,0,600.0,400.0
single_double_helix,16,500.0,0,600.0,400.0
dual_single_helix,16,500.0,0,500.0,400.0
single_double_helix,16,500.0,0,500.0,400.0
dual_single_helix,16,500.0,0,600.0,400.0
single_double_helix,16,500.0,0,600.0,400.0
dual_single_helix,16,500.0,0,500.0,400.0
single_double_helix,16,500.0,0,500.0,400.0
dual_single_helix,16,500.0,0,600.0,400.0
single_double_helix,16,500.0,0,600.0,400.0
dual_single_helix,16,500.0,0,500.0,400.0
single_double_helix,16,500.0,0,500.0,400.0
dual_single_helix,16,500.0,0,600.0,400.0
single_double_helix,16,500.0,0,600.0,400.0
dual_single_helix,16,500.0,0,500.0,400.0
single_double_helix,16,500.0,0,500.0,400.0
dual_single_helix,16,500.0,0,600.0,400.0
single_double_helix,16,500.0,0,600.0,400.0
dual_single_helix,16,500.0,0,500.0,400.0
single_double_helix,16,500.0,0,500.0,400.0
dual_single_helix,16,500.0,0,600.0,400.0
single_double_helix,16,500.0,0,600.0,400.0
dual_single_helix,16,500.0,0,500.0,400.0
single_double_helix,16,500.0,0,500.0,400.0
dual_single_helix,16,500.0,0,600.0,400.0
single_double_helix,16,500.0,0,600.0,400.0
dual_single_helix,16,500.0,0,500.0,400.0
single_double_helix,16,500.0,0,500.0,400.0
dual_single_helix,16,500.0,0,600.0,400.0
single_double_helix,16,500.0,0,600.0,400.0
dual_single_helix,16,500.0,0,500.0,400.0
single_double_helix,16,500.0,0,500.0,400.0
dual_single_helix,16,500.0,0,600.0,400.0
single_double_helix,16,500.0,0,600.0,400.0
dual_single_helix,16,500.0,0,500.0,400.0
single_double_helix,16,500.0,0,500.0,400.0
dual_single_helix,16,500.0,0,600.0,400.0
single_double_helix,16,500.0,0,600.0,400.0
dual_single_helix,16,500.0,0,500.0,400.0
single_double_helix,16,500.0,0,500.0,400.0
dual_single_helix,16,500.0,0,600.0,400.0
single_double_helix,16,500.0,0,600.0,400.0
dual_single_helix,16,500.0,0,500.0,400.0
single_double_helix,16,500.0,0,500.0,400.0
dual_single_helix,16,500.0,0,600.0,400.0
single_double_helix,16,500.0,0,600.0,400.0
dual_single_helix,16,500.0,0,500.0,400.0
single_double_helix,16,500.0,0,500.0,400.0
dual_single_helix,16,500.0,0,600.0,400.0
single_double_helix,16,500.0,0,600.0,400.0
dual_single_helix,16,500.0,0,500.0,400.0
single_double_helix,16,500.0,0,500.0,400.0
dual_single_helix,16,500.0,0,600.0,400.0
single_double_helix,16,500.0,0,600.0,400.0
dual_single_helix,16,500.0,0,500.0,400.0
single_double_helix,16,500.0,0,500.0,400.0
dual_single_helix,16,500.0,0,600.0,400.0
single_double_helix,16,500.0,0,600.0,400.0
dual_single_helix,16,500.0,0,500.0,400.0
single_double_helix,16,500.0,0,500.0,400.0
dual_single_helix,16,500.0,0,600.0,400.0
single_double_helix,16,500.0,0,600.0,400.0
dual_single_helix,16,500.0,0,500.0,400.0
single_double_helix,16,500.0,0,500.0,400.0
dual_single_helix,16,500.0,0,600.0,400.0
single_double_helix,16,500.0,0,600.0,400.0
dual_single_helix,16,500.0,0,500.0,400.0
single_double_helix,16,500.0,0,500.0,400.0
dual_single_helix,16,500.0,1,500.0,400.0
single_double_helix,16,500.0,1,500.0,400.0
dual_single_helix,16,500.0,1,600.0,400.0
single_double_helix,16,500.0,1,600.0,400.0
dual_single_helix,16,500.0,1,500.0,400.0
single_double_helix,16,500.0,1,500.0,400.0
dual_single_helix,16,500.0,1,600.0,400.0
single_double_helix,16,500.0,1,600.0,400.0
dual_single_helix,16,500.0,1,500.0,400.0
single_double_helix,16,500.0,1,500.0,400.0
dual_single_helix,16,500.0,1,600.0,400.0
single_double_helix,16,500.0,1,600.0,400.0
dual_single_helix,16,500.0,1,500.0,400.0
single_double_helix,16,500.0,1,500.0,400.0
dual_single_helix,16,500.0,1,600.0,400.0
single_double_helix,16,500.0,1,600.0,400.0
dual_single_helix,16,500.0,1,500.0,400.0
single_double_helix,16,500.0,1,500.0,400.0
dual_single_helix,16,500.0,1,600.0,400.0
single_double_helix,16,500.0,1,600.0,400.0
dual_single_helix,16,500.0,1,500.0,400.0
single_double_helix,16,500.0,1,500.0,400.0
dual_single_helix,16,500.0,1,600.0,400.0
single_double_helix,16,500.0,1,600.0,400.0
dual_single_helix,16,500.0,1,500.0,400.0
single_double_helix,16,500.0,1,500.0,400.0
dual_single_helix,16,500.0,1,600.0,400.0
single_double_helix,16,500.0,1,600.0,400.0
dual_single_helix,16,500.0,1,500.0,400.0
single_double_helix,16,500.0,1,500.0,400.0
dual_single_helix,16,500.0,1,600.0,400.0
single_double_helix,16,500.0,1,600.0,400.0
dual_single_helix,16,500.0,1,500.0,400.0
single_double_helix,16,500.0,1,500.0,400.0
dual_single_helix,16,500.0,1,600.0,400.0
single_double_helix,16,500.0,1,600.0,400.0
dual_single_helix,16,500.0,1,500.0,400.0
single_double_helix,16,500.0,1,500.0,400.0
dual_single_helix,16,500.0,1,600.0,400.0
single_double_helix,16,500.0,1,600.0,400.0
dual_single_helix,16,500.0,1,500.0,400.0
single_double_helix,16,500.0,1,500.0,400.0
dual_single_helix,16,500.0,1,600.0,400.0
single_double_helix,16,500.0,1,600.0,400.0
dual_single_helix,16,500.0,1,500.0,400.0
single_double_helix,16,500.0,1,500.0,400.0
dual_single_helix,16,500.0,1,600.0,400.0
single_double_helix,16,500.0,1,600.0,400.0
dual_single_helix,16,500.0,1,500.0,400.0
single_double_helix,16,500.0,1,500.0,400.0
dual_single_helix,16,500.0,1,600.0,400.0
single_double_helix,16,500.0,1,600.0,400.0
dual_single_helix,16,500.0,1,500.0,400.0
single_double_helix,16,500.0,1,500.0,400.0
dual_single_helix,16,500.0,1,600.0,400.0
single_double_helix,16,500.0,1,600.0,400.0
dual_single_helix,16,500.0,1,500.0,400.0
single_double_helix,16,500.0,1,500.0,400.0
dual_single_helix,16,500.0,1,600.0,400.0
single_double_helix,16,500.0,1,600.0,400.0
dual_single_helix,16,500.0,1,500.0,400.0
single_double_helix,16,500.0,1,500.0,400.0
dual_single_helix,16,500.0,1,600.0,400.0
single_double_helix,16,500.0,1,600.0,400.0
dual_single_helix,16,500.0,1,500.0,400.0
single_double_helix,16,500.0,1,500.0,400.0
dual_single_helix,16,500.0,1,600.0,400.0
single_double_helix,16,500.0,1,600.0,400.0
dual_single_helix,16,500.0,1,500.0,400.0
single_double_helix,16,500.0,1,500.0,400.0
dual_single_helix,16,500.0,1,600.0,400.0
single_double_helix,16,500.0,1,600.0,400.0
dual_single_helix,16,500.0,1,500.0,400.0
single_double_helix,16,500.0,1,500.0,400.0
dual_single_helix,16,500.0,1,600.0,400.0
single_double_helix,16,500.0,1,600.0,400.0
dual_single_helix,16,500.0,1,500.0,400.0
single_double_helix,16,500.0,1,500.0,400.0
dual_single_helix,16,500.0,1,600.0,400.0
single_double_helix,16,500.0,1,600.0,400.0
dual_single_helix,16,500.0,1,500.0,400.0
single_double_helix,16,500.0,1,500.0,400.0
dual_single_helix,16,500.0,1,600.0,400.0
single_double_helix,16,500.0,1,600.0,400.0
dual_single_helix,16,500.0,1,500.0,400.0
single_double_helix,16,500.0,1,500.0,400.0
dual_single_helix,16,500.0,1,600.0,400.0
single_double_helix,16,500.0,1,600.0,400.0
dual_single_helix,16,500.0,1,500.0,400.0
single_double_helix,16,500.0,1,500.0,400.0
dual_single_helix,16,500.0,1,600.0,400.0
single_double_helix,16,500.0,1,600.0,400.0
dual_single_helix,16,500.0,1,500.0,400.0
single_double_helix,16,500.0,1,500.0,400.0
dual_single_helix,16,500.0,1,600.0,400.0
single_double_helix,16,500.0,1,600.0,400.0
dual_single_helix,16,500.0,1,500.0,400.0
single_double_helix,16,500.0,1,500.0,400.0
dual_single_helix,16,500.0,1,600.0,400.0
single_double_helix,16,500.0,1,600.0,400.0
dual_single_helix,16,500.0,1,500.0,400.0
single_double_helix,16,500.0,1,500.0,400.0
dual_single_helix,16,500.0,1,600.0,400.0
single_double_helix,16,500.0,1,600.0,400.0
dual_single_helix,16,500.0,1,500.0,400.0
single_double_helix,16,500.0,1,500.0,400.0
dual_single_helix,16,500.0,1,600.0,400.0
single_double_helix,16,500.0,1,600.0,400.0
dual_single_helix,16,500.0,1,500.0,400.0
single_double_helix,16,500.0,1,500.0,400.0
dual_single_helix,16,500.0,1,600.0,400.0
single_double_helix,16,500.0,1,600.0,400.0
dual_single_helix,16,500.0,1,500.0,400.0
single_double_helix,16,500.0,1,500.0,400.0
dual_single_helix,16,500.0,1,600.0,400.0
single_double_helix,16,500.0,1,600.0,400.0
dual_single_helix,16,500.0,1,500.0,400.0
single_double_helix,16,500.0,1,500.0,400.0
dual_single_helix,16,500.0,1,600.0,400.0
single_double_helix,16,500.0,1,600.0,400.0
dual_single_helix,16,500.0,1,500.0,400.0
single_double_helix,16,500.0,1,500.0,400.0
dual_single_helix,16,500.0,1,600.0,400.0
single_double_helix,16,500.0,1,600.0,400.0
dual_single_helix,16,500.0,1,500.0,400.0
single_double_helix,16,500.0,1,500.0,400.0
dual_single_helix,16,500.0,1,600.0,400.0
single_double_helix,16,500.0,1,600.0,400.0
dual_single_helix,16,500.0,1,500.0,400.0
single_double_helix,16,500.0,1,500.0,400.0
dual_single_helix,16,500.0,1,600.0,400.0
single_double_helix,16,500.0,1,600.0,400.0
dual_single_helix,16,500.0,1,500.0,400.0
single_double_helix,16,500.0,1,500.0,400.0
dual_single_helix,16,500.0,1,600.0,400.0
single_double_helix,16,500.0,1,600.0,400.0
dual_single_helix,16,500.0,1,500.0,400.0
single_double_helix,16,500.0,1,500.0,400.0
dual_single_helix,16,500.0,1,600.0,400.0
single_double_helix,16,500.0,1,600.0,400.0
dual_single_helix,16,500.0,1,500.0,400.0
single_double_helix,16,500.0,1,500.0,400.0
dual_single_helix,16,500.0,1,600.0,400.0
single_double_helix,16,500.0,1,600.0,400.0
dual_single_helix,16,500.0,1,500.0,400.0
single_double_helix,16,500.0,1,500.0,400.0
dual_single_helix,16,500.0,1,600.0,400.0
single_double_helix,16,500.0,1,600.0,400.0
dual_single_helix,16,500.0,1,500.0,400.0
single_double_helix,16,500.0,1,500.0,400.0
dual_single_helix,16,500.0,1,600.0,400.0
single_double_helix,16,500.0,1,600.0,400.0
dual_single_helix,16,500.0,1,500.0,400.0
single_double_helix,16,500.0,1,500.0,400.0
dual_single_helix,16,500.0,1,600.0,400.0
single_double_helix,16,500.0,1,600.0,400.0
dual_single_helix,16,500.0,1,500.0,400.0
single_double_helix,16,500.0,1,500.0,400.0
dual_single_helix,16,500.0,1,600.0,400.0
single_double_helix,16,500.0,1,600.0,400.0
dual_single_helix,16,500.0,1,500.0,400.0
single_double_helix,16,500.0,1,500.0,400.0
dual_single_helix,16,500.0,2,500.0,400.0
single_double_helix,16,500.0,2,500.0,400.0
dual_single_helix,16,500.0,2,600.0,400.0
single_double_helix,16,500.0,2,600.0,400.0
dual_single_helix,16,500.0,2,500.0,400.0
single_double_helix,16,500.0,2,500.0,400.0
dual_single_helix,16,500.0,2,600.0,400.0
single_double_helix,16,500.0,2,600.0,400.0
dual_single_helix,16,500.0,2,500.0,400.0
single_double_helix,16,500.0,2,500.0,400.0
dual_single_helix,16,500.0,2,600.0,400.0
single_double_helix,16,500.0,2,600.0,400.0
dual_single_helix,16,500.0,2,500.0,400.0
single_double_helix,16,500.0,2,500.0,400.0
dual_single_helix,16,500.0,2,600.0,400.0
single_double_helix,16,500.0,2,600.0,400.0
dual_single_helix,16,500.0,2,500.0,400.0
single_double_helix,16,500.0,2,500.0,400.0
dual_single_helix,16,500.0,2,600.0,400.0
single_double_helix,16,500.0,2,600.0,400.0
dual_single_helix,16,500.0,2,500.0,400.0
single_double_helix,16,500.0,2,500.0,400.0
dual_single_helix,16,500.0,2,600.0,400.0
single_double_helix,16,500.0,2,600.0,400.0
dual_single_helix,16,500.0,2,500.0,400.0
single_double_helix,16,500.0,2,500.0,400.0
dual_single_helix,16,500.0,2,600.0,400.0
single_double_helix,16,500.0,2,600.0,400.0
dual_single_helix,16,500.0,2,500.0,400.0
single_double_helix,16,500.0,2,500.0,400.0
dual_single_helix,16,500.0,2,600.0,400.0
single_double_helix,16,500.0,2,600.0,400.0
dual_single_helix,16,500.0,2,500.0,400.0
single_double_helix,16,500.0,2,500.0,400.0
dual_single_helix,16,500.0,2,600.0,400.0
single_double_helix,16,500.0,2,600.0,400.0
dual_single_helix,16,500.0,2,500.0,400.0
single_double_helix,16,500.0,2,500.0,400.0
dual_single_helix,16,500.0,2,600.0,400.0
single_double_helix,16,500.0,2,600.0,400.0
dual_single_helix,16,500.0,2,500.0,400.0
single_double_helix,16,500.0,2,500.0,400.0
dual_single_helix,16,500.0,2,600.0,400.0
single_double_helix,16,500.0,2,600.0,400.0
dual_single_helix,16,500.0,2,500.0,400.0
single_double_helix,16,500.0,2,500.0,400.0
dual_single_helix,16,500.0,2,600.0,400.0
single_double_helix,16,500.0,2,600.0,400.0
dual_single_helix,16,500.0,2,500.0,400.0
single_double_helix,16,500.0,2,500.0,400.0
dual_single_helix,16,500.0,2,600.0,400.0
single_double_helix,16,500.0,2,600.0,400.0
dual_single_helix,16,500.0,2,500.0,400.0
single_double_helix,16,500.0,2,500.0,400.0
dual_single_helix,16,500.0,2,600.0,400.0
single_double_helix,16,500.0,2,600.0,400.0
dual_single_helix,16,500.0,2,500.0,400.0
single_double_helix,16,500.0,2,500.0,400.0
dual_single_helix,16,500.0,2,600.0,400.0
single_double_helix,16,500.0,2,600.0,400.0
dual_single_helix,16,500.0,2,500.0,400.0
single_double_helix,16,500.0,2,500.0,400.0
dual_single_helix,16,500.0,2,600.0,400.0
single_double_helix,16,500.0,2,600.0,400.0
dual_single_helix,16,500.0,2,500.0,400.0
single_double_helix,16,500.0,2,500.0,400.0
dual_single_helix,16,500.0,2,600.0,400.0
single_double_helix,16,500.0,2,600.0,400.0
dual_single_helix,16,500.0,2,500.0,400.0
single_double_helix,16,500.0,2,500.0,400.0
dual_single_helix,16,500.0,2,600.0,400.0
single_double_helix,16,500.0,2,600.0,400.0
dual_single_helix,16,500.0,2,500.0,400.0
single_double_helix,16,500.0,2,500.0,400.0
dual_single_helix,16,500.0,2,600.0,400.0
single_double_helix,16,500.0,2,600.0,400.0
dual_single_helix,16,500.0,2,500.0,400.0
single_double_helix,16,500.0,2,500.0,400.0
dual_single_helix,16,500.0,2,600.0,400.0
single_double_helix,16,500.0,2,600.0,400.0
dual_single_helix,16,500.0,2,500.0,400.0
single_double_helix,16,500.0,2,500.0,400.0
dual_single_helix,16,500.0,2,600.0,400.0
single_double_helix,16,500.0,2,600.0,400.0
dual_single_helix,16,500.0,2,500.0,400.0
single_double_helix,16,500.0,2,500.0,400.0
dual_single_helix,16,500.0,2,600.0,400.0
single_double_helix,16,500.0,2,600.0,400.0
dual_single_helix,16,500.0,2,500.0,400.0
single_double_helix,16,500.0,2,500.0,400.0
dual_single_helix,16,500.0,2,600.0,400.0
single_double_helix,16,500.0,2,600.0,400.0
dual_single_helix,16,500.0,2,500.0,400.0
single_double_helix,16,500.0,2,500.0,400.0
dual_single_helix,16,500.0,2,600.0,400.0
single_double_helix,16,500.0,2,600.0,400.0
dual_single_helix,16,500.0,2,500.0,400.0
single_double_helix,16,500.0,2,500.0,400.0
dual_single_helix,16,500.0,2,600.0,400.0
single_double_helix,16,500.0,2,600.0,400.0
dual_single_helix,16,500.0,2,500.0,400.0
single_double_helix,16,500.0,2,500.0,400.0
dual_single_helix,16,500.0,2,600.0,400.0
single_double_helix,16,500.0,2,600.0,400.0
dual_single_helix,16,500.0,2,500.0,400.0
single_double_helix,16,500.0,2,500.0,400.0
dual_single_helix,16,500.0,2,600.0,400.0
single_double_helix,16,500.0,2,600.0,400.0
dual_single_helix,16,500.0,2,500.0,400.0
single_double_helix,16,500.0,2,500.0,400.0
dual_single_helix,16,500.0,2,600.0,400.0
single_double_helix,16,500.0,2,600.0,400.0
dual_single_helix,16,500.0,2,500.0,400.0
single_double_helix,16,500.0,2,500.0,400.0
dual_single_helix,16,500.0,2,600.0,400.0
single_double_helix,16,500.0,2,600.0,400.0
dual_single_helix,16,500.0,2,500.0,400.0
single_double_helix,16,500.0,2,500.0,400.0
dual_single_helix,16,500.0,2,600.0,400.0
single_double_helix,16,500.0,2,600.0,400.0
dual_single_helix,16,500.0,2,500.0,400.0
single_double_helix,16,500.0,2,500.0,400.0
dual_single_helix,16,500.0,2,600.0,400.0
single_double_helix,16,500.0,2,600.0,400.0
dual_single_helix,16,500.0,2,500.0,400.0
single_double_helix,16,500.0,2,500.0,400.0
dual_single_helix,16,500.0,2,600.0,400.0
single_double_helix,16,500.0,2,600.0,400.0
dual_single_helix,16,500.0,2,500.0,400.0
single_double_helix,16,500.0,2,500.0,400.0
dual_single_helix,16,500.0,2,600.0,400.0
single_double_helix,16,500.0,2,600.0,400.0
dual_single_helix,16,500.0,2,500.0,400.0
single_double_helix,16,500.0,2,500.0,400.0
dual_single_helix,16,500.0,2,600.0,400.0
single_double_helix,16,500.0,2,600.0,400.0
dual_single_helix,16,500.0,2,500.0,400.0
single_double_helix,16,500.0,2,500.0,400.0
dual_single_helix,16,500.0,2,600.0,400.0
single_double_helix,16,500.0,2,600.0,400.0
dual_single_helix,16,500.0,2,500.0,400.0
single_double_helix,16,500.0,2,500.0,400.0
dual_single_helix,16,500.0,2,600.0,400.0
single_double_helix,16,500.0,2,600.0,400.0
dual_single_helix,16,500.0,2,500.0,400.0
single_double_helix,16,500.0,2,500.0,400.0
dual_single_helix,16,500.0,2,600.0,400.0
single_double_helix,16,500.0,2,600.0,400.0
dual_single_helix,16,500.0,2,500.0,400.0
single_double_helix,16,500.0,2,500.0,400.0
dual_single_helix,16,500.0,2,600.0,400.0
single_double_helix,16,500.0,2,600.0,400.0
dual_single_helix,16,500.0,2,500.0,400.0
single_double_helix,16,500.0,2,500.0,400.0
dual_single_helix,16,500.0,2,600.0,400.0
single_double_helix,16,500.0,2,600.0,400.0
dual_single_helix,16,500.0,2,500.0,400.0
single_double_helix,16,500.0,2,500.0,400.0
dual_single_helix,16,500.0,2,600.0,400.0
single_double_helix,16,500.0,2,600.0,400.0
dual_single_helix,16,500.0,2,500.0,400.0
single_double_helix,16,500.0,2,500.0,400.0
dual_single_helix,16,500.0,3,500.0,400.0
single_double_helix,16,500.0,3,500.0,400.0
dual_single_helix,16,500.0,3,600.0,400.0
single_double_helix,16,500.0,3,600.0,400.0
dual_single_helix,16,500.0,3,500.0,400.0
single_double_helix,16,500.0,3,500.0,400.0
dual_single_helix,16,500.0,3,600.0,400.0
single_double_helix,16,500.0,3,600.0,400.0
dual_single_helix,16,500.0,3,500.0,400.0
single_double_helix,16,500.0,3,500.0,400.0
dual_single_helix,16,500.0,3,600.0,400.0
single_double_helix,16,500.0,3,600.0,400.0
dual_single_helix,16,500.0,3,500.0,400.0
single_double_helix,16,500.0,3,500.0,400.0
dual_single_helix,16,500.0,3,600.0,400.0
single_double_helix,16,500.0,3,600.0,400.0
dual_single_helix,16,500.0,3,500.0,400.0
single_double_helix,16,500.0,3,500.0,400.0
dual_single_helix,16,500.0,3,600.0,400.0
single_double_helix,16,500.0,3,600.0,400.0
dual_single_helix,16,500.0,3,500.0,400.0
single_double_helix,16,500.0,3,500.0,400.0
dual_single_helix,16,500.0,3,600.0,400.0
single_double_helix,16,500.0,3,600.0,400.0
dual_single_helix,16,500.0,3,500.0,400.0
single_double_helix,16,500.0,3,500.0,400.0
dual_single_helix,16,500.0,3,600.0,400.0
single_double_helix,16,500.0,3,600.0,400.0
dual_single_helix,16,500.0,3,500.0,400.0
single_double_helix,16,500.0,3,500.0,400.0
dual_single_helix,16,500.0,3,600.0,400.0
single_double_helix,16,500.0,3,600.0,400.0
dual_single_helix,16,500.0,3,500.0,400.0
single_double_helix,16,500.0,3,500.0,400.0
dual_single_helix,16,500.0,3,600.0,400.0
single_double_helix,16,500.0,3,600.0,400.0
dual_single_helix,16,500.0,3,500.0,400.0
single_double_helix,16,500.0,3,500.0,400.0
dual_single_helix,16,500.0,3,600.0,400.0
single_double_helix,16,500.0,3,600.0,400.0
dual_single_helix,16,500.0,3,500.0,400.0
single_double_helix,16,500.0,3,500.0,400.0
dual_single_helix,16,500.0,3,600.0,400.0
single_double_helix,16,500.0,3,600.0,400.0
dual_single_helix,16,500.0,3,500.0,400.0
single_double_helix,16,500.0,3,500.0,400.0
dual_single_helix,16,500.0,3,600.0,400.0
single_double_helix,16,500.0,3,600.0,400.0
dual_single_helix,16,500.0,3,500.0,400.0
single_double_helix,16,500.0,3,500.0,400.0
dual_single_helix,16,500.0,3,600.0,400.0
single_double_helix,16,500.0,3,600.0,400.0
dual_single_helix,16,500.0,3,500.0,400.0
single_double_helix,16,500.0,3,500.0,400.0
dual_single_helix,16,500.0,3,600.0,400.0
single_double_helix,16,500.0,3,600.0,400.0
dual_single_helix,16,500.0,3,500.0,400.0
single_double_helix,16,500.0,3,500.0,400.0
dual_single_helix,16,500.0,3,600.0,400.0
single_double_helix,16,500.0,3,600.0,400.0
dual_single_helix,16,500.0,3,500.0,400.0
single_double_helix,16,500.0,3,500.0,400.0
dual_single_helix,16,500.0,3,600.0,400.0
single_double_helix,16,500.0,3,600.0,400.0
dual_single_helix,16,500.0,3,500.0,400.0
single_double_helix,16,500.0,3,500.0,400.0
dual_single_helix,16,500.0,3,600.0,400.0
single_double_helix,16,500.0,3,600.0,400.0
dual_single_helix,16,500.0,3,500.0,400.0
single_double_helix,16,500.0,3,500.0,400.0
dual_single_helix,16,500.0,3,600.0,400.0
single_double_helix,16,500.0,3,600.0,400.0
dual_single_helix,16,500.0,3,500.0,400.0
single_double_helix,16,500.0,3,500.0,400.0
dual_single_helix,16,500.0,3,600.0,400.0
single_double_helix,16,500.0,3,600.0,400.0
dual_single_helix,16,500.0,3,500.0,400.0
single_double_helix,16,500.0,3,500.0,400.0
dual_single_helix,16,500.0,3,600.0,400.0
single_double_helix,16,500.0,3,600.0,400.0
dual_single_helix,16,500.0,3,500.0,400.0
single_double_helix,16,500.0,3,500.0,400.0
dual_single_helix,16,500.0,3,600.0,400.0
single_double_helix,16,500.0,3,600.0,400.0
dual_single_helix,16,500.0,3,500.0,400.0
single_double_helix,16,500.0,3,500.0,400.0
dual_single_helix,16,500.0,3,600.0,400.0
single_double_helix,16,500.0,3,600.0,400.0
dual_single_helix,16,500.0,3,500.0,400.0
single_double_helix,16,500.0,3,500.0,400.0
dual_single_helix,16,500.0,3,600.0,400.0
single_double_helix,16,500.0,3,600.0,400.0
dual_single_helix,16,500.0,3,500.0,400.0
single_double_helix,16,500.0,3,500.0,400.0
dual_single_helix,16,500.0,3,600.0,400.0
single_double_helix,16,500.0,3,600.0,400.0
dual_single_helix,16,500.0,3,500.0,400.0
single_double_helix,16,500.0,3,500.0,400.0
dual_single_helix,16,500.0,3,600.0,400.0
single_double_helix,16,500.0,3,600.0,400.0
dual_single_helix,16,500.0,3,500.0,400.0
single_double_helix,16,500.0,3,500.0,400.0
dual_single_helix,16,500.0,3,600.0,400.0
single_double_helix,16,500.0,3,600.0,400.0
dual_single_helix,16,500.0,3,500.0,400.0
single_double_helix,16,500.0,3,500.0,400.0
dual_single_helix,16,500.0,3,600.0,400.0
single_double_helix,16,500.0,3,600.0,400.0
dual_single_helix,16,500.0,3,500.0,400.0
single_double_helix,16,500.0,3,500.0,400.0
dual_single_helix,16,500.0,3,600.0,400.0
single_double_helix,16,500.0,3,600.0,400.0
dual_single_helix,16,500.0,3,500.0,400.0
single_double_helix,16,500.0,3,500.0,400.0
dual_single_helix,16,500.0,3,600.0,400.0
single_double_helix,16,500.0,3,600.0,400.0
dual_single_helix,16,500.0,3,500.0,400.0
single_double_helix,16,500.0,3,500.0,400.0
dual_single_helix,16,500.0,3,600.0,400.0
single_double_helix,16,500.0,3,600.0,400.0
dual_single_helix,16,500.0,3,500.0,400.0
single_double_helix,16,500.0,3,500.0,400.0
dual_single_helix,16,500.0,3,600.0,400.0
single_double_helix,16,500.0,3,600.0,400.0
dual_single_helix,16,500.0,3,500.0,400.0
single_double_helix,16,500.0,3,500.0,400.0
dual_single_helix,16,500.0,3,600.0,400.0
single_double_helix,16,500.0,3,600.0,400.0
dual_single_helix,16,500.0,3,500.0,400.0
single_double_helix,16,500.0,3,500.0,400.0
dual_single_helix,16,500.0,3,600.0,400.0
single_double_helix,16,500.0,3,600.0,400.0
dual_single_helix,16,500.0,3,500.0,400.0
single_double_helix,16,500.0,3,500.0,400.0
dual_single_helix,16,500.0,3,600.0,400.0
single_double_helix,16,500.0,3,600.0,400.0
dual_single_helix,16,500.0,3,500.0,400.0
single_double_helix,16,500.0,3,500.0,400.0
dual_single_helix,16,500.0,3,600.0,400.0
single_double_helix,16,500.0,3,600.0,400.0
dual_single_helix,16,500.0,3,500.0,400.0
single_double_helix,16,500.0,3,500.0,400.0
dual_single_helix,16,500.0,3,600.0,400.0
single_double_helix,16,500.0,3,600.0,400.0
dual_single_helix,16,500.0,3,500.0,400.0
single_double_helix,16,500.0,3,500.0,400.0
dual_single_helix,16,500.0,3,600.0,400.0
single_double_helix,16,500.0,3,600.0,400.0
dual_single_helix,16,500.0,3,500.0,400.0
single_double_helix,16,500.0,3,500.0,400.0
dual_single_helix,16,500.0,3,600.0,400.0
single_double_helix,16,500.0,3,600.0,400.0
dual_single_helix,16,500.0,3,500.0,400.0
single_double_helix,16,500.0,3,500.0,400.0
dual_single_helix,16,500.0,3,600.0,400.0
single_double_helix,16,500.0,3,600.0,400.0
dual_single_helix,16,500.0,3,500.0,400.0
single_double_helix,16,500.0,3,500.0,400.0
dual_single_helix,16,500.0,3,600.0,400.0
single_double_helix,16,500.0,3,600.0,400.0
dual_single_helix,16,500.0,3,500.0,400.0
single_double_helix,16,500.0,3,500.0,400.0
dual_single_helix,16,500.0,4,500.0,400.0
single_double_helix,16,500.0,4,500.0,400.0
dual_single_helix,16,500.0,4,600.0,400.0
single_double_helix,16,500.0,4,600.0,400.0
dual_single_helix,16,500.0,4,500.0,400.0
single_double_helix,16,500.0,4,500.0,400.0
dual_single_helix,16,500.0,4,600.0,400.0
single_double_helix,16,500.0,4,600.0,400.0
dual_single_helix,16,500.0,4,500.0,400.0
single_double_helix,16,500.0,4,500.0,400.0
dual_single_helix,16,500.0,4,600.0,400.0
single_double_helix,16,500.0,4,600.0,400.0
dual_single_helix,16,500.0,4,500.0,400.0
single_double_helix,16,500.0,4,500.0,400.0
dual_single_helix,16,500.0,4,600.0,400.0
single_double_helix,16,500.0,4,600.0,400.0
dual_single_helix,16,500.0,4,500.0,400.0
single_double_helix,16,500.0,4,500.0,400.0
dual_single_helix,16,500.0,4,600.0,400.0
single_double_helix,16,500.0,4,600.0,400.0
dual_single_helix,16,500.0,4,500.0,400.0
single_double_helix,16,500.0,4,500.0,400.0
dual_single_helix,16,500.0,4,600.0,400.0
single_double_helix,16,500.0,4,600.0,400.0
dual_single_helix,16,500.0,4,500.0,400.0
single_double_helix,16,500.0,4,500.0,400.0
dual_single_helix,16,500.0,4,600.0,400.0
single_double_helix,16,500.0,4,600.0,400.0
dual_single_helix,16,500.0,4,500.0,400.0
single_double_helix,16,500.0,4,500.0,400.0
dual_single_helix,16,500.0,4,600.0,400.0
single_double_helix,16,500.0,4,600.0,400.0
dual_single_helix,16,500.0,4,500.0,400.0
single_double_helix,16,500.0,4,500.0,400.0
dual_single_helix,16,500.0,4,600.0,400.0
single_double_helix,16,500.0,4,600.0,400.0
dual_single_helix,16,500.0,4,500.0,400.0
single_double_helix,16,500.0,4,500.0,400.0
dual_single_helix,16,500.0,4,600.0,400.0
single_double_helix,16,500.0,4,600.0,400.0
dual_single_helix,16,500.0,4,500.0,400.0
single_double_helix,16,500.0,4,500.0,400.0
dual_single_helix,16,500.0,4,600.0,400.0
single_double_helix,16,500.0,4,600.0,400.0
dual_single_helix,16,500.0,4,500.0,400.0
single_double_helix,16,500.0,4,500.0,400.0
dual_single_helix,16,500.0,4,600.0,400.0
single_double_helix,16,500.0,4,600.0,400.0
dual_single_helix,16,500.0,4,500.0,400.0
single_double_helix,16,500.0,4,500.0,400.0
dual_single_helix,16,500.0,4,600.0,400.0
single_double_helix,16,500.0,4,600.0,400.0
dual_single_helix,16,500.0,4,500.0,400.0
single_double_helix,16,500.0,4,500.0,400.0
dual_single_helix,16,500.0,4,600.0,400.0
single_double_helix,16,500.0,4,600.0,400.0
dual_single_helix,16,500.0,4,500.0,400.0
single_double_helix,16,500.0,4,500.0,400.0
dual_single_helix,16,500.0,4,600.0,400.0
single_double_helix,16,500.0,4,600.0,400.0
dual_single_helix,16,500.0,4,500.0,400.0
single_double_helix,16,500.0,4,500.0,400.0
dual_single_helix,16,500.0,4,600.0,400.0
single_double_helix,16,500.0,4,600.0,400.0
dual_single_helix,16,500.0,4,500.0,400.0
single_double_helix,16,500.0,4,500.0,400.0
dual_single_helix,16,500.0,4,600.0,400.0
single_double_helix,16,500.0,4,600.0,400.0
dual_single_helix,16,500.0,4,500.0,400.0
single_double_helix,16,500.0,4,500.0,400.0
dual_single_helix,16,500.0,4,600.0,400.0
single_double_helix,16,500.0,4,600.0,400.0
dual_single_helix,16,500.0,4,500.0,400.0
single_double_helix,16,500.0,4,500.0,400.0
dual_single_helix,16,500.0,4,600.0,400.0
single_double_helix,16,500.0,4,600.0,400.0
dual_single_helix,16,500.0,4,500.0,400.0
single_double_helix,16,500.0,4,500.0,400.0
dual_single_helix,16,500.0,4,600.0,400.0
single_double_helix,16,500.0,4,600.0,400.0
dual_single_helix,16,500.0,4,500.0,400.0
single_double_helix,16,500.0,4,500.0,400.0
dual_single_helix,16,500.0,4,600.0,400.0
single_double_helix,16,500.0,4,600.0,400.0
dual_single_helix,16,500.0,4,500.0,400.0
single_double_helix,16,500.0,4,500.0,400.0
dual_single_helix,16,500.0,4,600.0,400.0
single_double_helix,16,500.0,4,600.0,400.0
dual_single_helix,16,500.0,4,500.0,400.0
single_double_helix,16,500.0,4,500.0,400.0
dual_single_helix,16,500.0,4,600.0,400.0
single_double_helix,16,500.0,4,600.0,400.0
dual_single_helix,16,500.0,4,500.0,400.0
single_double_helix,16,500.0,4,500.0,400.0
dual_single_helix,16,500.0,4,600.0,400.0
single_double_helix,16,500.0,4,600.0,400.0
dual_single_helix,16,500.0,4,500.0,400.0
single_double_helix,16,500.0,4,500.0,400.0
dual_single_helix,16,500.0,4,600.0,400.0
single_double_helix,16,500.0,4,600.0,400.0
dual_single_helix,16,500.0,4,500.0,400.0
single_double_helix,16,500.0,4,500.0,400.0
dual_single_helix,16,500.0,4,600.0,400.0
single_double_helix,16,500.0,4,600.0,400.0
dual_single_helix,16,500.0,4,500.0,400.0
single_double_helix,16,500.0,4,500.0,400.0
dual_single_helix,16,500.0,4,600.0,400.0
single_double_helix,16,500.0,4,600.0,400.0
dual_single_helix,16,500.0,4,500.0,400.0
single_double_helix,16,500.0,4,500.0,400.0
dual_single_helix,16,500.0,4,600.0,400.0
single_double_helix,16,500.0,4,600.0,400.0
dual_single_helix,16,500.0,4,500.0,400.0
single_double_helix,16,500.0,4,500.0,400.0
dual_single_helix,16,500.0,4,600.0,400.0
single_double_helix,16,500.0,4,600.0,400.0
dual_single_helix,16,500.0,4,500.0,400.0
single_double_helix,16,500.0,4,500.0,400.0
dual_single_helix,16,500.0,4,600.0,400.0
single_double_helix,16,500.0,4,600.0,400.0
dual_single_helix,16,500.0,4,500.0,400.0
single_double_helix,16,500.0,4,500.0,400.0
dual_single_helix,16,500.0,4,600.0,400.0
single_double_helix,16,500.0,4,600.0,400.0
dual_single_helix,16,500.0,4,500.0,400.0
single_double_helix,16,500.0,4,500.0,400.0
dual_single_helix,16,500.0,4,600.0,400.0
single_double_helix,16,500.0,4,600.0,400.0
dual_single_helix,16,500.0,4,500.0,400.0
single_double_helix,16,500.0,4,500.0,400.0
dual_single_helix,16,500.0,4,600.0,400.0
single_double_helix,16,500.0,4,600.0,400.0
dual_single_helix,16,500.0,4,500.0,400.0
single_double_helix,16,500.0,4,500.0,400.0
dual_single_helix,16,500.0,4,600.0,400.0
single_double_helix,16,500.0,4,600.0,400.0
dual_single_helix,16,500.0,4,500.0,400.0
single_double_helix,16,500.0,4,500.0,400.0
dual_single_helix,16,500.0,4,600.0,400.0
single_double_helix,16,500.0,4,600.0,400.0
dual_single_helix,16,500.0,4,500.0,400.0
single_double_helix,16,500.0,4,500.0,400.0
dual_single_helix,16,500.0,4,600.0,400.0
single_double_helix,16,500.0,4,600.0,400.0
dual_single_helix,16,500.0,4,500.0,400.0
single_double_helix,16,500.0,4,500.0,400.0
dual_single_helix,16,500.0,4,600.0,400.0
single_double_helix,16,500.0,4,600.0,400.0
dual_single_helix,16,500.0,4,500.0,400.0
single_double_helix,16,500.0,4,500.0,400.0
dual_single_helix,16,500.0,4,600.0,400.0
single_double_helix,16,500.0,4,600.0,400.0
dual_single_helix,16,500.0,4,500.0,400.0
single_double_helix,16,500.0,4,500.0,400.0
dual_single_helix,16,500.0,4,600.0,400.0
single_double_helix,16,500.0,4,600.0,400.0
dual_single_helix,16,500.0,4,500.0,400.0
single_double_helix,16,500.0,4,500.0,400.0
dual_single_helix,16,500.0,4,600.0,400.0
single_double_helix,16,500.0,4,600.0,400.0
dual_single_helix,16,500.0,4,500.0,400.0
single_double_helix,16,500.0,4,500.0,400.0
dual_single_helix,16,1000.0,0,500.0,400.0
single_double_helix,16,1000.0,0,500.0,400.0
dual_single_helix,16,1000.0,0,600.0,400.0
single_double_helix,16,1000.0,0,600.0,400.0
dual_single_helix,16,1000.0,0,500.0,400.0
single_double_helix,16,1000.0,0,500.0,400.0
dual_single_helix,16,1000.0,0,600.0,400.0
single_double_helix,16,1000.0,0,600.0,400.0
dual_single_helix,16,1000.0,0,500.0,400.0
single_double_helix,16,1000.0,0,500.0,400.0
dual_single_helix,16,1000.0,0,600.0,400.0
single_double_helix,16,1000.0,0,600.0,400.0
dual_single_helix,16,1000.0,0,500.0,400.0
single_double_helix,16,1000.0,0,500.0,400.0
dual_single_helix,16,1000.0,0,600.0,400.0
single_double_helix,16,1000.0,0,600.0,400.0
dual_single_helix,16,1000.0,0,500.0,400.0
single_double_helix,16,1000.0,0,500.0,400.0
dual_single_helix,16,1000.0,0,600.0,400.0
single_double_helix,16,1000.0,0,600.0,400.0
dual_single_helix,16,1000.0,0,500.0,400.0
single_double_helix,16,1000.0,0,500.0,400.0
dual_single_helix,16,1000.0,0,600.0,400.0
single_double_helix,16,1000.0,0,600.0,400.0
dual_single_helix,16,1000.0,0,500.0,400.0
single_double_helix,16,1000.0,0,500.0,400.0
dual_single_helix,16,1000.0,0,600.0,400.0
single_double_helix,16,1000.0,0,600.0,400.0
dual_single_helix,16,1000.0,0,500.0,400.0
single_double_helix,16,1000.0,0,500.0,400.0
dual_single_helix,16,1000.0,0,600.0,400.0
single_double_helix,16,1000.0,0,600.0,400.0
dual_single_helix,16,1000.0,0,500.0,400.0
single_double_helix,16,1000.0,0,500.0,400.0
dual_single_helix,16,1000.0,0,600.0,400.0
single_double_helix,16,1000.0,0,600.0,400.0
dual_single_helix,16,1000.0,0,500.0,400.0
single_double_helix,16,1000.0,0,500.0,400.0
dual_single_helix,16,1000.0,0,600.0,400.0
single_double_helix,16,1000.0,0,600.0,400.0
dual_single_helix,16,1000.0,0,500.0,400.0
single_double_helix,16,1000.0,0,500.0,400.0
dual_single_helix,16,1000.0,0,600.0,400.0
single_double_helix,16,1000.0,0,600.0,400.0
dual_single_helix,16,1000.0,0,500.0,400.0
single_double_helix,16,1000.0,0,500.0,400.0
dual_single_helix,16,1000.0,0,600.0,400.0
single_double_helix,16,1000.0,0,600.0,400.0
dual_single_helix,16,1000.0,0,500.0,400.0
single_double_helix,16,1000.0,0,500.0,400.0
dual_single_helix,16,1000.0,0,600.0,400.0
single_double_helix,16,1000.0,0,600.0,400.0
dual_single_helix,16,1000.0,0,500.0,400.0
single_double_helix,16,1000.0,0,500.0,400.0
dual_single_helix,16,1000.0,0,600.0,400.0
single_double_helix,16,1000.0,0,600.0,400.0
dual_single_helix,16,1000.0,0,500.0,400.0
single_double_helix,16,1000.0,0,500.0,400.0
dual_single_helix,16,1000.0,0,600.0,400.0
single_double_helix,16,1000.0,0,600.0,400.0
dual_single_helix,16,1000.0,0,500.0,400.0
single_double_helix,16,1000.0,0,500.0,400.0
dual_single_helix,16,1000.0,0,600.0,400.0
single_double_helix,16,1000.0,0,600.0,400.0
dual_single_helix,16,1000.0,0,500.0,400.0
single_double_helix,16,1000.0,0,500.0,400.0
dual_single_helix,16,1000.0,0,600.0,400.0
single_double_helix,16,1000.0,0,600.0,400.0
dual_single_helix,16,1000.0,0,500.0,400.0
single_double_helix,16,1000.0,0,500.0,400.0
dual_single_helix,16,1000.0,0,600.0,400.0
single_double_helix,16,1000.0,0,600.0,400.0
dual_single_helix,16,1000.0,0,500.0,400.0
single_double_helix,16,1000.0,0,500.0,400.0
dual_single_helix,16,1000.0,0,600.0,400.0
single_double_helix,16,1000.0,0,600.0,400.0
dual_single_helix,16,1000.0,0,500.0,400.0
single_double_helix,16,1000.0,0,500.0,400.0
dual_single_helix,16,1000.0,0,600.0,400.0
single_double_helix,16,1000.0,0,600.0,400.0
dual_single_helix,16,1000.0,0,500.0,400.0
single_double_helix,16,1000.0,0,500.0,400.0
dual_single_helix,16,1000.0,0,600.0,400.0
single_double_helix,16,1000.0,0,600.0,400.0
dual_single_helix,16,1000.0,0,500.0,400.0
single_double_helix,16,1000.0,0,500.0,400.0
dual_single_helix,16,1000.0,0,600.0,400.0
single_double_helix,16,1000.0,0,600.0,400.0
dual_single_helix,16,1000.0,0,500.0,400.0
single_double_helix,16,1000.0,0,500.0,400.0
dual_single_helix,16,1000.0,0,600.0,400.0
single_double_helix,16,1000.0,0,600.0,400.0
dual_single_helix,16,1000.0,0,500.0,400.0
single_double_helix,16,1000.0,0,500.0,400.0
dual_single_helix,16,1000.0,0,600.0,400.0
single_double_helix,16,1000.0,0,600.0,400.0
dual_single_helix,16,1000.0,0,500.0,400.0
single_double_helix,16,1000.0,0,500.0,400.0
dual_single_helix,16,1000.0,0,600.0,400.0
single_double_helix,16,1000.0,0,600.0,400.0
dual_single_helix,16,1000.0,0,500.0,400.0
single_double_helix,16,1000.0,0,500.0,400.0
dual_single_helix,16,1000.0,0,600.0,400.0
single_double_helix,16,1000.0,0,600.0,400.0
dual_single_helix,16,1000.0,0,500.0,400.0
single_double_helix,16,1000.0,0,500.0,400.0
dual_single_helix,16,1000.0,0,600.0,400.0
single_double_helix,16,1000.0,0,600.0,400.0
dual_single_helix,16,1000.0,0,500.0,400.0
single_double_helix,16,1000.0,0,500.0,400.0
dual_single_helix,16,1000.0,0,600.0,400.0
single_double_helix,16,1000.0,0,600.0,400.0
dual_single_helix,16,1000.0,0,500.0,400.0
single_double_helix,16,1000.0,0,500.0,400.0
dual_single_helix,16,1000.0,0,600.0,400.0
single_double_helix,16,1000.0,0,600.0,400.0
dual_single_helix,16,1000.0,0,500.0,400.0
single_double_helix,16,1000.0,0,500.0,400.0
dual_single_helix,16,1000.0,0,600.0,400.0
single_double_helix,16,1000.0,0,600.0,400.0
dual_single_helix,16,1000.0,0,500.0,400.0
single_double_helix,16,1000.0,0,500.0,400.0
dual_single_helix,16,1000.0,0,600.0,400.0
single_double_helix,16,1000.0,0,600.0,400.0
dual_single_helix,16,1000.0,0,500.0,400.0
single_double_helix,16,1000.0,0,500.0,400.0
dual_single_helix,16,1000.0,0,600.0,400.0
single_double_helix,16,1000.0,0,600.0,400.0
dual_single_helix,16,1000.0,0,500.0,400.0
single_double_helix,16,1000.0,0,500.0,400.0
dual_single_helix,16,1000.0,0,600.0,400.0
single_double_helix,16,1000.0,0,600.0,400.0
dual_single_helix,16,1000.0,0,500.0,400.0
single_double_helix,16,1000.0,0,500.0,400.0
dual_single_helix,16,1000.0,0,600.0,400.0
single_double_helix,16,1000.0,0,600.0,400.0
dual_single_helix,16,1000.0,0,500.0,400.0
single_double_helix,16,1000.0,0,500.0,400.0
dual_single_helix,16,1000.0,0,600.0,400.0
single_double_helix,16,1000.0,0,600.0,400.0
dual_single_helix,16,1000.0,0,500.0,400.0
single_double_helix,16,1000.0,0,500.0,400.0
dual_single_helix,16,1000.0,0,600.0,400.0
single_double_helix,16,1000.0,0,600.0,405.0
dual_single_helix,16,1000.0,0,500.0,400.0
single_double_helix,16,1000.0,0,500.0,400.0
dual_single_helix,16,1000.0,0,600.0,400.0
single_double_helix,16,1000.0,0,600.0,400.0
dual_single_helix,16,1000.0,0,500.0,400.0
single_double_helix,16,1000.0,0,500.0,400.0
dual_single_helix,16,1000.0,0,600.0,400.0
single_double_helix,16,1000.0,0,600.0,400.0
dual_single_helix,16,1000.0,0,500.0,400.0
single_double_helix,16,1000.0,0,500.0,400.0
dual_single_helix,16,1000.0,0,600.0,400.0
single_double_helix,16,1000.0,0,600.0,400.0
dual_single_helix,16,1000.0,0,500.0,400.0
single_double_helix,16,1000.0,0,500.0,400.0
dual_single_helix,16,1000.0,0,600.0,400.0
single_double_helix,16,1000.0,0,600.0,400.0
dual_single_helix,16,1000.0,0,500.0,400.0
single_double_helix,16,1000.0,0,500.0,400.0
dual_single_helix,16,1000.0,1,500.0,400.0
single_double_helix,16,1000.0,1,500.0,400.0
dual_single_helix,16,1000.0,1,600.0,400.0
single_double_helix,16,1000.0,1,600.0,400.0
dual_single_helix,16,1000.0,1,500.0,400.0
single_double_helix,16,1000.0,1,500.0,400.0
dual_single_helix,16,1000.0,1,600.0,400.0
single_double_helix,16,1000.0,1,600.0,400.0
dual_single_helix,16,1000.0,1,500.0,400.0
single_double_helix,16,1000.0,1,500.0,400.0
dual_single_helix,16,1000.0,1,600.0,400.0
single_double_helix,16,1000.0,1,600.0,400.0
dual_single_helix,16,1000.0,1,500.0,400.0
single_double_helix,16,1000.0,1,500.0,400.0
dual_single_helix,16,1000.0,1,600.0,400.0
single_double_helix,16,1000.0,1,600.0,400.0
dual_single_helix,16,1000.0,1,500.0,400.0
single_double_helix,16,1000.0,1,500.0,400.0
dual_single_helix,16,1000.0,1,600.0,400.0
single_double_helix,16,1000.0,1,600.0,400.0
dual_single_helix,16,1000.0,1,500.0,400.0
single_double_helix,16,1000.0,1,500.0,400.0
dual_single_helix,16,1000.0,1,600.0,400.0
single_double_helix,16,1000.0,1,600.0,400.0
dual_single_helix,16,1000.0,1,500.0,400.0
single_double_helix,16,1000.0,1,500.0,400.0
dual_single_helix,16,1000.0,1,600.0,400.0
single_double_helix,16,1000.0,1,600.0,400.0
dual_single_helix,16,1000.0,1,500.0,400.0
single_double_helix,16,1000.0,1,500.0,400.0
dual_single_helix,16,1000.0,1,600.0,400.0
single_double_helix,16,1000.0,1,600.0,400.0
dual_single_helix,16,1000.0,1,500.0,400.0
single_double_helix,16,1000.0,1,500.0,400.0
dual_single_helix,16,1000.0,1,600.0,400.0
single_double_helix,16,1000.0,1,600.0,400.0
dual_single_helix,16,1000.0,1,500.0,400.0
single_double_helix,16,1000.0,1,500.0,400.0
dual_single_helix,16,1000.0,1,600.0,400.0
single_double_helix,16,1000.0,1,600.0,400.0
dual_single_helix,16,1000.0,1,500.0,400.0
single_double_helix,16,1000.0,1,500.0,400.0
dual_single_helix,16,1000.0,1,600.0,400.0
single_double_helix,16,1000.0,1,600.0,400.0
dual_single_helix,16,1000.0,1,500.0,400.0
single_double_helix,16,1000.0,1,500.0,400.0
dual_single_helix,16,1000.0,1,600.0,400.0
single_double_helix,16,1000.0,1,600.0,400.0
dual_single_helix,16,1000.0,1,500.0,400.0
single_double_helix,16,1000.0,1,500.0,400.0
dual_single_helix,16,1000.0,1,600.0,400.0
single_double_helix,16,1000.0,1,600.0,400.0
dual_single_helix,16,1000.0,1,500.0,400.0
single_double_helix,16,1000.0,1,500.0,400.0
dual_single_helix,16,1000.0,1,600.0,400.0
single_double_helix,16,1000.0,1,600.0,400.0
dual_single_helix,16,1000.0,1,500.0,400.0
single_double_helix,16,1000.0,1,500.0,400.0
dual_single_helix,16,1000.0,1,600.0,400.0
single_double_helix,16,1000.0,1,600.0,400.0
dual_single_helix,16,1000.0,1,500.0,400.0
single_double_helix,16,1000.0,1,500.0,400.0
dual_single_helix,16,1000.0,1,600.0,400.0
single_double_helix,16,1000.0,1,600.0,400.0
dual_single_helix,16,1000.0,1,500.0,400.0
single_double_helix,16,1000.0,1,500.0,400.0
dual_single_helix,16,1000.0,1,600.0,400.0
single_double_helix,16,1000.0,1,600.0,400.0
dual_single_helix,16,1000.0,1,500.0,400.0
single_double_helix,16,1000.0,1,500.0,400.0
dual_single_helix,16,1000.0,1,600.0,400.0
single_double_helix,16,1000.0,1,600.0,400.0
dual_single_helix,16,1000.0,1,500.0,400.0
single_double_helix,16,1000.0,1,500.0,400.0
dual_single_helix,16,1000.0,1,600.0,400.0
single_double_helix,16,1000.0,1,600.0,400.0
dual_single_helix,16,1000.0,1,500.0,400.0
single_double_helix,16,1000.0,1,500.0,400.0
dual_single_helix,16,1000.0,1,600.0,400.0
single_double_helix,16,1000.0,1,600.0,400.0
dual_single_helix,16,1000.0,1,500.0,400.0
single_double_helix,16,1000.0,1,500.0,400.0
dual_single_helix,16,1000.0,1,600.0,400.0
single_double_helix,16,1000.0,1,600.0,400.0
dual_single_helix,16,1000.0,1,500.0,400.0
single_double_helix,16,1000.0,1,500.0,400.0
dual_single_helix,16,1000.0,1,600.0,400.0
single_double_helix,16,1000.0,1,600.0,400.0
dual_single_helix,16,1000.0,1,500.0,400.0
single_double_helix,16,1000.0,1,500.0,400.0
dual_single_helix,16,1000.0,1,600.0,400.0
single_double_helix,16,1000.0,1,600.0,400.0
dual_single_helix,16,1000.0,1,500.0,400.0
single_double_helix,16,1000.0,1,500.0,400.0
dual_single_helix,16,1000.0,1,600.0,400.0
single_double_helix,16,1000.0,1,600.0,400.0
dual_single_helix,16,1000.0,1,500.0,400.0
single_double_helix,16,1000.0,1,500.0,400.0
dual_single_helix,16,1000.0,1,600.0,400.0
single_double_helix,16,1000.0,1,600.0,400.0
dual_single_helix,16,1000.0,1,500.0,400.0
single_double_helix,16,1000.0,1,500.0,400.0
dual_single_helix,16,1000.0,1,600.0,400.0
single_double_helix,16,1000.0,1,600.0,400.0
dual_single_helix,16,1000.0,1,500.0,400.0
single_double_helix,16,1000.0,1,500.0,400.0
dual_single_helix,16,1000.0,1,600.0,400.0
single_double_helix,16,1000.0,1,600.0,400.0
dual_single_helix,16,1000.0,1,500.0,400.0
single_double_helix,16,1000.0,1,500.0,400.0
dual_single_helix,16,1000.0,1,600.0,400.0
single_double_helix,16,1000.0,1,600.0,400.0
dual_single_helix,16,1000.0,1,500.0,400.0
single_double_helix,16,1000.0,1,500.0,400.0
dual_single_helix,16,1000.0,1,600.0,400.0
single_double_helix,16,1000.0,1,600.0,400.0
dual_single_helix,16,1000.0,1,500.0,400.0
single_double_helix,16,1000.0,1,500.0,400.0
dual_single_helix,16,1000.0,1,600.0,400.0
single_double_helix,16,1000.0,1,600.0,400.0
dual_single_helix,16,1000.0,1,500.0,400.0
single_double_helix,16,1000.0,1,500.0,400.0
dual_single_helix,16,1000.0,1,600.0,400.0
single_double_helix,16,1000.0,1,600.0,400.0
dual_single_helix,16,1000.0,1,500.0,400.0
single_double_helix,16,1000.0,1,500.0,400.0
dual_single_helix,16,1000.0,1,600.0,400.0
single_double_helix,16,1000.0,1,600.0,400.0
dual_single_helix,16,1000.0,1,500.0,400.0
single_double_helix,16,1000.0,1,500.0,400.0
dual_single_helix,16,1000.0,1,600.0,400.0
single_double_helix,16,1000.0,1,600.0,400.0
dual_single_helix,16,1000.0,1,500.0,400.0
single_double_helix,16,1000.0,1,500.0,400.0
dual_single_helix,16,1000.0,1,600.0,400.0
single_double_helix,16,1000.0,1,600.0,400.0
dual_single_helix,16,1000.0,1,500.0,400.0
single_double_helix,16,1000.0,1,500.0,400.0
dual_single_helix,16,1000.0,1,600.0,400.0
single_double_helix,16,1000.0,1,600.0,400.0
dual_single_helix,16,1000.0,1,500.0,400.0
single_double_helix,16,1000.0,1,500.0,400.0
dual_single_helix,16,1000.0,1,600.0,400.0
single_double_helix,16,1000.0,1,600.0,400.0
dual_single_helix,16,1000.0,1,500.0,400.0
single_double_helix,16,1000.0,1,500.0,400.0
dual_single_helix,16,1000.0,1,600.0,400.0
single_double_helix,16,1000.0,1,600.0,400.0
dual_single_helix,16,1000.0,1,500.0,400.0
single_double_helix,16,1000.0,1,500.0,400.0
dual_single_helix,16,1000.0,1,600.0,400.0
single_double_helix,16,1000.0,1,600.0,400.0
dual_single_helix,16,1000.0,1,500.0,400.0
single_double_helix,16,1000.0,1,500.0,400.0
dual_single_helix,16,1000.0,1,600.0,400.0
single_double_helix,16,1000.0,1,600.0,400.0
dual_single_helix,16,1000.0,1,500.0,400.0
single_double_helix,16,1000.0,1,500.0,400.0
dual_single_helix,16,1000.0,1,600.0,400.0
single_double_helix,16,1000.0,1,600.0,400.0
dual_single_helix,16,1000.0,1,500.0,400.0
single_double_helix,16,1000.0,1,500.0,400.0
dual_single_helix,16,1000.0,2,500.0,400.0
single_double_helix,16,1000.0,2,500.0,400.0
dual_single_helix,16,1000.0,2,600.0,400.0
single_double_helix,16,1000.0,2,600.0,400.0
dual_single_helix,16,1000.0,2,500.0,400.0
single_double_helix,16,1000.0,2,500.0,400.0
dual_single_helix,16,1000.0,2,600.0,400.0
single_double_helix,16,1000.0,2,600.0,400.0
dual_single_helix,16,1000.0,2,500.0,400.0
single_double_helix,16,1000.0,2,500.0,400.0
dual_single_helix,16,1000.0,2,600.0,400.0
single_double_helix,16,1000.0,2,600.0,400.0
dual_single_helix,16,1000.0,2,500.0,400.0
single_double_helix,16,1000.0,2,500.0,400.0
dual_single_helix,16,1000.0,2,600.0,400.0
single_double_helix,16,1000.0,2,600.0,400.0
dual_single_helix,16,1000.0,2,500.0,400.0
single_double_helix,16,1000.0,2,500.0,400.0
dual_single_helix,16,1000.0,2,600.0,400.0
single_double_helix,16,1000.0,2,600.0,400.0
dual_single_helix,16,1000.0,2,500.0,400.0
single_double_helix,16,1000.0,2,500.0,400.0
dual_single_helix,16,1000.0,2,600.0,400.0
single_double_helix,16,1000.0,2,600.0,400.0
dual_single_helix,16,1000.0,2,500.0,400.0
single_double_helix,16,1000.0,2,500.0,400.0
dual_single_helix,16,1000.0,2,600.0,400.0
single_double_helix,16,1000.0,2,600.0,400.0
dual_single_helix,16,1000.0,2,500.0,400.0
single_double_helix,16,1000.0,2,500.0,400.0
dual_single_helix,16,1000.0,2,600.0,400.0
single_double_helix,16,1000.0,2,600.0,400.0
dual_single_helix,16,1000.0,2,500.0,400.0
single_double_helix,16,1000.0,2,500.0,400.0
dual_single_helix,16,1000.0,2,600.0,400.0
single_double_helix,16,1000.0,2,600.0,400.0
dual_single_helix,16,1000.0,2,500.0,400.0
single_double_helix,16,1000.0,2,500.0,400.0
dual_single_helix,16,1000.0,2,600.0,400.0
single_double_helix,16,1000.0,2,600.0,400.0
dual_single_helix,16,1000.0,2,500.0,400.0
single_double_helix,16,1000.0,2,500.0,400.0
dual_single_helix,16,1000.0,2,600.0,400.0
single_double_helix,16,1000.0,2,600.0,400.0
dual_single_helix,16,1000.0,2,500.0,400.0
single_double_helix,16,1000.0,2,500.0,400.0
dual_single_helix,16,1000.0,2,600.0,400.0
single_double_helix,16,1000.0,2,600.0,400.0
dual_single_helix,16,1000.0,2,500.0,400.0
single_double_helix,16,1000.0,2,500.0,400.0
dual_single_helix,16,1000.0,2,600.0,400.0
single_double_helix,16,1000.0,2,600.0,400.0
dual_single_helix,16,1000.0,2,500.0,400.0
single_double_helix,16,1000.0,2,500.0,400.0
dual_single_helix,16,1000.0,2,600.0,400.0
single_double_helix,16,1000.0,2,600.0,400.0
dual_single_helix,16,1000.0,2,500.0,400.0
single_double_helix,16,1000.0,2,500.0,400.0
dual_single_helix,16,1000.0,2,600.0,400.0
single_double_helix,16,1000.0,2,600.0,400.0
dual_single_helix,16,1000.0,2,500.0,400.0
single_double_helix,16,1000.0,2,500.0,400.0
dual_single_helix,16,1000.0,2,600.0,400.0
single_double_helix,16,1000.0,2,600.0,400.0
dual_single_helix,16,1000.0,2,500.0,400.0
single_double_helix,16,1000.0,2,500.0,400.0
dual_single_helix,16,1000.0,2,600.0,400.0
single_double_helix,16,1000.0,2,600.0,400.0
dual_single_helix,16,1000.0,2,500.0,400.0
single_double_helix,16,1000.0,2,500.0,400.0
dual_single_helix,16,1000.0,2,600.0,400.0
single_double_helix,16,1000.0,2,600.0,400.0
dual_single_helix,16,1000.0,2,500.0,400.0
single_double_helix,16,1000.0,2,500.0,400.0
dual_single_helix,16,1000.0,2,600.0,400.0
single_double_helix,16,1000.0,2,600.0,400.0
dual_single_helix,16,1000.0,2,500.0,400.0
single_double_helix,16,1000.0,2,500.0,400.0
dual_single_helix,16,1000.0,2,600.0,400.0
single_double_helix,16,1000.0,2,600.0,400.0
dual_single_helix,16,1000.0,2,500.0,400.0
single_double_helix,16,1000.0,2,500.0,400.0
dual_single_helix,16,1000.0,2,600.0,400.0
single_double_helix,16,1000.0,2,600.0,400.0
dual_single_helix,16,1000.0,2,500.0,400.0
single_double_helix,16,1000.0,2,500.0,400.0
dual_single_helix,16,1000.0,2,600.0,400.0
single_double_helix,16,1000.0,2,600.0,400.0
dual_single_helix,16,1000.0,2,500.0,400.0
single_double_helix,16,1000.0,2,500.0,400.0
dual_single_helix,16,1000.0,2,600.0,400.0
single_double_helix,16,1000.0,2,600.0,400.0
dual_single_helix,16,1000.0,2,500.0,400.0
single_double_helix,16,1000.0,2,500.0,400.0
dual_single_helix,16,1000.0,2,600.0,400.0
single_double_helix,16,1000.0,2,600.0,400.0
dual_single_helix,16,1000.0,2,500.0,400.0
single_double_helix,16,1000.0,2,500.0,400.0
dual_single_helix,16,1000.0,2,600.0,400.0
single_double_helix,16,1000.0,2,600.0,400.0
dual_single_helix,16,1000.0,2,500.0,400.0
single_double_helix,16,1000.0,2,500.0,400.0
dual_single_helix,16,1000.0,2,600.0,400.0
single_double_helix,16,1000.0,2,600.0,400.0
dual_single_helix,16,1000.0,2,500.0,400.0
single_double_helix,16,1000.0,2,500.0,400.0
dual_single_helix,16,1000.0,2,600.0,400.0
single_double_helix,16,1000.0,2,600.0,400.0
dual_single_helix,16,1000.0,2,500.0,400.0
single_double_helix,16,1000.0,2,500.0,400.0
dual_single_helix,16,1000.0,2,600.0,400.0
single_double_helix,16,1000.0,2,600.0,400.0
dual_single_helix,16,1000.0,2,500.0,400.0
single_double_helix,16,1000.0,2,500.0,400.0
dual_single_helix,16,1000.0,2,600.0,400.0
single_double_helix,16,1000.0,2,600.0,400.0
dual_single_helix,16,1000.0,2,500.0,400.0
single_double_helix,16,1000.0,2,500.0,400.0
dual_single_helix,16,1000.0,2,600.0,400.0
single_double_helix,16,1000.0,2,600.0,400.0
dual_single_helix,16,1000.0,2,500.0,400.0
single_double_helix,16,1000.0,2,500.0,400.0
dual_single_helix,16,1000.0,2,600.0,400.0
single_double_helix,16,1000.0,2,600.0,400.0
dual_single_helix,16,1000.0,2,500.0,400.0
single_double_helix,16,1000.0,2,500.0,400.0
dual_single_helix,16,1000.0,2,600.0,400.0
single_double_helix,16,1000.0,2,600.0,400.0
dual_single_helix,16,1000.0,2,500.0,400.0
single_double_helix,16,1000.0,2,500.0,400.0
dual_single_helix,16,1000.0,2,600.0,400.0
single_double_helix,16,1000.0,2,600.0,400.0
dual_single_helix,16,1000.0,2,500.0,400.0
single_double_helix,16,1000.0,2,500.0,400.0
dual_single_helix,16,1000.0,2,600.0,400.0
single_double_helix,16,1000.0,2,600.0,400.0
dual_single_helix,16,1000.0,2,500.0,400.0
single_double_helix,16,1000.0,2,500.0,400.0
dual_single_helix,16,1000.0,2,600.0,400.0
single_double_helix,16,1000.0,2,600.0,400.0
dual_single_helix,16,1000.0,2,500.0,400.0
single_double_helix,16,1000.0,2,500.0,400.0
dual_single_helix,16,1000.0,2,600.0,400.0
single_double_helix,16,1000.0,2,600.0,400.0
dual_single_helix,16,1000.0,2,500.0,400.0
single_double_helix,16,1000.0,2,500.0,400.0
dual_single_helix,16,1000.0,2,600.0,400.0
single_double_helix,16,1000.0,2,600.0,400.0
dual_single_helix,16,1000.0,2,500.0,400.0
single_double_helix,16,1000.0,2,500.0,400.0
dual_single_helix,16,1000.0,2,600.0,400.0
single_double_helix,16,1000.0,2,600.0,400.0
dual_single_helix,16,1000.0,2,500.0,400.0
single_double_helix,16,1000.0,2,500.0,400.0
dual_single_helix,16,1000.0,2,600.0,400.0
single_double_helix,16,1000.0,2,600.0,400.0
dual_single_helix,16,1000.0,2,500.0,400.0
single_double_helix,16,1000.0,2,500.0,400.0
dual_single_helix,16,1000.0,2,600.0,400.0
single_double_helix,16,1000.0,2,600.0,400.0
dual_single_helix,16,1000.0,2,500.0,400.0
single_double_helix,16,1000.0,2,500.0,400.0
dual_single_helix,16,1000.0,3,500.0,400.0
single_double_helix,16,1000.0,3,500.0,400.0
dual_single_helix,16,1000.0,3,600.0,400.0
single_double_helix,16,1000.0,3,600.0,400.0
dual_single_helix,16,1000.0,3,500.0,400.0
single_double_helix,16,1000.0,3,500.0,400.0
dual_single_helix,16,1000.0,3,600.0,400.0
single_double_helix,16,1000.0,3,600.0,400.0
dual_single_helix,16,1000.0,3,500.0,400.0
single_double_helix,16,1000.0,3,500.0,400.0
dual_single_helix,16,1000.0,3,600.0,400.0
single_double_helix,16,1000.0,3,600.0,400.0
dual_single_helix,16,1000.0,3,500.0,400.0
single_double_helix,16,1000.0,3,500.0,400.0
dual_single_helix,16,1000.0,3,600.0,400.0
single_double_helix,16,1000.0,3,600.0,400.0
dual_single_helix,16,1000.0,3,500.0,400.0
single_double_helix,16,1000.0,3,500.0,400.0
dual_single_helix,16,1000.0,3,600.0,400.0
single_double_helix,16,1000.0,3,600.0,400.0
dual_single_helix,16,1000.0,3,500.0,400.0
single_double_helix,16,1000.0,3,500.0,400.0
dual_single_helix,16,1000.0,3,600.0,400.0
single_double_helix,16,1000.0,3,600.0,400.0
dual_single_helix,16,1000.0,3,500.0,400.0
single_double_helix,16,1000.0,3,500.0,400.0
dual_single_helix,16,1000.0,3,600.0,400.0
single_double_helix,16,1000.0,3,600.0,400.0
dual_single_helix,16,1000.0,3,500.0,400.0
single_double_helix,16,1000.0,3,500.0,400.0
dual_single_helix,16,1000.0,3,600.0,400.0
single_double_helix,16,1000.0,3,600.0,400.0
dual_single_helix,16,1000.0,3,500.0,400.0
single_double_helix,16,1000.0,3,500.0,400.0
dual_single_helix,16,1000.0,3,600.0,400.0
single_double_helix,16,1000.0,3,600.0,400.0
dual_single_helix,16,1000.0,3,500.0,400.0
single_double_helix,16,1000.0,3,500.0,400.0
dual_single_helix,16,1000.0,3,600.0,400.0
single_double_helix,16,1000.0,3,600.0,400.0
dual_single_helix,16,1000.0,3,500.0,400.0
single_double_helix,16,1000.0,3,500.0,400.0
dual_single_helix,16,1000.0,3,600.0,400.0
single_double_helix,16,1000.0,3,600.0,400.0
dual_single_helix,16,1000.0,3,500.0,400.0
single_double_helix,16,1000.0,3,500.0,400.0
dual_single_helix,16,1000.0,3,600.0,400.0
single_double_helix,16,1000.0,3,600.0,400.0
dual_single_helix,16,1000.0,3,500.0,400.0
single_double_helix,16,1000.0,3,500.0,400.0
dual_single_helix,16,1000.0,3,600.0,400.0
single_double_helix,16,1000.0,3,600.0,400.0
dual_single_helix,16,1000.0,3,500.0,400.0
single_double_helix,16,1000.0,3,500.0,400.0
dual_single_helix,16,1000.0,3,600.0,400.0
single_double_helix,16,1000.0,3,600.0,400.0
dual_single_helix,16,1000.0,3,500.0,400.0
single_double_helix,16,1000.0,3,500.0,400.0
dual_single_helix,16,1000.0,3,600.0,400.0
single_double_helix,16,1000.0,3,600.0,400.0
dual_single_helix,16,1000.0,3,500.0,400.0
single_double_helix,16,1000.0,3,500.0,400.0
dual_single_helix,16,1000.0,3,600.0,400.0
single_double_helix,16,1000.0,3,600.0,400.0
dual_single_helix,16,1000.0,3,500.0,400.0
single_double_helix,16,1000.0,3,500.0,400.0
dual_single_helix,16,1000.0,3,600.0,400.0
single_double_helix,16,1000.0,3,600.0,400.0
dual_single_helix,16,1000.0,3,500.0,400.0
single_double_helix,16,1000.0,3,500.0,400.0
dual_single_helix,16,1000.0,3,600.0,400.0
single_double_helix,16,1000.0,3,600.0,400.0
dual_single_helix,16,1000.0,3,500.0,400.0
single_double_helix,16,1000.0,3,500.0,400.0
dual_single_helix,16,1000.0,3,600.0,400.0
single_double_helix,16,1000.0,3,600.0,400.0
dual_single_helix,16,1000.0,3,500.0,400.0
single_double_helix,16,1000.0,3,500.0,400.0
dual_single_helix,16,1000.0,3,600.0,400.0
single_double_helix,16,1000.0,3,600.0,400.0
dual_single_helix,16,1000.0,3,500.0,400.0
single_double_helix,16,1000.0,3,500.0,400.0
dual_single_helix,16,1000.0,3,600.0,400.0
single_double_helix,16,1000.0,3,600.0,400.0
dual_single_helix,16,1000.0,3,500.0,400.0
single_double_helix,16,1000.0,3,500.0,400.0
dual_single_helix,16,1000.0,3,600.0,400.0
single_double_helix,16,1000.0,3,600.0,400.0
dual_single_helix,16,1000.0,3,500.0,400.0
single_double_helix,16,1000.0,3,500.0,400.0
dual_single_helix,16,1000.0,3,600.0,400.0
single_double_helix,16,1000.0,3,600.0,400.0
dual_single_helix,16,1000.0,3,500.0,400.0
single_double_helix,16,1000.0,3,500.0,400.0
dual_single_helix,16,1000.0,3,600.0,400.0
single_double_helix,16,1000.0,3,600.0,400.0
dual_single_helix,16,1000.0,3,500.0,400.0
single_double_helix,16,1000.0,3,500.0,400.0
dual_single_helix,16,1000.0,3,600.0,400.0
single_double_helix,16,1000.0,3,600.0,400.0
dual_single_helix,16,1000.0,3,500.0,400.0
single_double_helix,16,1000.0,3,500.0,400.0
dual_single_helix,16,1000.0,3,600.0,400.0
single_double_helix,16,1000.0,3,600.0,400.0
dual_single_helix,16,1000.0,3,500.0,400.0
single_double_helix,16,1000.0,3,500.0,400.0
dual_single_helix,16,1000.0,3,600.0,400.0
single_double_helix,16,1000.0,3,600.0,400.0
dual_single_helix,16,1000.0,3,500.0,400.0
single_double_helix,16,1000.0,3,500.0,400.0
dual_single_helix,16,1000.0,3,600.0,400.0
single_double_helix,16,1000.0,3,600.0,400.0
dual_single_helix,16,1000.0,3,500.0,400.0
single_double_helix,16,1000.0,3,500.0,400.0
dual_single_helix,16,1000.0,3,600.0,400.0
single_double_helix,16,1000.0,3,600.0,400.0
dual_single_helix,16,1000.0,3,500.0,400.0
single_double_helix,16,1000.0,3,500.0,400.0
dual_single_helix,16,1000.0,3,600.0,400.0
single_double_helix,16,1000.0,3,600.0,400.0
dual_single_helix,16,1000.0,3,500.0,400.0
single_double_helix,16,1000.0,3,500.0,400.0
dual_single_helix,16,1000.0,3,600.0,400.0
single_double_helix,16,1000.0,3,600.0,400.0
dual_single_helix,16,1000.0,3,500.0,400.0
single_double_helix,16,1000.0,3,500.0,400.0
dual_single_helix,16,1000.0,3,600.0,400.0
single_double_helix,16,1000.0,3,600.0,400.0
dual_single_helix,16,1000.0,3,500.0,400.0
single_double_helix,16,1000.0,3,500.0,400.0
dual_single_helix,16,1000.0,3,600.0,400.0
single_double_helix,16,1000.0,3,600.0,400.0
dual_single_helix,16,1000.0,3,500.0,400.0
single_double_helix,16,1000.0,3,500.0,400.0
dual_single_helix,16,1000.0,3,600.0,400.0
single_double_helix,16,1000.0,3,600.0,400.0
dual_single_helix,16,1000.0,3,500.0,400.0
single_double_helix,16,1000.0,3,500.0,400.0
dual_single_helix,16,1000.0,3,600.0,400.0
single_double_helix,16,1000.0,3,600.0,400.0
dual_single_helix,16,1000.0,3,500.0,400.0
single_double_helix,16,1000.0,3,500.0,400.0
dual_single_helix,16,1000.0,3,600.0,400.0
single_double_helix,16,1000.0,3,600.0,400.0
dual_single_helix,16,1000.0,3,500.0,400.0
single_double_helix,16,1000.0,3,500.0,400.0
dual_single_helix,16,1000.0,3,600.0,400.0
single_double_helix,16,1000.0,3,600.0,400.0
dual_single_helix,16,1000.0,3,500.0,400.0
single_double_helix,16,1000.0,3,500.0,400.0
dual_single_helix,16,1000.0,3,600.0,400.0
single_double_helix,16,1000.0,3,600.0,400.0
dual_single_helix,16,1000.0,3,500.0,400.0
single_double_helix,16,1000.0,3,500.0,400.0
dual_single_helix,16,1000.0,3,600.0,400.0
single_double_helix,16,1000.0,3,600.0,400.0
dual_single_helix,16,1000.0,3,500.0,400.0
single_double_helix,16,1000.0,3,500.0,400.0
dual_single_helix,16,1000.0,3,600.0,400.0
single_double_helix,16,1000.0,3,600.0,400.0
dual_single_helix,16,1000.0,3,500.0,400.0
single_double_helix,16,1000.0,3,500.0,400.0
dual_single_helix,16,1000.0,4,500.0,400.0
single_double_helix,16,1000.0,4,500.0,400.0
dual_single_helix,16,1000.0,4,600.0,400.0
single_double_helix,16,1000.0,4,600.0,400.0
dual_single_helix,16,1000.0,4,500.0,400.0
single_double_helix,16,1000.0,4,500.0,400.0
dual_single_helix,16,1000.0,4,600.0,400.0
single_double_helix,16,1000.0,4,600.0,400.0
dual_single_helix,16,1000.0,4,500.0,400.0
single_double_helix,16,1000.0,4,500.0,400.0
dual_single_helix,16,1000.0,4,600.0,400.0
single_double_helix,16,1000.0,4,600.0,400.0
dual_single_helix,16,1000.0,4,500.0,400.0
single_double_helix,16,1000.0,4,500.0,400.0
dual_single_helix,16,1000.0,4,600.0,400.0
single_double_helix,16,1000.0,4,600.0,400.0
dual_single_helix,16,1000.0,4,500.0,400.0
single_double_helix,16,1000.0,4,500.0,400.0
dual_single_helix,16,1000.0,4,600.0,400.0
single_double_helix,16,1000.0,4,600.0,400.0
dual_single_helix,16,1000.0,4,500.0,400.0
single_double_helix,16,1000.0,4,500.0,400.0
dual_single_helix,16,1000.0,4,600.0,400.0
single_double_helix,16,1000.0,4,600.0,400.0
dual_single_helix,16,1000.0,4,500.0,400.0
single_double_helix,16,1000.0,4,500.0,400.0
dual_single_helix,16,1000.0,4,600.0,400.0
single_double_helix,16,1000.0,4,600.0,400.0
dual_single_helix,16,1000.0,4,500.0,400.0
single_double_helix,16,1000.0,4,500.0,400.0
dual_single_helix,16,1000.0,4,600.0,400.0
single_double_helix,16,1000.0,4,600.0,400.0
dual_single_helix,16,1000.0,4,500.0,400.0
single_double_helix,16,1000.0,4,500.0,400.0
dual_single_helix,16,1000.0,4,600.0,400.0
single_double_helix,16,1000.0,4,600.0,400.0
dual_single_helix,16,1000.0,4,500.0,400.0
single_double_helix,16,1000.0,4,500.0,400.0
dual_single_helix,16,1000.0,4,600.0,400.0
single_double_helix,16,1000.0,4,600.0,400.0
dual_single_helix,16,1000.0,4,500.0,400.0
single_double_helix,16,1000.0,4,500.0,400.0
dual_single_helix,16,1000.0,4,600.0,400.0
single_double_helix,16,1000.0,4,600.0,400.0
dual_single_helix,16,1000.0,4,500.0,400.0
single_double_helix,16,1000.0,4,500.0,400.0
dual_single_helix,16,1000.0,4,600.0,400.0
single_double_helix,16,1000.0,4,600.0,400.0
dual_single_helix,16,1000.0,4,500.0,400.0
single_double_helix,16,1000.0,4,500.0,400.0
dual_single_helix,16,1000.0,4,600.0,400.0
single_double_helix,16,1000.0,4,600.0,400.0
dual_single_helix,16,1000.0,4,500.0,400.0
single_double_helix,16,1000.0,4,500.0,400.0
dual_single_helix,16,1000.0,4,600.0,400.0
single_double_helix,16,1000.0,4,600.0,400.0
dual_single_helix,16,1000.0,4,500.0,400.0
single_double_helix,16,1000.0,4,500.0,400.0
dual_single_helix,16,1000.0,4,600.0,400.0
single_double_helix,16,1000.0,4,600.0,400.0
dual_single_helix,16,1000.0,4,500.0,400.0
single_double_helix,16,1000.0,4,500.0,400.0
dual_single_helix,16,1000.0,4,600.0,400.0
single_double_helix,16,1000.0,4,600.0,400.0
dual_single_helix,16,1000.0,4,500.0,400.0
single_double_helix,16,1000.0,4,500.0,400.0
dual_single_helix,16,1000.0,4,600.0,400.0
single_double_helix,16,1000.0,4,600.0,400.0
dual_single_helix,16,1000.0,4,500.0,400.0
single_double_helix,16,1000.0,4,500.0,400.0
dual_single_helix,16,1000.0,4,600.0,400.0
single_double_helix,16,1000.0,4,600.0,400.0
dual_single_helix,16,1000.0,4,500.0,400.0
single_double_helix,16,1000.0,4,500.0,400.0
dual_single_helix,16,1000.0,4,600.0,400.0
single_double_helix,16,1000.0,4,600.0,400.0
dual_single_helix,16,1000.0,4,500.0,400.0
single_double_helix,16,1000.0,4,500.0,400.0
dual_single_helix,16,1000.0,4,600.0,400.0
single_double_helix,16,1000.0,4,600.0,400.0
dual_single_helix,16,1000.0,4,500.0,400.0
single_double_helix,16,1000.0,4,500.0,400.0
dual_single_helix,16,1000.0,4,600.0,400.0
single_double_helix,16,1000.0,4,600.0,400.0
dual_single_helix,16,1000.0,4,500.0,400.0
single_double_helix,16,1000.0,4,500.0,400.0
dual_single_helix,16,1000.0,4,600.0,400.0
single_double_helix,16,1000.0,4,600.0,400.0
dual_single_helix,16,1000.0,4,500.0,400.0
single_double_helix,16,1000.0,4,500.0,400.0
dual_single_helix,16,1000.0,4,600.0,400.0
single_double_helix,16,1000.0,4,600.0,400.0
dual_single_helix,16,1000.0,4,500.0,400.0
single_double_helix,16,1000.0,4,500.0,400.0
dual_single_helix,16,1000.0,4,600.0,400.0
single_double_helix,16,1000.0,4,600.0,400.0
dual_single_helix,16,1000.0,4,500.0,400.0
single_double_helix,16,1000.0,4,500.0,400.0
dual_single_helix,16,1000.0,4,600.0,400.0
single_double_helix,16,1000.0,4,600.0,400.0
dual_single_helix,16,1000.0,4,500.0,400.0
single_double_helix,16,1000.0,4,500.0,400.0
dual_single_helix,16,1000.0,4,600.0,400.0
single_double_helix,16,1000.0,4,600.0,400.0
dual_single_helix,16,1000.0,4,500.0,400.0
single_double_helix,16,1000.0,4,500.0,400.0
dual_single_helix,16,1000.0,4,600.0,400.0
single_double_helix,16,1000.0,4,600.0,400.0
dual_single_helix,16,1000.0,4,500.0,400.0
single_double_helix,16,1000.0,4,500.0,400.0
dual_single_helix,16,1000.0,4,600.0,400.0
single_double_helix,16,1000.0,4,600.0,400.0
dual_single_helix,16,1000.0,4,500.0,400.0
single_double_helix,16,1000.0,4,500.0,400.0
dual_single_helix,16,1000.0,4,600.0,400.0
single_double_helix,16,1000.0,4,600.0,400.0
dual_single_helix,16,1000.0,4,500.0,400.0
single_double_helix,16,1000.0,4,500.0,400.0
dual_single_helix,16,1000.0,4,600.0,400.0
single_double_helix,16,1000.0,4,600.0,400.0
dual_single_helix,16,1000.0,4,500.0,400.0
single_double_helix,16,1000.0,4,500.0,400.0
dual_single_helix,16,1000.0,4,600.0,400.0
single_double_helix,16,1000.0,4,600.0,400.0
dual_single_helix,16,1000.0,4,500.0,400.0
single_double_helix,16,1000.0,4,500.0,400.0
dual_single_helix,16,1000.0,4,600.0,400.0
single_double_helix,16,1000.0,4,600.0,400.0
dual_single_helix,16,1000.0,4,500.0,400.0
single_double_helix,16,1000.0,4,500.0,400.0
dual_single_helix,16,1000.0,4,600.0,400.0
single_double_helix,16,1000.0,4,600.0,400.0
dual_single_helix,16,1000.0,4,500.0,400.0
single_double_helix,16,1000.0,4,500.0,400.0
dual_single_helix,16,1000.0,4,600.0,400.0
single_double_helix,16,1000.0,4,600.0,400.0
dual_single_helix,16,1000.0,4,500.0,400.0
single_double_helix,16,1000.0,4,500.0,400.0
dual_single_helix,16,1000.0,4,600.0,400.0
single_double_helix,16,1000.0,4,600.0,400.0
dual_single_helix,16,1000.0,4,500.0,400.0
single_double_helix,16,1000.0,4,500.0,400.0
dual_single_helix,16,1000.0,4,600.0,400.0
single_double_helix,16,1000.0,4,600.0,400.0
dual_single_helix,16,1000.0,4,500.0,400.0
single_double_helix,16,1000.0,4,500.0,400.0
dual_single_helix,16,1000.0,4,600.0,400.0
single_double_helix,16,1000.0,4,600.0,400.0
dual_single_helix,16,1000.0,4,500.0,400.0
single_double_helix,16,1000.0,4,500.0,400.0
dual_single_helix,16,1000.0,4,600.0,400.0
single_double_helix,16,1000.0,4,600.0,400.0
dual_single_helix,16,1000.0,4,500.0,400.0
single_double_helix,16,1000.0,4,500.0,400.0
dual_single_helix,16,1000.0,4,600.0,400.0
single_double_helix,16,1000.0,4,600.0,400.0
dual_single_helix,16,1000.0,4,500.0,400.0
single_double_helix,16,1000.0,4,500.0,400.0
dual_single_helix,16,1000.0,4,600.0,400.0
single_double_helix,16,1000.0,4,600.0,400.0
dual_single_helix,16,1000.0,4,500.0,400.0
single_double_helix,16,1000.0,4,500.0,400.0
dual_single_helix,16,5000.0,0,500.0,400.0
single_double_helix,16,5000.0,0,500.0,400.0
dual_single_helix,16,5000.0,0,600.0,400.0
single_double_helix,16,5000.0,0,600.0,400.0
dual_single_helix,16,5000.0,0,500.0,400.0
single_double_helix,16,5000.0,0,500.0,400.0
dual_single_helix,16,5000.0,0,600.0,400.0
single_double_helix,16,5000.0,0,600.0,400.0
dual_single_helix,16,5000.0,0,500.0,400.0
single_double_helix,16,5000.0,0,500.0,400.0
dual_single_helix,16,5000.0,0,600.0,400.0
single_double_helix,16,5000.0,0,600.0,400.0
dual_single_helix,16,5000.0,0,500.0,400.0
single_double_helix,16,5000.0,0,500.0,400.0
dual_single_helix,16,5000.0,0,600.0,400.0
single_double_helix,16,5000.0,0,600.0,400.0
dual_single_helix,16,5000.0,0,500.0,400.0
single_double_helix,16,5000.0,0,500.0,400.0
dual_single_helix,16,5000.0,0,600.0,400.0
single_double_helix,16,5000.0,0,600.0,405.0
dual_single_helix,16,5000.0,0,500.0,400.0
single_double_helix,16,5000.0,0,500.0,400.0
dual_single_helix,16,5000.0,0,600.0,400.0
single_double_helix,16,5000.0,0,600.0,400.0
dual_single_helix,16,5000.0,0,500.0,400.0
single_double_helix,16,5000.0,0,500.0,400.0
dual_single_helix,16,5000.0,0,600.0,400.0
single_double_helix,16,5000.0,0,600.0,400.0
dual_single_helix,16,5000.0,0,500.0,400.0
single_double_helix,16,5000.0,0,500.0,400.0
dual_single_helix,16,5000.0,0,600.0,400.0
single_double_helix,16,5000.0,0,600.0,400.0
dual_single_helix,16,5000.0,0,500.0,400.0
single_double_helix,16,5000.0,0,500.0,400.0
dual_single_helix,16,5000.0,0,600.0,400.0
single_double_helix,16,5000.0,0,600.0,400.0
dual_single_helix,16,5000.0,0,500.0,400.0
single_double_helix,16,5000.0,0,500.0,400.0
dual_single_helix,16,5000.0,0,600.0,400.0
single_double_helix,16,5000.0,0,600.0,400.0
dual_single_helix,16,5000.0,0,500.0,400.0
single_double_helix,16,5000.0,0,500.0,400.0
dual_single_helix,16,5000.0,0,600.0,400.0
single_double_helix,16,5000.0,0,600.0,400.0
dual_single_helix,16,5000.0,0,500.0,400.0
single_double_helix,16,5000.0,0,500.0,400.0
dual_single_helix,16,5000.0,0,600.0,400.0
single_double_helix,16,5000.0,0,600.0,400.0
dual_single_helix,16,5000.0,0,500.0,400.0
single_double_helix,16,5000.0,0,500.0,400.0
dual_single_helix,16,5000.0,0,600.0,400.0
single_double_helix,16,5000.0,0,600.0,400.0
dual_single_helix,16,5000.0,0,500.0,400.0
single_double_helix,16,5000.0,0,500.0,400.0
dual_single_helix,16,5000.0,0,600.0,400.0
single_double_helix,16,5000.0,0,600.0,400.0
dual_single_helix,16,5000.0,0,500.0,400.0
single_double_helix,16,5000.0,0,500.0,400.0
dual_single_helix,16,5000.0,0,600.0,400.0
single_double_helix,16,5000.0,0,600.0,400.0
dual_single_helix,16,5000.0,0,500.0,400.0
single_double_helix,16,5000.0,0,500.0,400.0
dual_single_helix,16,5000.0,0,600.0,400.0
single_double_helix,16,5000.0,0,600.0,400.0
dual_single_helix,16,5000.0,0,500.0,400.0
single_double_helix,16,5000.0,0,500.0,400.0
dual_single_helix,16,5000.0,0,600.0,400.0
single_double_helix,16,5000.0,0,600.0,400.0
dual_single_helix,16,5000.0,0,500.0,400.0
single_double_helix,16,5000.0,0,500.0,400.0
dual_single_helix,16,5000.0,0,600.0,400.0
single_double_helix,16,5000.0,0,600.0,400.0
dual_single_helix,16,5000.0,0,500.0,400.0
single_double_helix,16,5000.0,0,500.0,400.0
dual_single_helix,16,5000.0,0,600.0,400.0
single_double_helix,16,5000.0,0,600.0,400.0
dual_single_helix,16,5000.0,0,500.0,400.0
single_double_helix,16,5000.0,0,500.0,400.0
dual_single_helix,16,5000.0,0,600.0,400.0
single_double_helix,16,5000.0,0,600.0,400.0
dual_single_helix,16,5000.0,0,500.0,400.0
single_double_helix,16,5000.0,0,500.0,400.0
dual_single_helix,16,5000.0,0,600.0,400.0
single_double_helix,16,5000.0,0,600.0,400.0
dual_single_helix,16,5000.0,0,500.0,400.0
single_double_helix,16,5000.0,0,500.0,400.0
dual_single_helix,16,5000.0,0,600.0,400.0
single_double_helix,16,5000.0,0,600.0,400.0
dual_single_helix,16,5000.0,0,500.0,400.0
single_double_helix,16,5000.0,0,500.0,400.0
dual_single_helix,16,5000.0,0,600.0,400.0
single_double_helix,16,5000.0,0,600.0,400.0
dual_single_helix,16,5000.0,0,500.0,400.0
single_double_helix,16,5000.0,0,500.0,400.0
dual_single_helix,16,5000.0,0,600.0,400.0
single_double_helix,16,5000.0,0,600.0,400.0
dual_single_helix,16,5000.0,0,500.0,400.0
single_double_helix,16,5000.0,0,500.0,400.0
dual_single_helix,16,5000.0,0,600.0,400.0
single_double_helix,16,5000.0,0,600.0,400.0
dual_single_helix,16,5000.0,0,500.0,400.0
single_double_helix,16,5000.0,0,500.0,400.0
dual_single_helix,16,5000.0,0,600.0,400.0
single_double_helix,16,5000.0,0,600.0,400.0
dual_single_helix,16,5000.0,0,500.0,400.0
single_double_helix,16,5000.0,0,500.0,400.0
dual_single_helix,16,5000.0,0,600.0,400.0
single_double_helix,16,5000.0,0,600.0,400.0
dual_single_helix,16,5000.0,0,500.0,400.0
single_double_helix,16,5000.0,0,500.0,400.0
dual_single_helix,16,5000.0,0,600.0,400.0
single_double_helix,16,5000.0,0,600.0,400.0
dual_single_helix,16,5000.0,0,500.0,400.0
single_double_helix,16,5000.0,0,500.0,400.0
dual_single_helix,16,5000.0,0,600.0,400.0
single_double_helix,16,5000.0,0,600.0,400.0
dual_single_helix,16,5000.0,0,500.0,400.0
single_double_helix,16,5000.0,0,500.0,400.0
dual_single_helix,16,5000.0,0,600.0,400.0
single_double_helix,16,5000.0,0,600.0,400.0
dual_single_helix,16,5000.0,0,500.0,400.0
single_double_helix,16,5000.0,0,500.0,400.0
dual_single_helix,16,5000.0,0,600.0,400.0
single_double_helix,16,5000.0,0,600.0,400.0
dual_single_helix,16,5000.0,0,500.0,400.0
single_double_helix,16,5000.0,0,500.0,400.0
dual_single_helix,16,5000.0,0,600.0,400.0
single_double_helix,16,5000.0,0,600.0,400.0
dual_single_helix,16,5000.0,0,500.0,400.0
single_double_helix,16,5000.0,0,500.0,400.0
dual_single_helix,16,5000.0,0,600.0,400.0
single_double_helix,16,5000.0,0,600.0,400.0
dual_single_helix,16,5000.0,0,500.0,400.0
single_double_helix,16,5000.0,0,500.0,400.0
dual_single_helix,16,5000.0,0,600.0,400.0
single_double_helix,16,5000.0,0,600.0,400.0
dual_single_helix,16,5000.0,0,500.0,400.0
single_double_helix,16,5000.0,0,500.0,400.0
dual_single_helix,16,5000.0,0,600.0,400.0
single_double_helix,16,5000.0,0,600.0,400.0
dual_single_helix,16,5000.0,0,500.0,400.0
single_double_helix,16,5000.0,0,500.0,400.0
dual_single_helix,16,5000.0,0,600.0,400.0
single_double_helix,16,5000.0,0,600.0,400.0
dual_single_helix,16,5000.0,0,500.0,400.0
single_double_helix,16,5000.0,0,500.0,400.0
dual_single_helix,16,5000.0,0,600.0,400.0
single_double_helix,16,5000.0,0,600.0,400.0
dual_single_helix,16,5000.0,0,500.0,400.0
single_double_helix,16,5000.0,0,500.0,400.0
dual_single_helix,16,5000.0,0,600.0,400.0
single_double_helix,16,5000.0,0,600.0,400.0
dual_single_helix,16,5000.0,0,500.0,400.0
single_double_helix,16,5000.0,0,500.0,400.0
dual_single_helix,16,5000.0,0,600.0,400.0
single_double_helix,16,5000.0,0,600.0,400.0
dual_single_helix,16,5000.0,0,500.0,400.0
single_double_helix,16,5000.0,0,500.0,400.0
dual_single_helix,16,5000.0,0,600.0,400.0
single_double_helix,16,5000.0,0,600.0,400.0
dual_single_helix,16,5000.0,0,500.0,400.0
single_double_helix,16,5000.0,0,500.0,400.0
dual_single_helix,16,5000.0,1,500.0,400.0
single_double_helix,16,5000.0,1,500.0,400.0
dual_single_helix,16,5000.0,1,600.0,400.0
single_double_helix,16,5000.0,1,600.0,400.0
dual_single_helix,16,5000.0,1,500.0,400.0
single_double_helix,16,5000.0,1,500.0,400.0
dual_single_helix,16,5000.0,1,600.0,400.0
single_double_helix,16,5000.0,1,600.0,400.0
dual_single_helix,16,5000.0,1,500.0,400.0
single_double_helix,16,5000.0,1,500.0,400.0
dual_single_helix,16,5000.0,1,600.0,400.0
single_double_helix,16,5000.0,1,600.0,400.0
dual_single_helix,16,5000.0,1,500.0,400.0
single_double_helix,16,5000.0,1,500.0,400.0
dual_single_helix,16,5000.0,1,600.0,400.0
single_double_helix,16,5000.0,1,600.0,400.0
dual_single_helix,16,5000.0,1,500.0,400.0
single_double_helix,16,5000.0,1,500.0,400.0
dual_single_helix,16,5000.0,1,600.0,400.0
single_double_helix,16,5000.0,1,600.0,405.0
dual_single_helix,16,5000.0,1,500.0,400.0
single_double_helix,16,5000.0,1,500.0,400.0
dual_single_helix,16,5000.0,1,600.0,400.0
single_double_helix,16,5000.0,1,600.0,400.0
dual_single_helix,16,5000.0,1,500.0,400.0
single_double_helix,16,5000.0,1,500.0,400.0
dual_single_helix,16,5000.0,1,600.0,400.0
single_double_helix,16,5000.0,1,600.0,400.0
dual_single_helix,16,5000.0,1,500.0,400.0
single_double_helix,16,5000.0,1,500.0,400.0
dual_single_helix,16,5000.0,1,600.0,400.0
single_double_helix,16,5000.0,1,600.0,400.0
dual_single_helix,16,5000.0,1,500.0,400.0
single_double_helix,16,5000.0,1,500.0,400.0
dual_single_helix,16,5000.0,1,600.0,400.0
single_double_helix,16,5000.0,1,600.0,400.0
dual_single_helix,16,5000.0,1,500.0,400.0
single_double_helix,16,5000.0,1,500.0,400.0
dual_single_helix,16,5000.0,1,600.0,400.0
single_double_helix,16,5000.0,1,600.0,400.0
dual_single_helix,16,5000.0,1,500.0,400.0
single_double_helix,16,5000.0,1,500.0,400.0
dual_single_helix,16,5000.0,1,600.0,400.0
single_double_helix,16,5000.0,1,600.0,400.0
dual_single_helix,16,5000.0,1,500.0,400.0
single_double_helix,16,5000.0,1,500.0,400.0
dual_single_helix,16,5000.0,1,600.0,400.0
single_double_helix,16,5000.0,1,600.0,400.0
dual_single_helix,16,5000.0,1,500.0,400.0
single_double_helix,16,5000.0,1,500.0,400.0
dual_single_helix,16,5000.0,1,600.0,400.0
single_double_helix,16,5000.0,1,600.0,400.0
dual_single_helix,16,5000.0,1,500.0,400.0
single_double_helix,16,5000.0,1,500.0,400.0
dual_single_helix,16,5000.0,1,600.0,400.0
single_double_helix,16,5000.0,1,600.0,400.0
dual_single_helix,16,5000.0,1,500.0,400.0
single_double_helix,16,5000.0,1,500.0,400.0
dual_single_helix,16,5000.0,1,600.0,400.0
single_double_helix,16,5000.0,1,600.0,400.0
dual_single_helix,16,5000.0,1,500.0,400.0
single_double_helix,16,5000.0,1,500.0,400.0
dual_single_helix,16,5000.0,1,600.0,400.0
single_double_helix,16,5000.0,1,600.0,400.0
dual_single_helix,16,5000.0,1,500.0,400.0
single_double_helix,16,5000.0,1,500.0,400.0
dual_single_helix,16,5000.0,1,600.0,400.0
single_double_helix,16,5000.0,1,600.0,400.0
dual_single_helix,16,5000.0,1,500.0,400.0
single_double_helix,16,5000.0,1,500.0,400.0
dual_single_helix,16,5000.0,1,600.0,400.0
single_double_helix,16,5000.0,1,600.0,400.0
dual_single_helix,16,5000.0,1,500.0,400.0
single_double_helix,16,5000.0,1,500.0,400.0
dual_single_helix,16,5000.0,1,600.0,400.0
single_double_helix,16,5000.0,1,600.0,400.0
dual_single_helix,16,5000.0,1,500.0,400.0
single_double_helix,16,5000.0,1,500.0,400.0
dual_single_helix,16,5000.0,1,600.0,400.0
single_double_helix,16,5000.0,1,600.0,400.0
dual_single_helix,16,5000.0,1,500.0,400.0
single_double_helix,16,5000.0,1,500.0,400.0
dual_single_helix,16,5000.0,1,600.0,400.0
single_double_helix,16,5000.0,1,600.0,400.0
dual_single_helix,16,5000.0,1,500.0,400.0
single_double_helix,16,5000.0,1,500.0,400.0
dual_single_helix,16,5000.0,1,600.0,400.0
single_double_helix,16,5000.0,1,600.0,400.0
dual_single_helix,16,5000.0,1,500.0,400.0
single_double_helix,16,5000.0,1,500.0,400.0
dual_single_helix,16,5000.0,1,600.0,400.0
single_double_helix,16,5000.0,1,600.0,400.0
dual_single_helix,16,5000.0,1,500.0,400.0
single_double_helix,16,5000.0,1,500.0,400.0
dual_single_helix,16,5000.0,1,600.0,400.0
single_double_helix,16,5000.0,1,600.0,400.0
dual_single_helix,16,5000.0,1,500.0,400.0
single_double_helix,16,5000.0,1,500.0,400.0
dual_single_helix,16,5000.0,1,600.0,400.0
single_double_helix,16,5000.0,1,600.0,400.0
dual_single_helix,16,5000.0,1,500.0,400.0
single_double_helix,16,5000.0,1,500.0,400.0
dual_single_helix,16,5000.0,1,600.0,400.0
single_double_helix,16,5000.0,1,600.0,400.0
dual_single_helix,16,5000.0,1,500.0,400.0
single_double_helix,16,5000.0,1,500.0,400.0
dual_single_helix,16,5000.0,1,600.0,400.0
single_double_helix,16,5000.0,1,600.0,400.0
dual_single_helix,16,5000.0,1,500.0,400.0
single_double_helix,16,5000.0,1,500.0,400.0
dual_single_helix,16,5000.0,1,600.0,400.0
single_double_helix,16,5000.0,1,600.0,400.0
dual_single_helix,16,5000.0,1,500.0,400.0
single_double_helix,16,5000.0,1,500.0,400.0
dual_single_helix,16,5000.0,1,600.0,400.0
single_double_helix,16,5000.0,1,600.0,400.0
dual_single_helix,16,5000.0,1,500.0,400.0
single_double_helix,16,5000.0,1,500.0,400.0
dual_single_helix,16,5000.0,1,600.0,400.0
single_double_helix,16,5000.0,1,600.0,400.0
dual_single_helix,16,5000.0,1,500.0,400.0
single_double_helix,16,5000.0,1,500.0,400.0
dual_single_helix,16,5000.0,1,600.0,400.0
single_double_helix,16,5000.0,1,600.0,400.0
dual_single_helix,16,5000.0,1,500.0,400.0
single_double_helix,16,5000.0,1,500.0,400.0
dual_single_helix,16,5000.0,1,600.0,400.0
single_double_helix,16,5000.0,1,600.0,400.0
dual_single_helix,16,5000.0,1,500.0,400.0
single_double_helix,16,5000.0,1,500.0,400.0
dual_single_helix,16,5000.0,1,600.0,400.0
single_double_helix,16,5000.0,1,600.0,400.0
dual_single_helix,16,5000.0,1,500.0,400.0
single_double_helix,16,5000.0,1,500.0,400.0
dual_single_helix,16,5000.0,1,600.0,400.0
single_double_helix,16,5000.0,1,600.0,400.0
dual_single_helix,16,5000.0,1,500.0,400.0
single_double_helix,16,5000.0,1,500.0,400.0
dual_single_helix,16,5000.0,1,600.0,400.0
single_double_helix,16,5000.0,1,600.0,400.0
dual_single_helix,16,5000.0,1,500.0,400.0
single_double_helix,16,5000.0,1,500.0,400.0
dual_single_helix,16,5000.0,1,600.0,400.0
single_double_helix,16,5000.0,1,600.0,400.0
dual_single_helix,16,5000.0,1,500.0,400.0
single_double_helix,16,5000.0,1,500.0,400.0
dual_single_helix,16,5000.0,1,600.0,400.0
single_double_helix,16,5000.0,1,600.0,400.0
dual_single_helix,16,5000.0,1,500.0,400.0
single_double_helix,16,5000.0,1,500.0,400.0
dual_single_helix,16,5000.0,1,600.0,400.0
single_double_helix,16,5000.0,1,600.0,400.0
dual_single_helix,16,5000.0,1,500.0,400.0
single_double_helix,16,5000.0,1,500.0,400.0
dual_single_helix,16,5000.0,1,600.0,400.0
single_double_helix,16,5000.0,1,600.0,400.0
dual_single_helix,16,5000.0,1,500.0,400.0
single_double_helix,16,5000.0,1,500.0,400.0
dual_single_helix,16,5000.0,1,600.0,400.0
single_double_helix,16,5000.0,1,600.0,400.0
dual_single_helix,16,5000.0,1,500.0,400.0
single_double_helix,16,5000.0,1,500.0,400.0
dual_single_helix,16,5000.0,2,500.0,400.0
single_double_helix,16,5000.0,2,500.0,400.0
dual_single_helix,16,5000.0,2,600.0,400.0
single_double_helix,16,5000.0,2,600.0,400.0
dual_single_helix,16,5000.0,2,500.0,400.0
single_double_helix,16,5000.0,2,500.0,400.0
dual_single_helix,16,5000.0,2,600.0,400.0
single_double_helix,16,5000.0,2,600.0,400.0
dual_single_helix,16,5000.0,2,500.0,400.0
single_double_helix,16,5000.0,2,500.0,400.0
dual_single_helix,16,5000.0,2,600.0,400.0
single_double_helix,16,5000.0,2,600.0,400.0
dual_single_helix,16,5000.0,2,500.0,400.0
single_double_helix,16,5000.0,2,500.0,400.0
dual_single_helix,16,5000.0,2,600.0,400.0
single_double_helix,16,5000.0,2,600.0,400.0
dual_single_helix,16,5000.0,2,500.0,400.0
single_double_helix,16,5000.0,2,500.0,400.0
dual_single_helix,16,5000.0,2,600.0,400.0
single_double_helix,16,5000.0,2,600.0,400.0
dual_single_helix,16,5000.0,2,500.0,400.0
single_double_helix,16,5000.0,2,500.0,400.0
dual_single_helix,16,5000.0,2,600.0,400.0
single_double_helix,16,5000.0,2,600.0,400.0
dual_single_helix,16,5000.0,2,500.0,400.0
single_double_helix,16,5000.0,2,500.0,400.0
dual_single_helix,16,5000.0,2,600.0,400.0
single_double_helix,16,5000.0,2,600.0,400.0
dual_single_helix,16,5000.0,2,500.0,400.0
single_double_helix,16,5000.0,2,500.0,400.0
dual_single_helix,16,5000.0,2,600.0,400.0
single_double_helix,16,5000.0,2,600.0,400.0
dual_single_helix,16,5000.0,2,500.0,400.0
single_double_helix,16,5000.0,2,500.0,400.0
dual_single_helix,16,5000.0,2,600.0,400.0
single_double_helix,16,5000.0,2,600.0,400.0
dual_single_helix,16,5000.0,2,500.0,400.0
single_double_helix,16,5000.0,2,500.0,400.0
dual_single_helix,16,5000.0,2,600.0,400.0
single_double_helix,16,5000.0,2,600.0,400.0
dual_single_helix,16,5000.0,2,500.0,400.0
single_double_helix,16,5000.0,2,500.0,400.0
dual_single_helix,16,5000.0,2,600.0,400.0
single_double_helix,16,5000.0,2,600.0,400.0
dual_single_helix,16,5000.0,2,500.0,400.0
single_double_helix,16,5000.0,2,500.0,400.0
dual_single_helix,16,5000.0,2,600.0,400.0
single_double_helix,16,5000.0,2,600.0,400.0
dual_single_helix,16,5000.0,2,500.0,400.0
single_double_helix,16,5000.0,2,500.0,400.0
dual_single_helix,16,5000.0,2,600.0,400.0
single_double_helix,16,5000.0,2,600.0,400.0
dual_single_helix,16,5000.0,2,500.0,400.0
single_double_helix,16,5000.0,2,500.0,400.0
dual_single_helix,16,5000.0,2,600.0,400.0
single_double_helix,16,5000.0,2,600.0,400.0
dual_single_helix,16,5000.0,2,500.0,400.0
single_double_helix,16,5000.0,2,500.0,400.0
dual_single_helix,16,5000.0,2,600.0,400.0
single_double_helix,16,5000.0,2,600.0,400.0
dual_single_helix,16,5000.0,2,500.0,400.0
single_double_helix,16,5000.0,2,500.0,400.0
dual_single_helix,16,5000.0,2,600.0,400.0
single_double_helix,16,5000.0,2,600.0,400.0
dual_single_helix,16,5000.0,2,500.0,400.0
single_double_helix,16,5000.0,2,500.0,400.0
dual_single_helix,16,5000.0,2,600.0,400.0
single_double_helix,16,5000.0,2,600.0,400.0
dual_single_helix,16,5000.0,2,500.0,400.0
single_double_helix,16,5000.0,2,500.0,400.0
dual_single_helix,16,5000.0,2,600.0,400.0
single_double_helix,16,5000.0,2,600.0,400.0
dual_single_helix,16,5000.0,2,500.0,400.0
single_double_helix,16,5000.0,2,500.0,400.0
dual_single_helix,16,5000.0,2,600.0,400.0
single_double_helix,16,5000.0,2,600.0,400.0
dual_single_helix,16,5000.0,2,500.0,400.0
single_double_helix,16,5000.0,2,500.0,400.0
dual_single_helix,16,5000.0,2,600.0,400.0
single_double_helix,16,5000.0,2,600.0,400.0
dual_single_helix,16,5000.0,2,500.0,400.0
single_double_helix,16,5000.0,2,500.0,400.0
dual_single_helix,16,5000.0,2,600.0,400.0
single_double_helix,16,5000.0,2,600.0,400.0
dual_single_helix,16,5000.0,2,500.0,400.0
single_double_helix,16,5000.0,2,500.0,400.0
dual_single_helix,16,5000.0,2,600.0,400.0
single_double_helix,16,5000.0,2,600.0,400.0
dual_single_helix,16,5000.0,2,500.0,400.0
single_double_helix,16,5000.0,2,500.0,400.0
dual_single_helix,16,5000.0,2,600.0,400.0
single_double_helix,16,5000.0,2,600.0,400.0
dual_single_helix,16,5000.0,2,500.0,400.0
single_double_helix,16,5000.0,2,500.0,400.0
dual_single_helix,16,5000.0,2,600.0,400.0
single_double_helix,16,5000.0,2,600.0,400.0
dual_single_helix,16,5000.0,2,500.0,400.0
single_double_helix,16,5000.0,2,500.0,400.0
dual_single_helix,16,5000.0,2,600.0,400.0
single_double_helix,16,5000.0,2,600.0,400.0
dual_single_helix,16,5000.0,2,500.0,400.0
single_double_helix,16,5000.0,2,500.0,400.0
dual_single_helix,16,5000.0,2,600.0,400.0
single_double_helix,16,5000.0,2,600.0,400.0
dual_single_helix,16,5000.0,2,500.0,400.0
single_double_helix,16,5000.0,2,500.0,400.0
dual_single_helix,16,5000.0,2,600.0,400.0
single_double_helix,16,5000.0,2,600.0,400.0
dual_single_helix,16,5000.0,2,500.0,400.0
single_double_helix,16,5000.0,2,500.0,400.0
dual_single_helix,16,5000.0,2,600.0,400.0
single_double_helix,16,5000.0,2,600.0,400.0
dual_single_helix,16,5000.0,2,500.0,400.0
single_double_helix,16,5000.0,2,500.0,400.0
dual_single_helix,16,5000.0,2,600.0,400.0
single_double_helix,16,5000.0,2,600.0,400.0
dual_single_helix,16,5000.0,2,500.0,400.0
single_double_helix,16,5000.0,2,500.0,400.0
dual_single_helix,16,5000.0,2,600.0,400.0
single_double_helix,16,5000.0,2,600.0,400.0
dual_single_helix,16,5000.0,2,500.0,400.0
single_double_helix,16,5000.0,2,500.0,400.0
dual_single_helix,16,5000.0,2,600.0,400.0
single_double_helix,16,5000.0,2,600.0,400.0
dual_single_helix,16,5000.0,2,500.0,400.0
single_double_helix,16,5000.0,2,500.0,400.0
dual_single_helix,16,5000.0,2,600.0,400.0
single_double_helix,16,5000.0,2,600.0,400.0
dual_single_helix,16,5000.0,2,500.0,400.0
single_double_helix,16,5000.0,2,500.0,400.0
dual_single_helix,16,5000.0,2,600.0,400.0
single_double_helix,16,5000.0,2,600.0,400.0
dual_single_helix,16,5000.0,2,500.0,400.0
single_double_helix,16,5000.0,2,500.0,400.0
dual_single_helix,16,5000.0,2,600.0,400.0
single_double_helix,16,5000.0,2,600.0,400.0
dual_single_helix,16,5000.0,2,500.0,400.0
single_double_helix,16,5000.0,2,500.0,400.0
dual_single_helix,16,5000.0,2,600.0,400.0
single_double_helix,16,5000.0,2,600.0,400.0
dual_single_helix,16,5000.0,2,500.0,400.0
single_double_helix,16,5000.0,2,500.0,400.0
dual_single_helix,16,5000.0,2,600.0,400.0
single_double_helix,16,5000.0,2,600.0,405.0
dual_single_helix,16,5000.0,2,500.0,400.0
single_double_helix,16,5000.0,2,500.0,400.0
dual_single_helix,16,5000.0,2,600.0,400.0
single_double_helix,16,5000.0,2,600.0,400.0
dual_single_helix,16,5000.0,2,500.0,400.0
single_double_helix,16,5000.0,2,500.0,400.0
dual_single_helix,16,5000.0,2,600.0,400.0
single_double_helix,16,5000.0,2,600.0,400.0
dual_single_helix,16,5000.0,2,500.0,400.0
single_double_helix,16,5000.0,2,500.0,400.0
dual_single_helix,16,5000.0,2,600.0,400.0
single_double_helix,16,5000.0,2,600.0,400.0
dual_single_helix,16,5000.0,2,500.0,400.0
single_double_helix,16,5000.0,2,500.0,400.0
dual_single_helix,16,5000.0,2,600.0,400.0
single_double_helix,16,5000.0,2,600.0,400.0
dual_single_helix,16,5000.0,2,500.0,400.0
single_double_helix,16,5000.0,2,500.0,400.0
dual_single_helix,16,5000.0,3,500.0,400.0
single_double_helix,16,5000.0,3,500.0,400.0
dual_single_helix,16,5000.0,3,600.0,400.0
single_double_helix,16,5000.0,3,600.0,400.0
dual_single_helix,16,5000.0,3,500.0,400.0
single_double_helix,16,5000.0,3,500.0,400.0
dual_single_helix,16,5000.0,3,600.0,400.0
single_double_helix,16,5000.0,3,600.0,400.0
dual_single_helix,16,5000.0,3,500.0,400.0
single_double_helix,16,5000.0,3,500.0,400.0
dual_single_helix,16,5000.0,3,600.0,400.0
single_double_helix,16,5000.0,3,600.0,400.0
dual_single_helix,16,5000.0,3,500.0,400.0
single_double_helix,16,5000.0,3,500.0,400.0
dual_single_helix,16,5000.0,3,600.0,400.0
single_double_helix,16,5000.0,3,600.0,400.0
dual_single_helix,16,5000.0,3,500.0,400.0
single_double_helix,16,5000.0,3,500.0,400.0
dual_single_helix,16,5000.0,3,600.0,400.0
single_double_helix,16,5000.0,3,600.0,400.0
dual_single_helix,16,5000.0,3,500.0,400.0
single_double_helix,16,5000.0,3,500.0,400.0
dual_single_helix,16,5000.0,3,600.0,400.0
single_double_helix,16,5000.0,3,600.0,400.0
dual_single_helix,16,5000.0,3,500.0,400.0
single_double_helix,16,5000.0,3,500.0,400.0
dual_single_helix,16,5000.0,3,600.0,400.0
single_double_helix,16,5000.0,3,600.0,400.0
dual_single_helix,16,5000.0,3,500.0,400.0
single_double_helix,16,5000.0,3,500.0,400.0
dual_single_helix,16,5000.0,3,600.0,400.0
single_double_helix,16,5000.0,3,600.0,400.0
dual_single_helix,16,5000.0,3,500.0,400.0
single_double_helix,16,5000.0,3,500.0,400.0
dual_single_helix,16,5000.0,3,600.0,400.0
single_double_helix,16,5000.0,3,600.0,400.0
dual_single_helix,16,5000.0,3,500.0,400.0
single_double_helix,16,5000.0,3,500.0,400.0
dual_single_helix,16,5000.0,3,600.0,400.0
single_double_helix,16,5000.0,3,600.0,400.0
dual_single_helix,16,5000.0,3,500.0,400.0
single_double_helix,16,5000.0,3,500.0,400.0
dual_single_helix,16,5000.0,3,600.0,400.0
single_double_helix,16,5000.0,3,600.0,400.0
dual_single_helix,16,5000.0,3,500.0,400.0
single_double_helix,16,5000.0,3,500.0,400.0
dual_single_helix,16,5000.0,3,600.0,400.0
single_double_helix,16,5000.0,3,600.0,400.0
dual_single_helix,16,5000.0,3,500.0,400.0
single_double_helix,16,5000.0,3,500.0,400.0
dual_single_helix,16,5000.0,3,600.0,400.0
single_double_helix,16,5000.0,3,600.0,400.0
dual_single_helix,16,5000.0,3,500.0,400.0
single_double_helix,16,5000.0,3,500.0,400.0
dual_single_helix,16,5000.0,3,600.0,400.0
single_double_helix,16,5000.0,3,600.0,400.0
dual_single_helix,16,5000.0,3,500.0,400.0
single_double_helix,16,5000.0,3,500.0,400.0
dual_single_helix,16,5000.0,3,600.0,400.0
single_double_helix,16,5000.0,3,600.0,400.0
dual_single_helix,16,5000.0,3,500.0,400.0
single_double_helix,16,5000.0,3,500.0,400.0
dual_single_helix,16,5000.0,3,600.0,400.0
single_double_helix,16,5000.0,3,600.0,400.0
dual_single_helix,16,5000.0,3,500.0,400.0
single_double_helix,16,5000.0,3,500.0,400.0
dual_single_helix,16,5000.0,3,600.0,400.0
single_double_helix,16,5000.0,3,600.0,400.0
dual_single_helix,16,5000.0,3,500.0,400.0
single_double_helix,16,5000.0,3,500.0,400.0
dual_single_helix,16,5000.0,3,600.0,400.0
single_double_helix,16,5000.0,3,600.0,400.0
dual_single_helix,16,5000.0,3,500.0,400.0
single_double_helix,16,5000.0,3,500.0,400.0
dual_single_helix,16,5000.0,3,600.0,400.0
single_double_helix,16,5000.0,3,600.0,400.0
dual_single_helix,16,5000.0,3,500.0,400.0
single_double_helix,16,5000.0,3,500.0,400.0
dual_single_helix,16,5000.0,3,600.0,400.0
single_double_helix,16,5000.0,3,600.0,400.0
dual_single_helix,16,5000.0,3,500.0,400.0
single_double_helix,16,5000.0,3,500.0,400.0
dual_single_helix,16,5000.0,3,600.0,400.0
single_double_helix,16,5000.0,3,600.0,400.0
dual_single_helix,16,5000.0,3,500.0,400.0
single_double_helix,16,5000.0,3,500.0,400.0
dual_single_helix,16,5000.0,3,600.0,400.0
single_double_helix,16,5000.0,3,600.0,400.0
dual_single_helix,16,5000.0,3,500.0,400.0
single_double_helix,16,5000.0,3,500.0,400.0
dual_single_helix,16,5000.0,3,600.0,400.0
single_double_helix,16,5000.0,3,600.0,400.0
dual_single_helix,16,5000.0,3,500.0,400.0
single_double_helix,16,5000.0,3,500.0,400.0
dual_single_helix,16,5000.0,3,600.0,400.0
single_double_helix,16,5000.0,3,600.0,400.0
dual_single_helix,16,5000.0,3,500.0,400.0
single_double_helix,16,5000.0,3,500.0,400.0
dual_single_helix,16,5000.0,3,600.0,400.0
single_double_helix,16,5000.0,3,600.0,400.0
dual_single_helix,16,5000.0,3,500.0,400.0
single_double_helix,16,5000.0,3,500.0,400.0
dual_single_helix,16,5000.0,3,600.0,400.0
single_double_helix,16,5000.0,3,600.0,400.0
dual_single_helix,16,5000.0,3,500.0,400.0
single_double_helix,16,5000.0,3,500.0,400.0
dual_single_helix,16,5000.0,3,600.0,400.0
single_double_helix,16,5000.0,3,600.0,400.0
dual_single_helix,16,5000.0,3,500.0,400.0
single_double_helix,16,5000.0,3,500.0,400.0
dual_single_helix,16,5000.0,3,600.0,400.0
single_double_helix,16,5000.0,3,600.0,400.0
dual_single_helix,16,5000.0,3,500.0,400.0
single_double_helix,16,5000.0,3,500.0,400.0
dual_single_helix,16,5000.0,3,600.0,400.0
single_double_helix,16,5000.0,3,600.0,400.0
dual_single_helix,16,5000.0,3,500.0,400.0
single_double_helix,16,5000.0,3,500.0,400.0
dual_single_helix,16,5000.0,3,600.0,400.0
single_double_helix,16,5000.0,3,600.0,400.0
dual_single_helix,16,5000.0,3,500.0,400.0
single_double_helix,16,5000.0,3,500.0,400.0
dual_single_helix,16,5000.0,3,600.0,400.0
single_double_helix,16,5000.0,3,600.0,400.0
dual_single_helix,16,5000.0,3,500.0,400.0
single_double_helix,16,5000.0,3,500.0,400.0
dual_single_helix,16,5000.0,3,600.0,400.0
single_double_helix,16,5000.0,3,600.0,400.0
dual_single_helix,16,5000.0,3,500.0,400.0
single_double_helix,16,5000.0,3,500.0,400.0
dual_single_helix,16,5000.0,3,600.0,400.0
single_double_helix,16,5000.0,3,600.0,400.0
dual_single_helix,16,5000.0,3,500.0,400.0
single_double_helix,16,5000.0,3,500.0,400.0
dual_single_helix,16,5000.0,3,600.0,400.0
single_double_helix,16,5000.0,3,600.0,400.0
dual_single_helix,16,5000.0,3,500.0,400.0
single_double_helix,16,5000.0,3,500.0,400.0
dual_single_helix,16,5000.0,3,600.0,400.0
single_double_helix,16,5000.0,3,600.0,400.0
dual_single_helix,16,5000.0,3,500.0,400.0
single_double_helix,16,5000.0,3,500.0,400.0
dual_single_helix,16,5000.0,3,600.0,400.0
single_double_helix,16,5000.0,3,600.0,405.0
dual_single_helix,16,5000.0,3,500.0,400.0
single_double_helix,16,5000.0,3,500.0,400.0
dual_single_helix,16,5000.0,3,600.0,400.0
single_double_helix,16,5000.0,3,600.0,400.0
dual_single_helix,16,5000.0,3,500.0,400.0
single_double_helix,16,5000.0,3,500.0,400.0
dual_single_helix,16,5000.0,3,600.0,400.0
single_double_helix,16,5000.0,3,600.0,400.0
dual_single_helix,16,5000.0,3,500.0,400.0
single_double_helix,16,5000.0,3,500.0,400.0
dual_single_helix,16,5000.0,3,600.0,400.0
single_double_helix,16,5000.0,3,600.0,400.0
dual_single_helix,16,5000.0,3,500.0,400.0
single_double_helix,16,5000.0,3,500.0,400.0
dual_single_helix,16,5000.0,3,600.0,400.0
single_double_helix,16,5000.0,3,600.0,400.0
dual_single_helix,16,5000.0,3,500.0,400.0
single_double_helix,16,5000.0,3,500.0,400.0
dual_single_helix,16,5000.0,4,500.0,400.0
single_double_helix,16,5000.0,4,500.0,400.0
dual_single_helix,16,5000.0,4,600.0,400.0
single_double_helix,16,5000.0,4,600.0,400.0
dual_single_helix,16,5000.0,4,500.0,400.0
single_double_helix,16,5000.0,4,500.0,400.0
dual_single_helix,16,5000.0,4,600.0,400.0
single_double_helix,16,5000.0,4,600.0,400.0
dual_single_helix,16,5000.0,4,500.0,400.0
single_double_helix,16,5000.0,4,500.0,400.0
dual_single_helix,16,5000.0,4,600.0,400.0
single_double_helix,16,5000.0,4,600.0,400.0
dual_single_helix,16,5000.0,4,500.0,400.0
single_double_helix,16,5000.0,4,500.0,400.0
dual_single_helix,16,5000.0,4,600.0,400.0
single_double_helix,16,5000.0,4,600.0,400.0
dual_single_helix,16,5000.0,4,500.0,400.0
single_double_helix,16,5000.0,4,500.0,400.0
dual_single_helix,16,5000.0,4,600.0,400.0
single_double_helix,16,5000.0,4,600.0,400.0
dual_single_helix,16,5000.0,4,500.0,400.0
single_double_helix,16,5000.0,4,500.0,400.0
dual_single_helix,16,5000.0,4,600.0,400.0
single_double_helix,16,5000.0,4,600.0,400.0
dual_single_helix,16,5000.0,4,500.0,400.0
single_double_helix,16,5000.0,4,500.0,400.0
dual_single_helix,16,5000.0,4,600.0,400.0
single_double_helix,16,5000.0,4,600.0,400.0
dual_single_helix,16,5000.0,4,500.0,400.0
single_double_helix,16,5000.0,4,500.0,400.0
dual_single_helix,16,5000.0,4,600.0,400.0
single_double_helix,16,5000.0,4,600.0,400.0
dual_single_helix,16,5000.0,4,500.0,400.0
single_double_helix,16,5000.0,4,500.0,400.0
dual_single_helix,16,5000.0,4,600.0,400.0
single_double_helix,16,5000.0,4,600.0,400.0
dual_single_helix,16,5000.0,4,500.0,400.0
single_double_helix,16,5000.0,4,500.0,400.0
dual_single_helix,16,5000.0,4,600.0,400.0
single_double_helix,16,5000.0,4,600.0,400.0
dual_single_helix,16,5000.0,4,500.0,400.0
single_double_helix,16,5000.0,4,500.0,400.0
dual_single_helix,16,5000.0,4,600.0,400.0
single_double_helix,16,5000.0,4,600.0,400.0
dual_single_helix,16,5000.0,4,500.0,400.0
single_double_helix,16,5000.0,4,500.0,400.0
dual_single_helix,16,5000.0,4,600.0,400.0
single_double_helix,16,5000.0,4,600.0,400.0
dual_single_helix,16,5000.0,4,500.0,400.0
single_double_helix,16,5000.0,4,500.0,400.0
dual_single_helix,16,5000.0,4,600.0,400.0
single_double_helix,16,5000.0,4,600.0,400.0
dual_single_helix,16,5000.0,4,500.0,400.0
single_double_helix,16,5000.0,4,500.0,400.0
dual_single_helix,16,5000.0,4,600.0,400.0
single_double_helix,16,5000.0,4,600.0,400.0
dual_single_helix,16,5000.0,4,500.0,400.0
single_double_helix,16,5000.0,4,500.0,400.0
dual_single_helix,16,5000.0,4,600.0,400.0
single_double_helix,16,5000.0,4,600.0,400.0
dual_single_helix,16,5000.0,4,500.0,400.0
single_double_helix,16,5000.0,4,500.0,400.0
dual_single_helix,16,5000.0,4,600.0,400.0
single_double_helix,16,5000.0,4,600.0,400.0
dual_single_helix,16,5000.0,4,500.0,400.0
single_double_helix,16,5000.0,4,500.0,400.0
dual_single_helix,16,5000.0,4,600.0,400.0
single_double_helix,16,5000.0,4,600.0,400.0
dual_single_helix,16,5000.0,4,500.0,400.0
single_double_helix,16,5000.0,4,500.0,400.0
dual_single_helix,16,5000.0,4,600.0,400.0
single_double_helix,16,5000.0,4,600.0,400.0
dual_single_helix,16,5000.0,4,500.0,400.0
single_double_helix,16,5000.0,4,500.0,400.0
dual_single_helix,16,5000.0,4,600.0,400.0
single_double_helix,16,5000.0,4,600.0,400.0
dual_single_helix,16,5000.0,4,500.0,400.0
single_double_helix,16,5000.0,4,500.0,400.0
dual_single_helix,16,5000.0,4,600.0,400.0
single_double_helix,16,5000.0,4,600.0,400.0
dual_single_helix,16,5000.0,4,500.0,400.0
single_double_helix,16,5000.0,4,500.0,400.0
dual_single_helix,16,5000.0,4,600.0,400.0
single_double_helix,16,5000.0,4,600.0,400.0
dual_single_helix,16,5000.0,4,500.0,400.0
single_double_helix,16,5000.0,4,500.0,400.0
dual_single_helix,16,5000.0,4,600.0,400.0
single_double_helix,16,5000.0,4,600.0,400.0
dual_single_helix,16,5000.0,4,500.0,400.0
single_double_helix,16,5000.0,4,500.0,400.0
dual_single_helix,16,5000.0,4,600.0,400.0
single_double_helix,16,5000.0,4,600.0,400.0
dual_single_helix,16,5000.0,4,500.0,400.0
single_double_helix,16,5000.0,4,500.0,400.0
dual_single_helix,16,5000.0,4,600.0,400.0
single_double_helix,16,5000.0,4,600.0,400.0
dual_single_helix,16,5000.0,4,500.0,400.0
single_double_helix,16,5000.0,4,500.0,400.0
dual_single_helix,16,5000.0,4,600.0,400.0
single_double_helix,16,5000.0,4,600.0,400.0
dual_single_helix,16,5000.0,4,500.0,400.0
single_double_helix,16,5000.0,4,500.0,400.0
dual_single_helix,16,5000.0,4,600.0,400.0
single_double_helix,16,5000.0,4,600.0,400.0
dual_single_helix,16,5000.0,4,500.0,400.0
single_double_helix,16,5000.0,4,500.0,400.0
dual_single_helix,16,5000.0,4,600.0,400.0
single_double_helix,16,5000.0,4,600.0,400.0
dual_single_helix,16,5000.0,4,500.0,400.0
single_double_helix,16,5000.0,4,500.0,400.0
dual_single_helix,16,5000.0,4,600.0,400.0
single_double_helix,16,5000.0,4,600.0,400.0
dual_single_helix,16,5000.0,4,500.0,400.0
single_double_helix,16,5000.0,4,500.0,400.0
dual_single_helix,16,5000.0,4,600.0,400.0
single_double_helix,16,5000.0,4,600.0,400.0
dual_single_helix,16,5000.0,4,500.0,400.0
single_double_helix,16,5000.0,4,500.0,400.0
dual_single_helix,16,5000.0,4,600.0,400.0
single_double_helix,16,5000.0,4,600.0,400.0
dual_single_helix,16,5000.0,4,500.0,400.0
single_double_helix,16,5000.0,4,500.0,400.0
dual_single_helix,16,5000.0,4,600.0,400.0
single_double_helix,16,5000.0,4,600.0,400.0
dual_single_helix,16,5000.0,4,500.0,400.0
single_double_helix,16,5000.0,4,500.0,400.0
dual_single_helix,16,5000.0,4,600.0,400.0
single_double_helix,16,5000.0,4,600.0,400.0
dual_single_helix,16,5000.0,4,500.0,400.0
single_double_helix,16,5000.0,4,500.0,400.0
dual_single_helix,16,5000.0,4,600.0,400.0
single_double_helix,16,5000.0,4,600.0,400.0
dual_single_helix,16,5000.0,4,500.0,400.0
single_double_helix,16,5000.0,4,500.0,400.0
dual_single_helix,16,5000.0,4,600.0,400.0
single_double_helix,16,5000.0,4,600.0,400.0
dual_single_helix,16,5000.0,4,500.0,400.0
single_double_helix,16,5000.0,4,500.0,400.0
dual_single_helix,16,5000.0,4,600.0,400.0
single_double_helix,16,5000.0,4,600.0,400.0
dual_single_helix,16,5000.0,4,500.0,400.0
single_double_helix,16,5000.0,4,500.0,400.0
dual_single_helix,16,5000.0,4,600.0,400.0
single_double_helix,16,5000.0,4,600.0,405.0
dual_single_helix,16,5000.0,4,500.0,400.0
single_double_helix,16,5000.0,4,500.0,400.0
dual_single_helix,16,5000.0,4,600.0,400.0
single_double_helix,16,5000.0,4,600.0,400.0
dual_single_helix,16,5000.0,4,500.0,400.0
single_double_helix,16,5000.0,4,500.0,400.0
dual_single_helix,16,5000.0,4,600.0,400.0
single_double_helix,16,5000.0,4,600.0,400.0
dual_single_helix,16,5000.0,4,500.0,400.0
single_double_helix,16,5000.0,4,500.0,400.0
dual_single_helix,16,5000.0,4,600.0,400.0
single_double_helix,16,5000.0,4,600.0,400.0
dual_single_helix,16,5000.0,4,500.0,400.0
single_double_helix,16,5000.0,4,500.0,400.0
dual_single_helix,16,5000.0,4,600.0,400.0
single_double_helix,16,5000.0,4,600.0,400.0
dual_single_helix,16,5000.0,4,500.0,400.0
single_double_helix,16,5000.0,4,500.0,400.0
dual_single_helix,16,20000.0,0,500.0,400.0
single_double_helix,16,20000.0,0,500.0,400.0
dual_single_helix,16,20000.0,0,600.0,400.0
single_double_helix,16,20000.0,0,600.0,400.0
dual_single_helix,16,20000.0,0,500.0,400.0
single_double_helix,16,20000.0,0,500.0,400.0
dual_single_helix,16,20000.0,0,600.0,400.0
single_double_helix,16,20000.0,0,600.0,400.0
dual_single_helix,16,20000.0,0,500.0,400.0
single_double_helix,16,20000.0,0,500.0,400.0
dual_single_helix,16,20000.0,0,600.0,400.0
single_double_helix,16,20000.0,0,600.0,400.0
dual_single_helix,16,20000.0,0,500.0,400.0
single_double_helix,16,20000.0,0,500.0,400.0
dual_single_helix,16,20000.0,0,600.0,400.0
single_double_helix,16,20000.0,0,600.0,400.0
dual_single_helix,16,20000.0,0,500.0,400.0
single_double_helix,16,20000.0,0,500.0,400.0
dual_single_helix,16,20000.0,0,600.0,400.0
single_double_helix,16,20000.0,0,600.0,405.0
dual_single_helix,16,20000.0,0,500.0,400.0
single_double_helix,16,20000.0,0,500.0,400.0
dual_single_helix,16,20000.0,0,600.0,400.0
single_double_helix,16,20000.0,0,600.0,400.0
dual_single_helix,16,20000.0,0,500.0,400.0
single_double_helix,16,20000.0,0,500.0,400.0
dual_single_helix,16,20000.0,0,600.0,400.0
single_double_helix,16,20000.0,0,600.0,400.0
dual_single_helix,16,20000.0,0,500.0,400.0
single_double_helix,16,20000.0,0,500.0,400.0
dual_single_helix,16,20000.0,0,600.0,400.0
single_double_helix,16,20000.0,0,600.0,400.0
dual_single_helix,16,20000.0,0,500.0,400.0
single_double_helix,16,20000.0,0,500.0,400.0
dual_single_helix,16,20000.0,0,600.0,400.0
single_double_helix,16,20000.0,0,600.0,400.0
dual_single_helix,16,20000.0,0,500.0,400.0
single_double_helix,16,20000.0,0,500.0,400.0
dual_single_helix,16,20000.0,0,600.0,400.0
single_double_helix,16,20000.0,0,600.0,400.0
dual_single_helix,16,20000.0,0,500.0,400.0
single_double_helix,16,20000.0,0,500.0,400.0
dual_single_helix,16,20000.0,0,600.0,400.0
single_double_helix,16,20000.0,0,600.0,400.0
dual_single_helix,16,20000.0,0,500.0,400.0
single_double_helix,16,20000.0,0,500.0,400.0
dual_single_helix,16,20000.0,0,600.0,400.0
single_double_helix,16,20000.0,0,600.0,400.0
dual_single_helix,16,20000.0,0,500.0,400.0
single_double_helix,16,20000.0,0,500.0,400.0
dual_single_helix,16,20000.0,0,600.0,400.0
single_double_helix,16,20000.0,0,600.0,400.0
dual_single_helix,16,20000.0,0,500.0,400.0
single_double_helix,16,20000.0,0,500.0,400.0
dual_single_helix,16,20000.0,0,600.0,400.0
single_double_helix,16,20000.0,0,600.0,400.0
dual_single_helix,16,20000.0,0,500.0,400.0
single_double_helix,16,20000.0,0,500.0,400.0
dual_single_helix,16,20000.0,0,600.0,400.0
single_double_helix,16,20000.0,0,600.0,400.0
dual_single_helix,16,20000.0,0,500.0,400.0
single_double_helix,16,20000.0,0,500.0,400.0
dual_single_helix,16,20000.0,0,600.0,400.0
single_double_helix,16,20000.0,0,600.0,400.0
dual_single_helix,16,20000.0,0,500.0,400.0
single_double_helix,16,20000.0,0,500.0,400.0
dual_single_helix,16,20000.0,0,600.0,400.0
single_double_helix,16,20000.0,0,600.0,400.0
dual_single_helix,16,20000.0,0,500.0,400.0
single_double_helix,16,20000.0,0,500.0,400.0
dual_single_helix,16,20000.0,0,600.0,400.0
single_double_helix,16,20000.0,0,600.0,400.0
dual_single_helix,16,20000.0,0,500.0,400.0
single_double_helix,16,20000.0,0,500.0,400.0
dual_single_helix,16,20000.0,0,600.0,400.0
single_double_helix,16,20000.0,0,600.0,400.0
dual_single_helix,16,20000.0,0,500.0,400.0
single_double_helix,16,20000.0,0,500.0,400.0
dual_single_helix,16,20000.0,0,600.0,400.0
single_double_helix,16,20000.0,0,600.0,400.0
dual_single_helix,16,20000.0,0,500.0,400.0
single_double_helix,16,20000.0,0,500.0,400.0
dual_single_helix,16,20000.0,0,600.0,400.0
single_double_helix,16,20000.0,0,600.0,400.0
dual_single_helix,16,20000.0,0,500.0,400.0
single_double_helix,16,20000.0,0,500.0,400.0
dual_single_helix,16,20000.0,0,600.0,400.0
single_double_helix,16,20000.0,0,600.0,400.0
dual_single_helix,16,20000.0,0,500.0,400.0
single_double_helix,16,20000.0,0,500.0,400.0
dual_single_helix,16,20000.0,0,600.0,400.0
single_double_helix,16,20000.0,0,600.0,400.0
dual_single_helix,16,20000.0,0,500.0,400.0
single_double_helix,16,20000.0,0,500.0,400.0
dual_single_helix,16,20000.0,0,600.0,400.0
single_double_helix,16,20000.0,0,600.0,400.0
dual_single_helix,16,20000.0,0,500.0,400.0
single_double_helix,16,20000.0,0,500.0,400.0
dual_single_helix,16,20000.0,0,600.0,400.0
single_double_helix,16,20000.0,0,600.0,400.0
dual_single_helix,16,20000.0,0,500.0,400.0
single_double_helix,16,20000.0,0,500.0,400.0
dual_single_helix,16,20000.0,0,600.0,400.0
single_double_helix,16,20000.0,0,600.0,400.0
dual_single_helix,16,20000.0,0,500.0,400.0
single_double_helix,16,20000.0,0,500.0,400.0
dual_single_helix,16,20000.0,0,600.0,400.0
single_double_helix,16,20000.0,0,600.0,400.0
dual_single_helix,16,20000.0,0,500.0,400.0
single_double_helix,16,20000.0,0,500.0,400.0
dual_single_helix,16,20000.0,0,600.0,400.0
single_double_helix,16,20000.0,0,600.0,400.0
dual_single_helix,16,20000.0,0,500.0,400.0
single_double_helix,16,20000.0,0,500.0,400.0
dual_single_helix,16,20000.0,0,600.0,400.0
single_double_helix,16,20000.0,0,600.0,400.0
dual_single_helix,16,20000.0,0,500.0,400.0
single_double_helix,16,20000.0,0,500.0,400.0
dual_single_helix,16,20000.0,0,600.0,400.0
single_double_helix,16,20000.0,0,600.0,400.0
dual_single_helix,16,20000.0,0,500.0,400.0
single_double_helix,16,20000.0,0,500.0,400.0
dual_single_helix,16,20000.0,0,600.0,400.0
single_double_helix,16,20000.0,0,600.0,400.0
dual_single_helix,16,20000.0,0,500.0,400.0
single_double_helix,16,20000.0,0,500.0,400.0
dual_single_helix,16,20000.0,0,600.0,400.0
single_double_helix,16,20000.0,0,600.0,400.0
dual_single_helix,16,20000.0,0,500.0,400.0
single_double_helix,16,20000.0,0,500.0,400.0
dual_single_helix,16,20000.0,0,600.0,400.0
single_double_helix,16,20000.0,0,600.0,400.0
dual_single_helix,16,20000.0,0,500.0,400.0
single_double_helix,16,20000.0,0,500.0,400.0
dual_single_helix,16,20000.0,0,600.0,400.0
single_double_helix,16,20000.0,0,600.0,400.0
dual_single_helix,16,20000.0,0,500.0,400.0
single_double_helix,16,20000.0,0,500.0,400.0
dual_single_helix,16,20000.0,0,600.0,400.0
single_double_helix,16,20000.0,0,600.0,400.0
dual_single_helix,16,20000.0,0,500.0,400.0
single_double_helix,16,20000.0,0,500.0,400.0
dual_single_helix,16,20000.0,0,600.0,400.0
single_double_helix,16,20000.0,0,600.0,405.0
dual_single_helix,16,20000.0,0,500.0,400.0
single_double_helix,16,20000.0,0,500.0,400.0
dual_single_helix,16,20000.0,0,600.0,400.0
single_double_helix,16,20000.0,0,600.0,400.0
dual_single_helix,16,20000.0,0,500.0,400.0
single_double_helix,16,20000.0,0,500.0,400.0
dual_single_helix,16,20000.0,0,600.0,400.0
single_double_helix,16,20000.0,0,600.0,400.0
dual_single_helix,16,20000.0,0,500.0,400.0
single_double_helix,16,20000.0,0,500.0,400.0
dual_single_helix,16,20000.0,0,600.0,400.0
single_double_helix,16,20000.0,0,600.0,400.0
dual_single_helix,16,20000.0,0,500.0,400.0
single_double_helix,16,20000.0,0,500.0,400.0
dual_single_helix,16,20000.0,0,600.0,400.0
single_double_helix,16,20000.0,0,600.0,400.0
dual_single_helix,16,20000.0,0,500.0,400.0
single_double_helix,16,20000.0,0,500.0,400.0
dual_single_helix,16,20000.0,1,500.0,400.0
single_double_helix,16,20000.0,1,500.0,400.0
dual_single_helix,16,20000.0,1,600.0,400.0
single_double_helix,16,20000.0,1,600.0,400.0
dual_single_helix,16,20000.0,1,500.0,400.0
single_double_helix,16,20000.0,1,500.0,400.0
dual_single_helix,16,20000.0,1,600.0,400.0
single_double_helix,16,20000.0,1,600.0,400.0
dual_single_helix,16,20000.0,1,500.0,400.0
single_double_helix,16,20000.0,1,500.0,400.0
dual_single_helix,16,20000.0,1,600.0,400.0
single_double_helix,16,20000.0,1,600.0,400.0
dual_single_helix,16,20000.0,1,500.0,400.0
single_double_helix,16,20000.0,1,500.0,400.0
dual_single_helix,16,20000.0,1,600.0,400.0
single_double_helix,16,20000.0,1,600.0,400.0
dual_single_helix,16,20000.0,1,500.0,400.0
single_double_helix,16,20000.0,1,500.0,400.0
dual_single_helix,16,20000.0,1,600.0,400.0
single_double_helix,16,20000.0,1,600.0,405.0
dual_single_helix,16,20000.0,1,500.0,400.0
single_double_helix,16,20000.0,1,500.0,400.0
dual_single_helix,16,20000.0,1,600.0,400.0
single_double_helix,16,20000.0,1,600.0,400.0
dual_single_helix,16,20000.0,1,500.0,400.0
single_double_helix,16,20000.0,1,500.0,400.0
dual_single_helix,16,20000.0,1,600.0,400.0
single_double_helix,16,20000.0,1,600.0,400.0
dual_single_helix,16,20000.0,1,500.0,400.0
single_double_helix,16,20000.0,1,500.0,400.0
dual_single_helix,16,20000.0,1,600.0,400.0
single_double_helix,16,20000.0,1,600.0,400.0
dual_single_helix,16,20000.0,1,500.0,400.0
single_double_helix,16,20000.0,1,500.0,400.0
dual_single_helix,16,20000.0,1,600.0,400.0
single_double_helix,16,20000.0,1,600.0,400.0
dual_single_helix,16,20000.0,1,500.0,400.0
single_double_helix,16,20000.0,1,500.0,400.0
dual_single_helix,16,20000.0,1,600.0,400.0
single_double_helix,16,20000.0,1,600.0,400.0
dual_single_helix,16,20000.0,1,500.0,400.0
single_double_helix,16,20000.0,1,500.0,400.0
dual_single_helix,16,20000.0,1,600.0,400.0
single_double_helix,16,20000.0,1,600.0,400.0
dual_single_helix,16,20000.0,1,500.0,400.0
single_double_helix,16,20000.0,1,500.0,400.0
dual_single_helix,16,20000.0,1,600.0,400.0
single_double_helix,16,20000.0,1,600.0,400.0
dual_single_helix,16,20000.0,1,500.0,400.0
single_double_helix,16,20000.0,1,500.0,400.0
dual_single_helix,16,20000.0,1,600.0,400.0
single_double_helix,16,20000.0,1,600.0,400.0
dual_single_helix,16,20000.0,1,500.0,400.0
single_double_helix,16,20000.0,1,500.0,400.0
dual_single_helix,16,20000.0,1,600.0,400.0
single_double_helix,16,20000.0,1,600.0,400.0
dual_single_helix,16,20000.0,1,500.0,400.0
single_double_helix,16,20000.0,1,500.0,400.0
dual_single_helix,16,20000.0,1,600.0,400.0
single_double_helix,16,20000.0,1,600.0,400.0
dual_single_helix,16,20000.0,1,500.0,400.0
single_double_helix,16,20000.0,1,500.0,400.0
dual_single_helix,16,20000.0,1,600.0,400.0
single_double_helix,16,20000.0,1,600.0,400.0
dual_single_helix,16,20000.0,1,500.0,400.0
single_double_helix,16,20000.0,1,500.0,400.0
dual_single_helix,16,20000.0,1,600.0,400.0
single_double_helix,16,20000.0,1,600.0,400.0
dual_single_helix,16,20000.0,1,500.0,400.0
single_double_helix,16,20000.0,1,500.0,400.0
dual_single_helix,16,20000.0,1,600.0,400.0
single_double_helix,16,20000.0,1,600.0,400.0
dual_single_helix,16,20000.0,1,500.0,400.0
single_double_helix,16,20000.0,1,500.0,400.0
dual_single_helix,16,20000.0,1,600.0,400.0
single_double_helix,16,20000.0,1,600.0,400.0
dual_single_helix,16,20000.0,1,500.0,400.0
single_double_helix,16,20000.0,1,500.0,400.0
dual_single_helix,16,20000.0,1,600.0,400.0
single_double_helix,16,20000.0,1,600.0,400.0
dual_single_helix,16,20000.0,1,500.0,400.0
single_double_helix,16,20000.0,1,500.0,400.0
dual_single_helix,16,20000.0,1,600.0,400.0
single_double_helix,16,20000.0,1,600.0,400.0
dual_single_helix,16,20000.0,1,500.0,400.0
single_double_helix,16,20000.0,1,500.0,400.0
dual_single_helix,16,20000.0,1,600.0,400.0
single_double_helix,16,20000.0,1,600.0,400.0
dual_single_helix,16,20000.0,1,500.0,400.0
single_double_helix,16,20000.0,1,500.0,400.0
dual_single_helix,16,20000.0,1,600.0,400.0
single_double_helix,16,20000.0,1,600.0,400.0
dual_single_helix,16,20000.0,1,500.0,400.0
single_double_helix,16,20000.0,1,500.0,400.0
dual_single_helix,16,20000.0,1,600.0,400.0
single_double_helix,16,20000.0,1,600.0,400.0
dual_single_helix,16,20000.0,1,500.0,400.0
single_double_helix,16,20000.0,1,500.0,400.0
dual_single_helix,16,20000.0,1,600.0,400.0
single_double_helix,16,20000.0,1,600.0,400.0
dual_single_helix,16,20000.0,1,500.0,400.0
single_double_helix,16,20000.0,1,500.0,400.0
dual_single_helix,16,20000.0,1,600.0,400.0
single_double_helix,16,20000.0,1,600.0,400.0
dual_single_helix,16,20000.0,1,500.0,400.0
single_double_helix,16,20000.0,1,500.0,400.0
dual_single_helix,16,20000.0,1,600.0,400.0
single_double_helix,16,20000.0,1,600.0,400.0
dual_single_helix,16,20000.0,1,500.0,400.0
single_double_helix,16,20000.0,1,500.0,400.0
dual_single_helix,16,20000.0,1,600.0,400.0
single_double_helix,16,20000.0,1,600.0,400.0
dual_single_helix,16,20000.0,1,500.0,400.0
single_double_helix,16,20000.0,1,500.0,400.0
dual_single_helix,16,20000.0,1,600.0,400.0
single_double_helix,16,20000.0,1,600.0,400.0
dual_single_helix,16,20000.0,1,500.0,400.0
single_double_helix,16,20000.0,1,500.0,400.0
dual_single_helix,16,20000.0,1,600.0,400.0
single_double_helix,16,20000.0,1,600.0,400.0
dual_single_helix,16,20000.0,1,500.0,400.0
single_double_helix,16,20000.0,1,500.0,400.0
dual_single_helix,16,20000.0,1,600.0,400.0
single_double_helix,16,20000.0,1,600.0,400.0
dual_single_helix,16,20000.0,1,500.0,400.0
single_double_helix,16,20000.0,1,500.0,400.0
dual_single_helix,16,20000.0,1,600.0,400.0
single_double_helix,16,20000.0,1,600.0,400.0
dual_single_helix,16,20000.0,1,500.0,400.0
single_double_helix,16,20000.0,1,500.0,400.0
dual_single_helix,16,20000.0,1,600.0,400.0
single_double_helix,16,20000.0,1,600.0,400.0
dual_single_helix,16,20000.0,1,500.0,400.0
single_double_helix,16,20000.0,1,500.0,400.0
dual_single_helix,16,20000.0,1,600.0,400.0
single_double_helix,16,20000.0,1,600.0,400.0
dual_single_helix,16,20000.0,1,500.0,400.0
single_double_helix,16,20000.0,1,500.0,400.0
dual_single_helix,16,20000.0,1,600.0,400.0
single_double_helix,16,20000.0,1,600.0,400.0
dual_single_helix,16,20000.0,1,500.0,400.0
single_double_helix,16,20000.0,1,500.0,400.0
dual_single_helix,16,20000.0,1,600.0,400.0
single_double_helix,16,20000.0,1,600.0,405.0
dual_single_helix,16,20000.0,1,500.0,400.0
single_double_helix,16,20000.0,1,500.0,400.0
dual_single_helix,16,20000.0,1,600.0,400.0
single_double_helix,16,20000.0,1,600.0,400.0
dual_single_helix,16,20000.0,1,500.0,400.0
single_double_helix,16,20000.0,1,500.0,400.0
dual_single_helix,16,20000.0,1,600.0,400.0
single_double_helix,16,20000.0,1,600.0,400.0
dual_single_helix,16,20000.0,1,500.0,400.0
single_double_helix,16,20000.0,1,500.0,400.0
dual_single_helix,16,20000.0,1,600.0,400.0
single_double_helix,16,20000.0,1,600.0,400.0
dual_single_helix,16,20000.0,1,500.0,400.0
single_double_helix,16,20000.0,1,500.0,400.0
dual_single_helix,16,20000.0,1,600.0,400.0
single_double_helix,16,20000.0,1,600.0,400.0
dual_single_helix,16,20000.0,1,500.0,400.0
single_double_helix,16,20000.0,1,500.0,400.0
dual_single_helix,16,20000.0,2,500.0,400.0
single_double_helix,16,20000.0,2,500.0,400.0
dual_single_helix,16,20000.0,2,600.0,400.0
single_double_helix,16,20000.0,2,600.0,400.0
dual_single_helix,16,20000.0,2,500.0,400.0
single_double_helix,16,20000.0,2,500.0,400.0
dual_single_helix,16,20000.0,2,600.0,400.0
single_double_helix,16,20000.0,2,600.0,400.0
dual_single_helix,16,20000.0,2,500.0,400.0
single_double_helix,16,20000.0,2,500.0,400.0
dual_single_helix,16,20000.0,2,600.0,400.0
single_double_helix,16,20000.0,2,600.0,400.0
dual_single_helix,16,20000.0,2,500.0,400.0
single_double_helix,16,20000.0,2,500.0,400.0
dual_single_helix,16,20000.0,2,600.0,400.0
single_double_helix,16,20000.0,2,600.0,400.0
dual_single_helix,16,20000.0,2,500.0,400.0
single_double_helix,16,20000.0,2,500.0,400.0
dual_single_helix,16,20000.0,2,600.0,400.0
single_double_helix,16,20000.0,2,600.0,405.0
dual_single_helix,16,20000.0,2,500.0,400.0
single_double_helix,16,20000.0,2,500.0,400.0
dual_single_helix,16,20000.0,2,600.0,400.0
single_double_helix,16,20000.0,2,600.0,400.0
dual_single_helix,16,20000.0,2,500.0,400.0
single_double_helix,16,20000.0,2,500.0,400.0
dual_single_helix,16,20000.0,2,600.0,400.0
single_double_helix,16,20000.0,2,600.0,400.0
dual_single_helix,16,20000.0,2,500.0,400.0
single_double_helix,16,20000.0,2,500.0,400.0
dual_single_helix,16,20000.0,2,600.0,400.0
single_double_helix,16,20000.0,2,600.0,400.0
dual_single_helix,16,20000.0,2,500.0,400.0
single_double_helix,16,20000.0,2,500.0,400.0
dual_single_helix,16,20000.0,2,600.0,400.0
single_double_helix,16,20000.0,2,600.0,400.0
dual_single_helix,16,20000.0,2,500.0,400.0
single_double_helix,16,20000.0,2,500.0,400.0
dual_single_helix,16,20000.0,2,600.0,400.0
single_double_helix,16,20000.0,2,600.0,400.0
dual_single_helix,16,20000.0,2,500.0,400.0
single_double_helix,16,20000.0,2,500.0,400.0
dual_single_helix,16,20000.0,2,600.0,400.0
single_double_helix,16,20000.0,2,600.0,400.0
dual_single_helix,16,20000.0,2,500.0,400.0
single_double_helix,16,20000.0,2,500.0,400.0
dual_single_helix,16,20000.0,2,600.0,400.0
single_double_helix,16,20000.0,2,600.0,400.0
dual_single_helix,16,20000.0,2,500.0,400.0
single_double_helix,16,20000.0,2,500.0,400.0
dual_single_helix,16,20000.0,2,600.0,400.0
single_double_helix,16,20000.0,2,600.0,400.0
dual_single_helix,16,20000.0,2,500.0,400.0
single_double_helix,16,20000.0,2,500.0,400.0
dual_single_helix,16,20000.0,2,600.0,400.0
single_double_helix,16,20000.0,2,600.0,400.0
dual_single_helix,16,20000.0,2,500.0,400.0
single_double_helix,16,20000.0,2,500.0,400.0
dual_single_helix,16,20000.0,2,600.0,400.0
single_double_helix,16,20000.0,2,600.0,400.0
dual_single_helix,16,20000.0,2,500.0,400.0
single_double_helix,16,20000.0,2,500.0,400.0
dual_single_helix,16,20000.0,2,600.0,400.0
single_double_helix,16,20000.0,2,600.0,400.0
dual_single_helix,16,20000.0,2,500.0,400.0
single_double_helix,16,20000.0,2,500.0,400.0
dual_single_helix,16,20000.0,2,600.0,400.0
single_double_helix,16,20000.0,2,600.0,400.0
dual_single_helix,16,20000.0,2,500.0,400.0
single_double_helix,16,20000.0,2,500.0,400.0
dual_single_helix,16,20000.0,2,600.0,400.0
single_double_helix,16,20000.0,2,600.0,400.0
dual_single_helix,16,20000.0,2,500.0,400.0
single_double_helix,16,20000.0,2,500.0,400.0
dual_single_helix,16,20000.0,2,600.0,400.0
single_double_helix,16,20000.0,2,600.0,400.0
dual_single_helix,16,20000.0,2,500.0,400.0
single_double_helix,16,20000.0,2,500.0,400.0
dual_single_helix,16,20000.0,2,600.0,400.0
single_double_helix,16,20000.0,2,600.0,400.0
dual_single_helix,16,20000.0,2,500.0,400.0
single_double_helix,16,20000.0,2,500.0,400.0
dual_single_helix,16,20000.0,2,600.0,400.0
single_double_helix,16,20000.0,2,600.0,400.0
dual_single_helix,16,20000.0,2,500.0,400.0
single_double_helix,16,20000.0,2,500.0,400.0
dual_single_helix,16,20000.0,2,600.0,400.0
single_double_helix,16,20000.0,2,600.0,400.0
dual_single_helix,16,20000.0,2,500.0,400.0
single_double_helix,16,20000.0,2,500.0,400.0
dual_single_helix,16,20000.0,2,600.0,400.0
single_double_helix,16,20000.0,2,600.0,400.0
dual_single_helix,16,20000.0,2,500.0,400.0
single_double_helix,16,20000.0,2,500.0,400.0
dual_single_helix,16,20000.0,2,600.0,400.0
single_double_helix,16,20000.0,2,600.0,400.0
dual_single_helix,16,20000.0,2,500.0,400.0
single_double_helix,16,20000.0,2,500.0,400.0
dual_single_helix,16,20000.0,2,600.0,400.0
single_double_helix,16,20000.0,2,600.0,400.0
dual_single_helix,16,20000.0,2,500.0,400.0
single_double_helix,16,20000.0,2,500.0,400.0
dual_single_helix,16,20000.0,2,600.0,400.0
single_double_helix,16,20000.0,2,600.0,400.0
dual_single_helix,16,20000.0,2,500.0,400.0
single_double_helix,16,20000.0,2,500.0,400.0
dual_single_helix,16,20000.0,2,600.0,400.0
single_double_helix,16,20000.0,2,600.0,400.0
dual_single_helix,16,20000.0,2,500.0,400.0
single_double_helix,16,20000.0,2,500.0,400.0
dual_single_helix,16,20000.0,2,600.0,400.0
single_double_helix,16,20000.0,2,600.0,400.0
dual_single_helix,16,20000.0,2,500.0,400.0
single_double_helix,16,20000.0,2,500.0,400.0
dual_single_helix,16,20000.0,2,600.0,400.0
single_double_helix,16,20000.0,2,600.0,400.0
dual_single_helix,16,20000.0,2,500.0,400.0
single_double_helix,16,20000.0,2,500.0,400.0
dual_single_helix,16,20000.0,2,600.0,400.0
single_double_helix,16,20000.0,2,600.0,400.0
dual_single_helix,16,20000.0,2,500.0,400.0
single_double_helix,16,20000.0,2,500.0,400.0
dual_single_helix,16,20000.0,2,600.0,400.0
single_double_helix,16,20000.0,2,600.0,400.0
dual_single_helix,16,20000.0,2,500.0,400.0
single_double_helix,16,20000.0,2,500.0,400.0
dual_single_helix,16,20000.0,2,600.0,400.0
single_double_helix,16,20000.0,2,600.0,400.0
dual_single_helix,16,20000.0,2,500.0,400.0
single_double_helix,16,20000.0,2,500.0,400.0
dual_single_helix,16,20000.0,2,600.0,400.0
single_double_helix,16,20000.0,2,600.0,400.0
dual_single_helix,16,20000.0,2,500.0,400.0
single_double_helix,16,20000.0,2,500.0,400.0
dual_single_helix,16,20000.0,2,600.0,400.0
single_double_helix,16,20000.0,2,600.0,400.0
dual_single_helix,16,20000.0,2,500.0,400.0
single_double_helix,16,20000.0,2,500.0,400.0
dual_single_helix,16,20000.0,2,600.0,400.0
single_double_helix,16,20000.0,2,600.0,400.0
dual_single_helix,16,20000.0,2,500.0,400.0
single_double_helix,16,20000.0,2,500.0,400.0
dual_single_helix,16,20000.0,2,600.0,400.0
single_double_helix,16,20000.0,2,600.0,405.0
dual_single_helix,16,20000.0,2,500.0,400.0
single_double_helix,16,20000.0,2,500.0,400.0
dual_single_helix,16,20000.0,2,600.0,400.0
single_double_helix,16,20000.0,2,600.0,400.0
dual_single_helix,16,20000.0,2,500.0,400.0
single_double_helix,16,20000.0,2,500.0,400.0
dual_single_helix,16,20000.0,2,600.0,400.0
single_double_helix,16,20000.0,2,600.0,400.0
dual_single_helix,16,20000.0,2,500.0,400.0
single_double_helix,16,20000.0,2,500.0,400.0
dual_single_helix,16,20000.0,2,600.0,400.0
single_double_helix,16,20000.0,2,600.0,400.0
dual_single_helix,16,20000.0,2,500.0,400.0
single_double_helix,16,20000.0,2,500.0,400.0
dual_single_helix,16,20000.0,2,600.0,400.0
single_double_helix,16,20000.0,2,600.0,400.0
dual_single_helix,16,20000.0,2,500.0,400.0
single_double_helix,16,20000.0,2,500.0,400.0
dual_single_helix,16,20000.0,3,500.0,400.0
single_double_helix,16,20000.0,3,500.0,400.0
dual_single_helix,16,20000.0,3,600.0,400.0
single_double_helix,16,20000.0,3,600.0,400.0
dual_single_helix,16,20000.0,3,500.0,400.0
single_double_helix,16,20000.0,3,500.0,400.0
dual_single_helix,16,20000.0,3,600.0,400.0
single_double_helix,16,20000.0,3,600.0,400.0
dual_single_helix,16,20000.0,3,500.0,400.0
single_double_helix,16,20000.0,3,500.0,400.0
dual_single_helix,16,20000.0,3,600.0,400.0
single_double_helix,16,20000.0,3,600.0,400.0
dual_single_helix,16,20000.0,3,500.0,400.0
single_double_helix,16,20000.0,3,500.0,400.0
dual_single_helix,16,20000.0,3,600.0,400.0
single_double_helix,16,20000.0,3,600.0,400.0
dual_single_helix,16,20000.0,3,500.0,400.0
single_double_helix,16,20000.0,3,500.0,400.0
dual_single_helix,16,20000.0,3,600.0,400.0
single_double_helix,16,20000.0,3,600.0,405.0
dual_single_helix,16,20000.0,3,500.0,400.0
single_double_helix,16,20000.0,3,500.0,400.0
dual_single_helix,16,20000.0,3,600.0,400.0
single_double_helix,16,20000.0,3,600.0,400.0
dual_single_helix,16,20000.0,3,500.0,400.0
single_double_helix,16,20000.0,3,500.0,400.0
dual_single_helix,16,20000.0,3,600.0,400.0
single_double_helix,16,20000.0,3,600.0,400.0
dual_single_helix,16,20000.0,3,500.0,400.0
single_double_helix,16,20000.0,3,500.0,400.0
dual_single_helix,16,20000.0,3,600.0,400.0
single_double_helix,16,20000.0,3,600.0,400.0
dual_single_helix,16,20000.0,3,500.0,400.0
single_double_helix,16,20000.0,3,500.0,400.0
dual_single_helix,16,20000.0,3,600.0,400.0
single_double_helix,16,20000.0,3,600.0,400.0
dual_single_helix,16,20000.0,3,500.0,400.0
single_double_helix,16,20000.0,3,500.0,400.0
dual_single_helix,16,20000.0,3,600.0,400.0
single_double_helix,16,20000.0,3,600.0,400.0
dual_single_helix,16,20000.0,3,500.0,400.0
single_double_helix,16,20000.0,3,500.0,400.0
dual_single_helix,16,20000.0,3,600.0,400.0
single_double_helix,16,20000.0,3,600.0,400.0
dual_single_helix,16,20000.0,3,500.0,400.0
single_double_helix,16,20000.0,3,500.0,400.0
dual_single_helix,16,20000.0,3,600.0,400.0
single_double_helix,16,20000.0,3,600.0,400.0
dual_single_helix,16,20000.0,3,500.0,400.0
single_double_helix,16,20000.0,3,500.0,400.0
dual_single_helix,16,20000.0,3,600.0,400.0
single_double_helix,16,20000.0,3,600.0,400.0
dual_single_helix,16,20000.0,3,500.0,400.0
single_double_helix,16,20000.0,3,500.0,400.0
dual_single_helix,16,20000.0,3,600.0,400.0
single_double_helix,16,20000.0,3,600.0,400.0
dual_single_helix,16,20000.0,3,500.0,400.0
single_double_helix,16,20000.0,3,500.0,400.0
dual_single_helix,16,20000.0,3,600.0,400.0
single_double_helix,16,20000.0,3,600.0,400.0
dual_single_helix,16,20000.0,3,500.0,400.0
single_double_helix,16,20000.0,3,500.0,400.0
dual_single_helix,16,20000.0,3,600.0,400.0
single_double_helix,16,20000.0,3,600.0,400.0
dual_single_helix,16,20000.0,3,500.0,400.0
single_double_helix,16,20000.0,3,500.0,400.0
dual_single_helix,16,20000.0,3,600.0,400.0
single_double_helix,16,20000.0,3,600.0,400.0
dual_single_helix,16,20000.0,3,500.0,400.0
single_double_helix,16,20000.0,3,500.0,400.0
dual_single_helix,16,20000.0,3,600.0,400.0
single_double_helix,16,20000.0,3,600.0,400.0
dual_single_helix,16,20000.0,3,500.0,400.0
single_double_helix,16,20000.0,3,500.0,400.0
dual_single_helix,16,20000.0,3,600.0,400.0
single_double_helix,16,20000.0,3,600.0,400.0
dual_single_helix,16,20000.0,3,500.0,400.0
single_double_helix,16,20000.0,3,500.0,400.0
dual_single_helix,16,20000.0,3,600.0,400.0
single_double_helix,16,20000.0,3,600.0,400.0
dual_single_helix,16,20000.0,3,500.0,400.0
single_double_helix,16,20000.0,3,500.0,400.0
dual_single_helix,16,20000.0,3,600.0,400.0
single_double_helix,16,20000.0,3,600.0,400.0
dual_single_helix,16,20000.0,3,500.0,400.0
single_double_helix,16,20000.0,3,500.0,400.0
dual_single_helix,16,20000.0,3,600.0,400.0
single_double_helix,16,20000.0,3,600.0,400.0
dual_single_helix,16,20000.0,3,500.0,400.0
single_double_helix,16,20000.0,3,500.0,400.0
dual_single_helix,16,20000.0,3,600.0,400.0
single_double_helix,16,20000.0,3,600.0,400.0
dual_single_helix,16,20000.0,3,500.0,400.0
single_double_helix,16,20000.0,3,500.0,400.0
dual_single_helix,16,20000.0,3,600.0,400.0
single_double_helix,16,20000.0,3,600.0,400.0
dual_single_helix,16,20000.0,3,500.0,400.0
single_double_helix,16,20000.0,3,500.0,400.0
dual_single_helix,16,20000.0,3,600.0,400.0
single_double_helix,16,20000.0,3,600.0,400.0
dual_single_helix,16,20000.0,3,500.0,400.0
single_double_helix,16,20000.0,3,500.0,400.0
dual_single_helix,16,20000.0,3,600.0,400.0
single_double_helix,16,20000.0,3,600.0,400.0
dual_single_helix,16,20000.0,3,500.0,400.0
single_double_helix,16,20000.0,3,500.0,400.0
dual_single_helix,16,20000.0,3,600.0,400.0
single_double_helix,16,20000.0,3,600.0,400.0
dual_single_helix,16,20000.0,3,500.0,400.0
single_double_helix,16,20000.0,3,500.0,400.0
dual_single_helix,16,20000.0,3,600.0,400.0
single_double_helix,16,20000.0,3,600.0,400.0
dual_single_helix,16,20000.0,3,500.0,400.0
single_double_helix,16,20000.0,3,500.0,400.0
dual_single_helix,16,20000.0,3,600.0,400.0
single_double_helix,16,20000.0,3,600.0,400.0
dual_single_helix,16,20000.0,3,500.0,400.0
single_double_helix,16,20000.0,3,500.0,400.0
dual_single_helix,16,20000.0,3,600.0,400.0
single_double_helix,16,20000.0,3,600.0,400.0
dual_single_helix,16,20000.0,3,500.0,400.0
single_double_helix,16,20000.0,3,500.0,400.0
dual_single_helix,16,20000.0,3,600.0,400.0
single_double_helix,16,20000.0,3,600.0,400.0
dual_single_helix,16,20000.0,3,500.0,400.0
single_double_helix,16,20000.0,3,500.0,400.0
dual_single_helix,16,20000.0,3,600.0,400.0
single_double_helix,16,20000.0,3,600.0,400.0
dual_single_helix,16,20000.0,3,500.0,400.0
single_double_helix,16,20000.0,3,500.0,400.0
dual_single_helix,16,20000.0,3,600.0,400.0
single_double_helix,16,20000.0,3,600.0,400.0
dual_single_helix,16,20000.0,3,500.0,400.0
single_double_helix,16,20000.0,3,500.0,400.0
dual_single_helix,16,20000.0,3,600.0,400.0
single_double_helix,16,20000.0,3,600.0,400.0
dual_single_helix,16,20000.0,3,500.0,400.0
single_double_helix,16,20000.0,3,500.0,400.0
dual_single_helix,16,20000.0,3,600.0,400.0
single_double_helix,16,20000.0,3,600.0,400.0
dual_single_helix,16,20000.0,3,500.0,400.0
single_double_helix,16,20000.0,3,500.0,400.0
dual_single_helix,16,20000.0,3,600.0,400.0
single_double_helix,16,20000.0,3,600.0,405.0
dual_single_helix,16,20000.0,3,500.0,400.0
single_double_helix,16,20000.0,3,500.0,400.0
dual_single_helix,16,20000.0,3,600.0,400.0
single_double_helix,16,20000.0,3,600.0,400.0
dual_single_helix,16,20000.0,3,500.0,400.0
single_double_helix,16,20000.0,3,500.0,400.0
dual_single_helix,16,20000.0,3,600.0,400.0
single_double_helix,16,20000.0,3,600.0,400.0
dual_single_helix,16,20000.0,3,500.0,400.0
single_double_helix,16,20000.0,3,500.0,400.0
dual_single_helix,16,20000.0,3,600.0,400.0
single_double_helix,16,20000.0,3,600.0,400.0
dual_single_helix,16,20000.0,3,500.0,400.0
single_double_helix,16,20000.0,3,500.0,400.0
dual_single_helix,16,20000.0,3,600.0,400.0
single_double_helix,16,20000.0,3,600.0,400.0
dual_single_helix,16,20000.0,3,500.0,400.0
single_double_helix,16,20000.0,3,500.0,400.0
dual_single_helix,16,20000.0,4,500.0,400.0
single_double_helix,16,20000.0,4,500.0,400.0
dual_single_helix,16,20000.0,4,600.0,400.0
single_double_helix,16,20000.0,4,600.0,400.0
dual_single_helix,16,20000.0,4,500.0,400.0
single_double_helix,16,20000.0,4,500.0,400.0
dual_single_helix,16,20000.0,4,600.0,400.0
single_double_helix,16,20000.0,4,600.0,400.0
dual_single_helix,16,20000.0,4,500.0,400.0
single_double_helix,16,20000.0,4,500.0,400.0
dual_single_helix,16,20000.0,4,600.0,400.0
single_double_helix,16,20000.0,4,600.0,400.0
dual_single_helix,16,20000.0,4,500.0,400.0
single_double_helix,16,20000.0,4,500.0,400.0
dual_single_helix,16,20000.0,4,600.0,400.0
single_double_helix,16,20000.0,4,600.0,400.0
dual_single_helix,16,20000.0,4,500.0,400.0
single_double_helix,16,20000.0,4,500.0,400.0
dual_single_helix,16,20000.0,4,600.0,400.0
single_double_helix,16,20000.0,4,600.0,405.0
dual_single_helix,16,20000.0,4,500.0,400.0
single_double_helix,16,20000.0,4,500.0,400.0
dual_single_helix,16,20000.0,4,600.0,400.0
single_double_helix,16,20000.0,4,600.0,400.0
dual_single_helix,16,20000.0,4,500.0,400.0
single_double_helix,16,20000.0,4,500.0,400.0
dual_single_helix,16,20000.0,4,600.0,400.0
single_double_helix,16,20000.0,4,600.0,400.0
dual_single_helix,16,20000.0,4,500.0,400.0
single_double_helix,16,20000.0,4,500.0,400.0
dual_single_helix,16,20000.0,4,600.0,400.0
single_double_helix,16,20000.0,4,600.0,400.0
dual_single_helix,16,20000.0,4,500.0,400.0
single_double_helix,16,20000.0,4,500.0,400.0
dual_single_helix,16,20000.0,4,600.0,400.0
single_double_helix,16,20000.0,4,600.0,400.0
dual_single_helix,16,20000.0,4,500.0,400.0
single_double_helix,16,20000.0,4,500.0,400.0
dual_single_helix,16,20000.0,4,600.0,400.0
single_double_helix,16,20000.0,4,600.0,400.0
dual_single_helix,16,20000.0,4,500.0,400.0
single_double_helix,16,20000.0,4,500.0,400.0
dual_single_helix,16,20000.0,4,600.0,400.0
single_double_helix,16,20000.0,4,600.0,400.0
dual_single_helix,16,20000.0,4,500.0,400.0
single_double_helix,16,20000.0,4,500.0,400.0
dual_single_helix,16,20000.0,4,600.0,400.0
single_double_helix,16,20000.0,4,600.0,400.0
dual_single_helix,16,20000.0,4,500.0,400.0
single_double_helix,16,20000.0,4,500.0,400.0
dual_single_helix,16,20000.0,4,600.0,400.0
single_double_helix,16,20000.0,4,600.0,400.0
dual_single_helix,16,20000.0,4,500.0,400.0
single_double_helix,16,20000.0,4,500.0,400.0
dual_single_helix,16,20000.0,4,600.0,400.0
single_double_helix,16,20000.0,4,600.0,400.0
dual_single_helix,16,20000.0,4,500.0,400.0
single_double_helix,16,20000.0,4,500.0,400.0
dual_single_helix,16,20000.0,4,600.0,400.0
single_double_helix,16,20000.0,4,600.0,400.0
dual_single_helix,16,20000.0,4,500.0,400.0
single_double_helix,16,20000.0,4,500.0,400.0
dual_single_helix,16,20000.0,4,600.0,400.0
single_double_helix,16,20000.0,4,600.0,400.0
dual_single_helix,16,20000.0,4,500.0,400.0
single_double_helix,16,20000.0,4,500.0,400.0
dual_single_helix,16,20000.0,4,600.0,400.0
single_double_helix,16,20000.0,4,600.0,400.0
dual_single_helix,16,20000.0,4,500.0,400.0
single_double_helix,16,20000.0,4,500.0,400.0
dual_single_helix,16,20000.0,4,600.0,400.0
single_double_helix,16,20000.0,4,600.0,400.0
dual_single_helix,16,20000.0,4,500.0,400.0
single_double_helix,16,20000.0,4,500.0,400.0
dual_single_helix,16,20000.0,4,600.0,400.0
single_double_helix,16,20000.0,4,600.0,400.0
dual_single_helix,16,20000.0,4,500.0,400.0
single_double_helix,16,20000.0,4,500.0,400.0
dual_single_helix,16,20000.0,4,600.0,400.0
single_double_helix,16,20000.0,4,600.0,400.0
dual_single_helix,16,20000.0,4,500.0,400.0
single_double_helix,16,20000.0,4,500.0,400.0
dual_single_helix,16,20000.0,4,600.0,400.0
single_double_helix,16,20000.0,4,600.0,400.0
dual_single_helix,16,20000.0,4,500.0,400.0
single_double_helix,16,20000.0,4,500.0,400.0
dual_single_helix,16,20000.0,4,600.0,400.0
single_double_helix,16,20000.0,4,600.0,400.0
dual_single_helix,16,20000.0,4,500.0,400.0
single_double_helix,16,20000.0,4,500.0,400.0
dual_single_helix,16,20000.0,4,600.0,400.0
single_double_helix,16,20000.0,4,600.0,400.0
dual_single_helix,16,20000.0,4,500.0,400.0
single_double_helix,16,20000.0,4,500.0,400.0
dual_single_helix,16,20000.0,4,600.0,400.0
single_double_helix,16,20000.0,4,600.0,400.0
dual_single_helix,16,20000.0,4,500.0,400.0
single_double_helix,16,20000.0,4,500.0,400.0
dual_single_helix,16,20000.0,4,600.0,400.0
single_double_helix,16,20000.0,4,600.0,400.0
dual_single_helix,16,20000.0,4,500.0,400.0
single_double_helix,16,20000.0,4,500.0,400.0
dual_single_helix,16,20000.0,4,600.0,400.0
single_double_helix,16,20000.0,4,600.0,400.0
dual_single_helix,16,20000.0,4,500.0,400.0
single_double_helix,16,20000.0,4,500.0,400.0
dual_single_helix,16,20000.0,4,600.0,400.0
single_double_helix,16,20000.0,4,600.0,400.0
dual_single_helix,16,20000.0,4,500.0,400.0
single_double_helix,16,20000.0,4,500.0,400.0
dual_single_helix,16,20000.0,4,600.0,400.0
single_double_helix,16,20000.0,4,600.0,400.0
dual_single_helix,16,20000.0,4,500.0,400.0
single_double_helix,16,20000.0,4,500.0,400.0
dual_single_helix,16,20000.0,4,600.0,400.0
single_double_helix,16,20000.0,4,600.0,400.0
dual_single_helix,16,20000.0,4,500.0,400.0
single_double_helix,16,20000.0,4,500.0,400.0
dual_single_helix,16,20000.0,4,600.0,400.0
single_double_helix,16,20000.0,4,600.0,400.0
dual_single_helix,16,20000.0,4,500.0,400.0
single_double_helix,16,20000.0,4,500.0,400.0
dual_single_helix,16,20000.0,4,600.0,400.0
single_double_helix,16,20000.0,4,600.0,400.0
dual_single_helix,16,20000.0,4,500.0,400.0
single_double_helix,16,20000.0,4,500.0,400.0
dual_single_helix,16,20000.0,4,600.0,400.0
single_double_helix,16,20000.0,4,600.0,400.0
dual_single_helix,16,20000.0,4,500.0,400.0
single_double_helix,16,20000.0,4,500.0,400.0
dual_single_helix,16,20000.0,4,600.0,400.0
single_double_helix,16,20000.0,4,600.0,400.0
dual_single_helix,16,20000.0,4,500.0,400.0
single_double_helix,16,20000.0,4,500.0,400.0
dual_single_helix,16,20000.0,4,600.0,400.0
single_double_helix,16,20000.0,4,600.0,400.0
dual_single_helix,16,20000.0,4,500.0,400.0
single_double_helix,16,20000.0,4,500.0,400.0
dual_single_helix,16,20000.0,4,600.0,400.0
single_double_helix,16,20000.0,4,600.0,400.0
dual_single_helix,16,20000.0,4,500.0,400.0
single_double_helix,16,20000.0,4,500.0,400.0
dual_single_helix,16,20000.0,4,600.0,400.0
single_double_helix,16,20000.0,4,600.0,405.0
dual_single_helix,16,20000.0,4,500.0,400.0
single_double_helix,16,20000.0,4,500.0,400.0
dual_single_helix,16,20000.0,4,600.0,400.0
single_double_helix,16,20000.0,4,600.0,400.0
dual_single_helix,16,20000.0,4,500.0,400.0
single_double_helix,16,20000.0,4,500.0,400.0
dual_single_helix,16,20000.0,4,600.0,400.0
single_double_helix,16,20000.0,4,600.0,400.0
dual_single_helix,16,20000.0,4,500.0,400.0
single_double_helix,16,20000.0,4,500.0,400.0
dual_single_helix,16,20000.0,4,600.0,400.0
single_double_helix,16,20000.0,4,600.0,400.0
dual_single_helix,16,20000.0,4,500.0,400.0
single_double_helix,16,20000.0,4,500.0,400.0
dual_single_helix,16,20000.0,4,600.0,400.0
single_double_helix,16,20000.0,4,600.0,400.0
dual_single_helix,16,20000.0,4,500.0,400.0
single_double_helix,16,20000.0,4,500.0,400.0
dual_single_helix,24,200.0,0,500.0,400.0
single_double_helix,24,200.0,0,500.0,400.0
dual_single_helix,24,200.0,0,600.0,400.0
single_double_helix,24,200.0,0,600.0,400.0
dual_single_helix,24,200.0,0,500.0,400.0
single_double_helix,24,200.0,0,500.0,400.0
dual_single_helix,24,200.0,0,600.0,400.0
single_double_helix,24,200.0,0,600.0,400.0
dual_single_helix,24,200.0,0,500.0,400.0
single_double_helix,24,200.0,0,500.0,400.0
dual_single_helix,24,200.0,0,600.0,400.0
single_double_helix,24,200.0,0,600.0,400.0
dual_single_helix,24,200.0,0,600.0,400.0
single_double_helix,24,200.0,0,600.0,400.0
dual_single_helix,24,200.0,0,500.0,400.0
single_double_helix,24,200.0,0,500.0,400.0
dual_single_helix,24,200.0,0,600.0,400.0
single_double_helix,24,200.0,0,600.0,400.0
dual_single_helix,24,200.0,0,500.0,400.0
single_double_helix,24,200.0,0,500.0,400.0
dual_single_helix,24,200.0,0,600.0,400.0
single_double_helix,24,200.0,0,600.0,400.0
dual_single_helix,24,200.0,0,500.0,400.0
single_double_helix,24,200.0,0,500.0,400.0
dual_single_helix,24,200.0,0,500.0,400.0
single_double_helix,24,200.0,0,500.0,400.0
dual_single_helix,24,200.0,0,600.0,400.0
single_double_helix,24,200.0,0,600.0,400.0
dual_single_helix,24,200.0,0,500.0,400.0
single_double_helix,24,200.0,0,500.0,400.0
dual_single_helix,24,200.0,0,600.0,400.0
single_double_helix,24,200.0,0,600.0,400.0
dual_single_helix,24,200.0,0,500.0,400.0
single_double_helix,24,200.0,0,500.0,400.0
dual_single_helix,24,200.0,0,600.0,400.0
single_double_helix,24,200.0,0,600.0,400.0
dual_single_helix,24,200.0,0,600.0,400.0
single_double_helix,24,200.0,0,600.0,400.0
dual_single_helix,24,200.0,0,500.0,400.0
single_double_helix,24,200.0,0,500.0,400.0
dual_single_helix,24,200.0,0,600.0,400.0
single_double_helix,24,200.0,0,600.0,400.0
dual_single_helix,24,200.0,0,500.0,400.0
single_double_helix,24,200.0,0,500.0,400.0
dual_single_helix,24,200.0,0,600.0,400.0
single_double_helix,24,200.0,0,600.0,400.0
dual_single_helix,24,200.0,0,500.0,400.0
single_double_helix,24,200.0,0,500.0,400.0
dual_single_helix,24,200.0,0,500.0,400.0
single_double_helix,24,200.0,0,500.0,400.0
dual_single_helix,24,200.0,0,600.0,400.0
single_double_helix,24,200.0,0,600.0,400.0
dual_single_helix,24,200.0,0,500.0,400.0
single_double_helix,24,200.0,0,500.0,400.0
dual_single_helix,24,200.0,0,600.0,400.0
single_double_helix,24,200.0,0,600.0,400.0
dual_single_helix,24,200.0,0,500.0,400.0
single_double_helix,24,200.0,0,500.0,400.0
dual_single_helix,24,200.0,0,600.0,400.0
single_double_helix,24,200.0,0,600.0,400.0
dual_single_helix,24,200.0,0,600.0,400.0
single_double_helix,24,200.0,0,600.0,400.0
dual_single_helix,24,200.0,0,500.0,400.0
single_double_helix,24,200.0,0,500.0,400.0
dual_single_helix,24,200.0,0,600.0,400.0
single_double_helix,24,200.0,0,600.0,400.0
dual_single_helix,24,200.0,0,500.0,400.0
single_double_helix,24,200.0,0,500.0,400.0
dual_single_helix,24,200.0,0,600.0,400.0
single_double_helix,24,200.0,0,600.0,400.0
dual_single_helix,24,200.0,0,500.0,400.0
single_double_helix,24,200.0,0,500.0,400.0
dual_single_helix,24,200.0,1,500.0,400.0
single_double_helix,24,200.0,1,500.0,400.0
dual_single_helix,24,200.0,1,600.0,400.0
single_double_helix,24,200.0,1,600.0,400.0
dual_single_helix,24,200.0,1,500.0,400.0
single_double_helix,24,200.0,1,500.0,400.0
dual_single_helix,24,200.0,1,600.0,400.0
single_double_helix,24,200.0,1,600.0,400.0
dual_single_helix,24,200.0,1,500.0,400.0
single_double_helix,24,200.0,1,500.0,400.0
dual_single_helix,24,200.0,1,600.0,400.0
single_double_helix,24,200.0,1,600.0,400.0
dual_single_helix,24,200.0,1,600.0,400.0
single_double_helix,24,200.0,1,600.0,400.0
dual_single_helix,24,200.0,1,500.0,400.0
single_double_helix,24,200.0,1,500.0,400.0
dual_single_helix,24,200.0,1,600.0,400.0
single_double_helix,24,200.0,1,600.0,400.0
dual_single_helix,24,200.0,1,500.0,400.0
single_double_helix,24,200.0,1,500.0,400.0
dual_single_helix,24,200.0,1,600.0,400.0
single_double_helix,24,200.0,1,600.0,400.0
dual_single_helix,24,200.0,1,500.0,400.0
single_double_helix,24,200.0,1,500.0,400.0
dual_single_helix,24,200.0,1,500.0,400.0
single_double_helix,24,200.0,1,500.0,400.0
dual_single_helix,24,200.0,1,600.0,400.0
single_double_helix,24,200.0,1,600.0,400.0
dual_single_helix,24,200.0,1,500.0,400.0
single_double_helix,24,200.0,1,500.0,400.0
dual_single_helix,24,200.0,1,600.0,400.0
single_double_helix,24,200.0,1,600.0,400.0
dual_single_helix,24,200.0,1,500.0,400.0
single_double_helix,24,200.0,1,500.0,400.0
dual_single_helix,24,200.0,1,600.0,400.0
single_double_helix,24,200.0,1,600.0,400.0
dual_single_helix,24,200.0,1,600.0,400.0
single_double_helix,24,200.0,1,600.0,400.0
dual_single_helix,24,200.0,1,500.0,400.0
single_double_helix,24,200.0,1,500.0,400.0
dual_single_helix,24,200.0,1,600.0,400.0
single_double_helix,24,200.0,1,600.0,400.0
dual_single_helix,24,200.0,1,500.0,400.0
single_double_helix,24,200.0,1,500.0,400.0
dual_single_helix,24,200.0,1,600.0,400.0
single_double_helix,24,200.0,1,600.0,400.0
dual_single_helix,24,200.0,1,500.0,400.0
single_double_helix,24,200.0,1,500.0,400.0
dual_single_helix,24,200.0,1,500.0,400.0
single_double_helix,24,200.0,1,500.0,400.0
dual_single_helix,24,200.0,1,600.0,400.0
single_double_helix,24,200.0,1,600.0,400.0
dual_single_helix,24,200.0,1,500.0,400.0
single_double_helix,24,200.0,1,500.0,400.0
dual_single_helix,24,200.0,1,600.0,400.0
single_double_helix,24,200.0,1,600.0,400.0
dual_single_helix,24,200.0,1,500.0,400.0
single_double_helix,24,200.0,1,500.0,400.0
dual_single_helix,24,200.0,1,600.0,400.0
single_double_helix,24,200.0,1,600.0,400.0
dual_single_helix,24,200.0,1,600.0,400.0
single_double_helix,24,200.0,1,600.0,400.0
dual_single_helix,24,200.0,1,500.0,400.0
single_double_helix,24,200.0,1,500.0,400.0
dual_single_helix,24,200.0,1,600.0,400.0
single_double_helix,24,200.0,1,600.0,400.0
dual_single_helix,24,200.0,1,500.0,400.0
single_double_helix,24,200.0,1,500.0,400.0
dual_single_helix,24,200.0,1,600.0,400.0
single_double_helix,24,200.0,1,600.0,400.0
dual_single_helix,24,200.0,1,500.0,400.0
single_double_helix,24,200.0,1,500.0,400.0
dual_single_helix,24,200.0,2,500.0,400.0
single_double_helix,24,200.0,2,500.0,400.0
dual_single_helix,24,200.0,2,600.0,400.0
single_double_helix,24,200.0,2,600.0,400.0
dual_single_helix,24,200.0,2,500.0,400.0
single_double_helix,24,200.0,2,500.0,400.0
dual_single_helix,24,200.0,2,600.0,400.0
single_double_helix,24,200.0,2,600.0,400.0
dual_single_helix,24,200.0,2,500.0,400.0
single_double_helix,24,200.0,2,500.0,400.0
dual_single_helix,24,200.0,2,600.0,400.0
single_double_helix,24,200.0,2,600.0,400.0
dual_single_helix,24,200.0,2,600.0,400.0
single_double_helix,24,200.0,2,600.0,400.0
dual_single_helix,24,200.0,2,500.0,400.0
single_double_helix,24,200.0,2,500.0,400.0
dual_single_helix,24,200.0,2,600.0,400.0
single_double_helix,24,200.0,2,600.0,400.0
dual_single_helix,24,200.0,2,500.0,400.0
single_double_helix,24,200.0,2,500.0,400.0
dual_single_helix,24,200.0,2,600.0,400.0
single_double_helix,24,200.0,2,600.0,400.0
dual_single_helix,24,200.0,2,500.0,400.0
single_double_helix,24,200.0,2,500.0,400.0
dual_single_helix,24,200.0,2,500.0,400.0
single_double_helix,24,200.0,2,500.0,400.0
dual_single_helix,24,200.0,2,600.0,400.0
single_double_helix,24,200.0,2,600.0,400.0
dual_single_helix,24,200.0,2,500.0,400.0
single_double_helix,24,200.0,2,500.0,400.0
dual_single_helix,24,200.0,2,600.0,400.0
single_double_helix,24,200.0,2,600.0,400.0
dual_single_helix,24,200.0,2,500.0,400.0
single_double_helix,24,200.0,2,500.0,400.0
dual_single_helix,24,200.0,2,600.0,400.0
single_double_helix,24,200.0,2,600.0,400.0
dual_single_helix,24,200.0,2,600.0,400.0
single_double_helix,24,200.0,2,600.0,400.0
dual_single_helix,24,200.0,2,500.0,400.0
single_double_helix,24,200.0,2,500.0,400.0
dual_single_helix,24,200.0,2,600.0,400.0
single_double_helix,24,200.0,2,600.0,400.0
dual_single_helix,24,200.0,2,500.0,400.0
single_double_helix,24,200.0,2,500.0,400.0
dual_single_helix,24,200.0,2,600.0,400.0
single_double_helix,24,200.0,2,600.0,400.0
dual_single_helix,24,200.0,2,500.0,400.0
single_double_helix,24,200.0,2,500.0,400.0
dual_single_helix,24,200.0,2,500.0,400.0
single_double_helix,24,200.0,2,500.0,400.0
dual_single_helix,24,200.0,2,600.0,400.0
single_double_helix,24,200.0,2,600.0,400.0
dual_single_helix,24,200.0,2,500.0,400.0
single_double_helix,24,200.0,2,500.0,400.0
dual_single_helix,24,200.0,2,600.0,400.0
single_double_helix,24,200.0,2,600.0,400.0
dual_single_helix,24,200.0,2,500.0,400.0
single_double_helix,24,200.0,2,500.0,400.0
dual_single_helix,24,200.0,2,600.0,400.0
single_double_helix,24,200.0,2,600.0,400.0
dual_single_helix,24,200.0,2,600.0,400.0
single_double_helix,24,200.0,2,600.0,400.0
dual_single_helix,24,200.0,2,500.0,400.0
single_double_helix,24,200.0,2,500.0,400.0
dual_single_helix,24,200.0,2,600.0,400.0
single_double_helix,24,200.0,2,600.0,400.0
dual_single_helix,24,200.0,2,500.0,400.0
single_double_helix,24,200.0,2,500.0,400.0
dual_single_helix,24,200.0,2,600.0,400.0
single_double_helix,24,200.0,2,600.0,400.0
dual_single_helix,24,200.0,2,500.0,400.0
single_double_helix,24,200.0,2,500.0,400.0
dual_single_helix,24,200.0,3,500.0,400.0
single_double_helix,24,200.0,3,500.0,400.0
dual_single_helix,24,200.0,3,600.0,400.0
single_double_helix,24,200.0,3,600.0,400.0
dual_single_helix,24,200.0,3,500.0,400.0
single_double_helix,24,200.0,3,500.0,400.0
dual_single_helix,24,200.0,3,600.0,400.0
single_double_helix,24,200.0,3,600.0,400.0
dual_single_helix,24,200.0,3,500.0,400.0
single_double_helix,24,200.0,3,500.0,400.0
dual_single_helix,24,200.0,3,600.0,400.0
single_double_helix,24,200.0,3,600.0,400.0
dual_single_helix,24,200.0,3,600.0,400.0
single_double_helix,24,200.0,3,600.0,400.0
dual_single_helix,24,200.0,3,500.0,400.0
single_double_helix,24,200.0,3,500.0,400.0
dual_single_helix,24,200.0,3,600.0,400.0
single_double_helix,24,200.0,3,600.0,400.0
dual_single_helix,24,200.0,3,500.0,400.0
single_double_helix,24,200.0,3,500.0,400.0
dual_single_helix,24,200.0,3,600.0,400.0
single_double_helix,24,200.0,3,600.0,400.0
dual_single_helix,24,200.0,3,500.0,400.0
single_double_helix,24,200.0,3,500.0,400.0
dual_single_helix,24,200.0,3,500.0,400.0
single_double_helix,24,200.0,3,500.0,400.0
dual_single_helix,24,200.0,3,600.0,400.0
single_double_helix,24,200.0,3,600.0,400.0
dual_single_helix,24,200.0,3,500.0,400.0
single_double_helix,24,200.0,3,500.0,400.0
dual_single_helix,24,200.0,3,600.0,400.0
single_double_helix,24,200.0,3,600.0,400.0
dual_single_helix,24,200.0,3,500.0,400.0
single_double_helix,24,200.0,3,500.0,400.0
dual_single_helix,24,200.0,3,600.0,400.0
single_double_helix,24,200.0,3,600.0,400.0
dual_single_helix,24,200.0,3,600.0,400.0
single_double_helix,24,200.0,3,600.0,400.0
dual_single_helix,24,200.0,3,500.0,400.0
single_double_helix,24,200.0,3,500.0,400.0
dual_single_helix,24,200.0,3,600.0,400.0
single_double_helix,24,200.0,3,600.0,400.0
dual_single_helix,24,200.0,3,500.0,400.0
single_double_helix,24,200.0,3,500.0,400.0
dual_single_helix,24,200.0,3,600.0,400.0
single_double_helix,24,200.0,3,600.0,400.0
dual_single_helix,24,200.0,3,500.0,400.0
single_double_helix,24,200.0,3,500.0,400.0
dual_single_helix,24,200.0,3,500.0,400.0
single_double_helix,24,200.0,3,500.0,400.0
dual_single_helix,24,200.0,3,600.0,400.0
single_double_helix,24,200.0,3,600.0,400.0
dual_single_helix,24,200.0,3,500.0,400.0
single_double_helix,24,200.0,3,500.0,400.0
dual_single_helix,24,200.0,3,600.0,400.0
single_double_helix,24,200.0,3,600.0,400.0
dual_single_helix,24,200.0,3,500.0,400.0
single_double_helix,24,200.0,3,500.0,400.0
dual_single_helix,24,200.0,3,600.0,400.0
single_double_helix,24,200.0,3,600.0,400.0
dual_single_helix,24,200.0,3,600.0,400.0
single_double_helix,24,200.0,3,600.0,400.0
dual_single_helix,24,200.0,3,500.0,400.0
single_double_helix,24,200.0,3,500.0,400.0
dual_single_helix,24,200.0,3,600.0,400.0
single_double_helix,24,200.0,3,600.0,400.0
dual_single_helix,24,200.0,3,500.0,400.0
single_double_helix,24,200.0,3,500.0,400.0
dual_single_helix,24,200.0,3,600.0,400.0
single_double_helix,24,200.0,3,600.0,400.0
dual_single_helix,24,200.0,3,500.0,400.0
single_double_helix,24,200.0,3,500.0,400.0
dual_single_helix,24,200.0,4,500.0,400.0
single_double_helix,24,200.0,4,500.0,400.0
dual_single_helix,24,200.0,4,600.0,400.0
single_double_helix,24,200.0,4,600.0,400.0
dual_single_helix,24,200.0,4,500.0,400.0
single_double_helix,24,200.0,4,500.0,400.0
dual_single_helix,24,200.0,4,600.0,400.0
single_double_helix,24,200.0,4,600.0,400.0
dual_single_helix,24,200.0,4,500.0,400.0
single_double_helix,24,200.0,4,500.0,400.0
dual_single_helix,24,200.0,4,600.0,400.0
single_double_helix,24,200.0,4,600.0,400.0
dual_single_helix,24,200.0,4,600.0,400.0
single_double_helix,24,200.0,4,600.0,400.0
dual_single_helix,24,200.0,4,500.0,400.0
single_double_helix,24,200.0,4,500.0,400.0
dual_single_helix,24,200.0,4,600.0,400.0
single_double_helix,24,200.0,4,600.0,400.0
dual_single_helix,24,200.0,4,500.0,400.0
single_double_helix,24,200.0,4,500.0,400.0
dual_single_helix,24,200.0,4,600.0,400.0
single_double_helix,24,200.0,4,600.0,400.0
dual_single_helix,24,200.0,4,500.0,400.0
single_double_helix,24,200.0,4,500.0,400.0
dual_single_helix,24,200.0,4,500.0,400.0
single_double_helix,24,200.0,4,500.0,400.0
dual_single_helix,24,200.0,4,600.0,400.0
single_double_helix,24,200.0,4,600.0,400.0
dual_single_helix,24,200.0,4,500.0,400.0
single_double_helix,24,200.0,4,500.0,400.0
dual_single_helix,24,200.0,4,600.0,400.0
single_double_helix,24,200.0,4,600.0,400.0
dual_single_helix,24,200.0,4,500.0,400.0
single_double_helix,24,200.0,4,500.0,400.0
dual_single_helix,24,200.0,4,600.0,400.0
single_double_helix,24,200.0,4,600.0,400.0
dual_single_helix,24,200.0,4,600.0,400.0
single_double_helix,24,200.0,4,600.0,400.0
dual_single_helix,24,200.0,4,500.0,400.0
single_double_helix,24,200.0,4,500.0,400.0
dual_single_helix,24,200.0,4,600.0,400.0
single_double_helix,24,200.0,4,600.0,400.0
dual_single_helix,24,200.0,4,500.0,400.0
single_double_helix,24,200.0,4,500.0,400.0
dual_single_helix,24,200.0,4,600.0,400.0
single_double_helix,24,200.0,4,600.0,400.0
dual_single_helix,24,200.0,4,500.0,400.0
single_double_helix,24,200.0,4,500.0,400.0
dual_single_helix,24,200.0,4,500.0,400.0
single_double_helix,24,200.0,4,500.0,400.0
dual_single_helix,24,200.0,4,600.0,400.0
single_double_helix,24,200.0,4,600.0,400.0
dual_single_helix,24,200.0,4,500.0,400.0
single_double_helix,24,200.0,4,500.0,400.0
dual_single_helix,24,200.0,4,600.0,400.0
single_double_helix,24,200.0,4,600.0,400.0
dual_single_helix,24,200.0,4,500.0,400.0
single_double_helix,24,200.0,4,500.0,400.0
dual_single_helix,24,200.0,4,600.0,400.0
single_double_helix,24,200.0,4,600.0,400.0
dual_single_helix,24,200.0,4,600.0,400.0
single_double_helix,24,200.0,4,600.0,400.0
dual_single_helix,24,200.0,4,500.0,400.0
single_double_helix,24,200.0,4,500.0,400.0
dual_single_helix,24,200.0,4,600.0,400.0
single_double_helix,24,200.0,4,600.0,400.0
dual_single_helix,24,200.0,4,500.0,400.0
single_double_helix,24,200.0,4,500.0,400.0
dual_single_helix,24,200.0,4,600.0,400.0
single_double_helix,24,200.0,4,600.0,400.0
dual_single_helix,24,200.0,4,500.0,400.0
single_double_helix,24,200.0,4,500.0,400.0
dual_single_helix,24,500.0,0,500.0,400.0
single_double_helix,24,500.0,0,500.0,400.0
dual_single_helix,24,500.0,0,600.0,400.0
single_double_helix,24,500.0,0,600.0,400.0
dual_single_helix,24,500.0,0,500.0,400.0
single_double_helix,24,500.0,0,500.0,400.0
dual_single_helix,24,500.0,0,600.0,400.0
single_double_helix,24,500.0,0,600.0,400.0
dual_single_helix,24,500.0,0,500.0,400.0
single_double_helix,24,500.0,0,500.0,400.0
dual_single_helix,24,500.0,0,600.0,400.0
single_double_helix,24,500.0,0,600.0,400.0
dual_single_helix,24,500.0,0,600.0,400.0
single_double_helix,24,500.0,0,600.0,400.0
dual_single_helix,24,500.0,0,500.0,400.0
single_double_helix,24,500.0,0,500.0,400.0
dual_single_helix,24,500.0,0,600.0,400.0
single_double_helix,24,500.0,0,600.0,400.0
dual_single_helix,24,500.0,0,500.0,400.0
single_double_helix,24,500.0,0,500.0,400.0
dual_single_helix,24,500.0,0,600.0,400.0
single_double_helix,24,500.0,0,600.0,400.0
dual_single_helix,24,500.0,0,500.0,400.0
single_double_helix,24,500.0,0,500.0,400.0
dual_single_helix,24,500.0,0,500.0,400.0
single_double_helix,24,500.0,0,500.0,400.0
dual_single_helix,24,500.0,0,600.0,400.0
single_double_helix,24,500.0,0,600.0,400.0
dual_single_helix,24,500.0,0,500.0,400.0
single_double_helix,24,500.0,0,500.0,400.0
dual_single_helix,24,500.0,0,600.0,400.0
single_double_helix,24,500.0,0,600.0,400.0
dual_single_helix,24,500.0,0,500.0,400.0
single_double_helix,24,500.0,0,500.0,400.0
dual_single_helix,24,500.0,0,600.0,400.0
single_double_helix,24,500.0,0,600.0,400.0
dual_single_helix,24,500.0,0,600.0,400.0
single_double_helix,24,500.0,0,600.0,400.0
dual_single_helix,24,500.0,0,500.0,400.0
single_double_helix,24,500.0,0,500.0,400.0
dual_single_helix,24,500.0,0,600.0,400.0
single_double_helix,24,500.0,0,600.0,400.0
dual_single_helix,24,500.0,0,500.0,400.0
single_double_helix,24,500.0,0,500.0,400.0
dual_single_helix,24,500.0,0,600.0,400.0
single_double_helix,24,500.0,0,600.0,400.0
dual_single_helix,24,500.0,0,500.0,400.0
single_double_helix,24,500.0,0,500.0,400.0
dual_single_helix,24,500.0,0,500.0,400.0
single_double_helix,24,500.0,0,500.0,400.0
dual_single_helix,24,500.0,0,600.0,400.0
single_double_helix,24,500.0,0,600.0,400.0
dual_single_helix,24,500.0,0,500.0,400.0
single_double_helix,24,500.0,0,500.0,400.0
dual_single_helix,24,500.0,0,600.0,400.0
single_double_helix,24,500.0,0,600.0,400.0
dual_single_helix,24,500.0,0,500.0,400.0
single_double_helix,24,500.0,0,500.0,400.0
dual_single_helix,24,500.0,0,600.0,400.0
single_double_helix,24,500.0,0,600.0,400.0
dual_single_helix,24,500.0,0,600.0,400.0
single_double_helix,24,500.0,0,600.0,400.0
dual_single_helix,24,500.0,0,500.0,400.0
single_double_helix,24,500.0,0,500.0,400.0
dual_single_helix,24,500.0,0,600.0,400.0
single_double_helix,24,500.0,0,600.0,400.0
dual_single_helix,24,500.0,0,500.0,400.0
single_double_helix,24,500.0,0,500.0,400.0
dual_single_helix,24,500.0,0,600.0,400.0
single_double_helix,24,500.0,0,600.0,400.0
dual_single_helix,24,500.0,0,500.0,400.0
single_double_helix,24,500.0,0,500.0,400.0
dual_single_helix,24,500.0,1,500.0,400.0
single_double_helix,24,500.0,1,500.0,400.0
dual_single_helix,24,500.0,1,600.0,400.0
single_double_helix,24,500.0,1,600.0,400.0
dual_single_helix,24,500.0,1,500.0,400.0
single_double_helix,24,500.0,1,500.0,400.0
dual_single_helix,24,500.0,1,600.0,400.0
single_double_helix,24,500.0,1,600.0,400.0
dual_single_helix,24,500.0,1,500.0,400.0
single_double_helix,24,500.0,1,500.0,400.0
dual_single_helix,24,500.0,1,600.0,400.0
single_double_helix,24,500.0,1,600.0,400.0
dual_single_helix,24,500.0,1,600.0,400.0
single_double_helix,24,500.0,1,600.0,400.0
dual_single_helix,24,500.0,1,500.0,400.0
single_double_helix,24,500.0,1,500.0,400.0
dual_single_helix,24,500.0,1,600.0,400.0
single_double_helix,24,500.0,1,600.0,400.0
dual_single_helix,24,500.0,1,500.0,400.0
single_double_helix,24,500.0,1,500.0,400.0
dual_single_helix,24,500.0,1,600.0,400.0
single_double_helix,24,500.0,1,600.0,400.0
dual_single_helix,24,500.0,1,500.0,400.0
single_double_helix,24,500.0,1,500.0,400.0
dual_single_helix,24,500.0,1,500.0,400.0
single_double_helix,24,500.0,1,500.0,400.0
dual_single_helix,24,500.0,1,600.0,400.0
single_double_helix,24,500.0,1,600.0,400.0
dual_single_helix,24,500.0,1,500.0,400.0
single_double_helix,24,500.0,1,500.0,400.0
dual_single_helix,24,500.0,1,600.0,400.0
single_double_helix,24,500.0,1,600.0,400.0
dual_single_helix,24,500.0,1,500.0,400.0
single_double_helix,24,500.0,1,500.0,400.0
dual_single_helix,24,500.0,1,600.0,400.0
single_double_helix,24,500.0,1,600.0,400.0
dual_single_helix,24,500.0,1,600.0,400.0
single_double_helix,24,500.0,1,600.0,400.0
dual_single_helix,24,500.0,1,500.0,400.0
single_double_helix,24,500.0,1,500.0,400.0
dual_single_helix,24,500.0,1,600.0,400.0
single_double_helix,24,500.0,1,600.0,400.0
dual_single_helix,24,500.0,1,500.0,400.0
single_double_helix,24,500.0,1,500.0,400.0
dual_single_helix,24,500.0,1,600.0,400.0
single_double_helix,24,500.0,1,600.0,400.0
dual_single_helix,24,500.0,1,500.0,400.0
single_double_helix,24,500.0,1,500.0,400.0
dual_single_helix,24,500.0,1,500.0,400.0
single_double_helix,24,500.0,1,500.0,400.0
dual_single_helix,24,500.0,1,600.0,400.0
single_double_helix,24,500.0,1,600.0,400.0
dual_single_helix,24,500.0,1,500.0,400.0
single_double_helix,24,500.0,1,500.0,400.0
dual_single_helix,24,500.0,1,600.0,400.0
single_double_helix,24,500.0,1,600.0,400.0
dual_single_helix,24,500.0,1,500.0,400.0
single_double_helix,24,500.0,1,500.0,400.0
dual_single_helix,24,500.0,1,600.0,400.0
single_double_helix,24,500.0,1,600.0,400.0
dual_single_helix,24,500.0,1,600.0,400.0
single_double_helix,24,500.0,1,600.0,400.0
dual_single_helix,24,500.0,1,500.0,400.0
single_double_helix,24,500.0,1,500.0,400.0
dual_single_helix,24,500.0,1,600.0,400.0
single_double_helix,24,500.0,1,600.0,400.0
dual_single_helix,24,500.0,1,500.0,400.0
single_double_helix,24,500.0,1,500.0,400.0
dual_single_helix,24,500.0,1,600.0,400.0
single_double_helix,24,500.0,1,600.0,400.0
dual_single_helix,24,500.0,1,500.0,400.0
single_double_helix,24,500.0,1,500.0,400.0
dual_single_helix,24,500.0,2,500.0,400.0
single_double_helix,24,500.0,2,500.0,400.0
dual_single_helix,24,500.0,2,600.0,400.0
single_double_helix,24,500.0,2,600.0,400.0
dual_single_helix,24,500.0,2,500.0,400.0
single_double_helix,24,500.0,2,500.0,400.0
dual_single_helix,24,500.0,2,600.0,400.0
single_double_helix,24,500.0,2,600.0,400.0
dual_single_helix,24,500.0,2,500.0,400.0
single_double_helix,24,500.0,2,500.0,400.0
dual_single_helix,24,500.0,2,600.0,400.0
single_double_helix,24,500.0,2,600.0,400.0
dual_single_helix,24,500.0,2,600.0,400.0
single_double_helix,24,500.0,2,600.0,400.0
dual_single_helix,24,500.0,2,500.0,400.0
single_double_helix,24,500.0,2,500.0,400.0
dual_single_helix,24,500.0,2,600.0,400.0
single_double_helix,24,500.0,2,600.0,400.0
dual_single_helix,24,500.0,2,500.0,400.0
single_double_helix,24,500.0,2,500.0,400.0
dual_single_helix,24,500.0,2,600.0,400.0
single_double_helix,24,500.0,2,600.0,400.0
dual_single_helix,24,500.0,2,500.0,400.0
single_double_helix,24,500.0,2,500.0,400.0
dual_single_helix,24,500.0,2,500.0,400.0
single_double_helix,24,500.0,2,500.0,400.0
dual_single_helix,24,500.0,2,600.0,400.0
single_double_helix,24,500.0,2,600.0,400.0
dual_single_helix,24,500.0,2,500.0,400.0
single_double_helix,24,500.0,2,500.0,400.0
dual_single_helix,24,500.0,2,600.0,400.0
single_double_helix,24,500.0,2,600.0,400.0
dual_single_helix,24,500.0,2,500.0,400.0
single_double_helix,24,500.0,2,500.0,400.0
dual_single_helix,24,500.0,2,600.0,400.0
single_double_helix,24,500.0,2,600.0,400.0
dual_single_helix,24,500.0,2,600.0,400.0
single_double_helix,24,500.0,2,600.0,400.0
dual_single_helix,24,500.0,2,500.0,400.0
single_double_helix,24,500.0,2,500.0,400.0
dual_single_helix,24,500.0,2,600.0,400.0
single_double_helix,24,500.0,2,600.0,400.0
dual_single_helix,24,500.0,2,500.0,400.0
single_double_helix,24,500.0,2,500.0,400.0
dual_single_helix,24,500.0,2,600.0,400.0
single_double_helix,24,500.0,2,600.0,400.0
dual_single_helix,24,500.0,2,500.0,400.0
single_double_helix,24,500.0,2,500.0,400.0
dual_single_helix,24,500.0,2,500.0,400.0
single_double_helix,24,500.0,2,500.0,400.0
dual_single_helix,24,500.0,2,600.0,400.0
single_double_helix,24,500.0,2,600.0,400.0
dual_single_helix,24,500.0,2,500.0,400.0
single_double_helix,24,500.0,2,500.0,400.0
dual_single_helix,24,500.0,2,600.0,400.0
single_double_helix,24,500.0,2,600.0,400.0
dual_single_helix,24,500.0,2,500.0,400.0
single_double_helix,24,500.0,2,500.0,400.0
dual_single_helix,24,500.0,2,600.0,400.0
single_double_helix,24,500.0,2,600.0,400.0
dual_single_helix,24,500.0,2,600.0,400.0
single_double_helix,24,500.0,2,600.0,400.0
dual_single_helix,24,500.0,2,500.0,400.0
single_double_helix,24,500.0,2,500.0,400.0
dual_single_helix,24,500.0,2,600.0,400.0
single_double_helix,24,500.0,2,600.0,400.0
dual_single_helix,24,500.0,2,500.0,400.0
single_double_helix,24,500.0,2,500.0,400.0
dual_single_helix,24,500.0,2,600.0,400.0
single_double_helix,24,500.0,2,600.0,400.0
dual_single_helix,24,500.0,2,500.0,400.0
single_double_helix,24,500.0,2,500.0,400.0
dual_single_helix,24,500.0,3,500.0,400.0
single_double_helix,24,500.0,3,500.0,400.0
dual_single_helix,24,500.0,3,600.0,400.0
single_double_helix,24,500.0,3,600.0,400.0
dual_single_helix,24,500.0,3,500.0,400.0
single_double_helix,24,500.0,3,500.0,400.0
dual_single_helix,24,500.0,3,600.0,400.0
single_double_helix,24,500.0,3,600.0,400.0
dual_single_helix,24,500.0,3,500.0,400.0
single_double_helix,24,500.0,3,500.0,400.0
dual_single_helix,24,500.0,3,600.0,400.0
single_double_helix,24,500.0,3,600.0,400.0
dual_single_helix,24,500.0,3,600.0,400.0
single_double_helix,24,500.0,3,600.0,400.0
dual_single_helix,24,500.0,3,500.0,400.0
single_double_helix,24,500.0,3,500.0,400.0
dual_single_helix,24,500.0,3,600.0,400.0
single_double_helix,24,500.0,3,600.0,400.0
dual_single_helix,24,500.0,3,500.0,400.0
single_double_helix,24,500.0,3,500.0,400.0
dual_single_helix,24,500.0,3,600.0,400.0
single_double_helix,24,500.0,3,600.0,400.0
dual_single_helix,24,500.0,3,500.0,400.0
single_double_helix,24,500.0,3,500.0,400.0
dual_single_helix,24,500.0,3,500.0,400.0
single_double_helix,24,500.0,3,500.0,400.0
dual_single_helix,24,500.0,3,600.0,400.0
single_double_helix,24,500.0,3,600.0,400.0
dual_single_helix,24,500.0,3,500.0,400.0
single_double_helix,24,500.0,3,500.0,400.0
dual_single_helix,24,500.0,3,600.0,400.0
single_double_helix,24,500.0,3,600.0,400.0
dual_single_helix,24,500.0,3,500.0,400.0
single_double_helix,24,500.0,3,500.0,400.0
dual_single_helix,24,500.0,3,600.0,400.0
single_double_helix,24,500.0,3,600.0,400.0
dual_single_helix,24,500.0,3,600.0,400.0
single_double_helix,24,500.0,3,600.0,400.0
dual_single_helix,24,500.0,3,500.0,400.0
single_double_helix,24,500.0,3,500.0,400.0
dual_single_helix,24,500.0,3,600.0,400.0
single_double_helix,24,500.0,3,600.0,400.0
dual_single_helix,24,500.0,3,500.0,400.0
single_double_helix,24,500.0,3,500.0,400.0
dual_single_helix,24,500.0,3,600.0,400.0
single_double_helix,24,500.0,3,600.0,400.0
dual_single_helix,24,500.0,3,500.0,400.0
single_double_helix,24,500.0,3,500.0,400.0
dual_single_helix,24,500.0,3,500.0,400.0
single_double_helix,24,500.0,3,500.0,400.0
dual_single_helix,24,500.0,3,600.0,400.0
single_double_helix,24,500.0,3,600.0,400.0
dual_single_helix,24,500.0,3,500.0,400.0
single_double_helix,24,500.0,3,500.0,400.0
dual_single_helix,24,500.0,3,600.0,400.0
single_double_helix,24,500.0,3,600.0,400.0
dual_single_helix,24,500.0,3,500.0,400.0
single_double_helix,24,500.0,3,500.0,400.0
dual_single_helix,24,500.0,3,600.0,400.0
single_double_helix,24,500.0,3,600.0,400.0
dual_single_helix,24,500.0,3,600.0,400.0
single_double_helix,24,500.0,3,600.0,400.0
dual_single_helix,24,500.0,3,500.0,400.0
single_double_helix,24,500.0,3,500.0,400.0
dual_single_helix,24,500.0,3,600.0,400.0
single_double_helix,24,500.0,3,600.0,400.0
dual_single_helix,24,500.0,3,500.0,400.0
single_double_helix,24,500.0,3,500.0,400.0
dual_single_helix,24,500.0,3,600.0,400.0
single_double_helix,24,500.0,3,600.0,400.0
dual_single_helix,24,500.0,3,500.0,400.0
single_double_helix,24,500.0,3,500.0,400.0
dual_single_helix,24,500.0,4,500.0,400.0
single_double_helix,24,500.0,4,500.0,400.0
dual_single_helix,24,500.0,4,600.0,400.0
single_double_helix,24,500.0,4,600.0,400.0
dual_single_helix,24,500.0,4,500.0,400.0
single_double_helix,24,500.0,4,500.0,400.0
dual_single_helix,24,500.0,4,600.0,400.0
single_double_helix,24,500.0,4,600.0,400.0
dual_single_helix,24,500.0,4,500.0,400.0
single_double_helix,24,500.0,4,500.0,400.0
dual_single_helix,24,500.0,4,600.0,400.0
single_double_helix,24,500.0,4,600.0,400.0
dual_single_helix,24,500.0,4,600.0,400.0
single_double_helix,24,500.0,4,600.0,400.0
dual_single_helix,24,500.0,4,500.0,400.0
single_double_helix,24,500.0,4,500.0,400.0
dual_single_helix,24,500.0,4,600.0,400.0
single_double_helix,24,500.0,4,600.0,400.0
dual_single_helix,24,500.0,4,500.0,400.0
single_double_helix,24,500.0,4,500.0,400.0
dual_single_helix,24,500.0,4,600.0,400.0
single_double_helix,24,500.0,4,600.0,400.0
dual_single_helix,24,500.0,4,500.0,400.0
single_double_helix,24,500.0,4,500.0,400.0
dual_single_helix,24,500.0,4,500.0,400.0
single_double_helix,24,500.0,4,500.0,400.0
dual_single_helix,24,500.0,4,600.0,400.0
single_double_helix,24,500.0,4,600.0,400.0
dual_single_helix,24,500.0,4,500.0,400.0
single_double_helix,24,500.0,4,500.0,400.0
dual_single_helix,24,500.0,4,600.0,400.0
single_double_helix,24,500.0,4,600.0,400.0
dual_single_helix,24,500.0,4,500.0,400.0
single_double_helix,24,500.0,4,500.0,400.0
dual_single_helix,24,500.0,4,600.0,400.0
single_double_helix,24,500.0,4,600.0,400.0
dual_single_helix,24,500.0,4,600.0,400.0
single_double_helix,24,500.0,4,600.0,400.0
dual_single_helix,24,500.0,4,500.0,400.0
single_double_helix,24,500.0,4,500.0,400.0
dual_single_helix,24,500.0,4,600.0,400.0
single_double_helix,24,500.0,4,600.0,400.0
dual_single_helix,24,500.0,4,500.0,400.0
single_double_helix,24,500.0,4,500.0,400.0
dual_single_helix,24,500.0,4,600.0,400.0
single_double_helix,24,500.0,4,600.0,400.0
dual_single_helix,24,500.0,4,500.0,400.0
single_double_helix,24,500.0,4,500.0,400.0
dual_single_helix,24,500.0,4,500.0,400.0
single_double_helix,24,500.0,4,500.0,400.0
dual_single_helix,24,500.0,4,600.0,400.0
single_double_helix,24,500.0,4,600.0,400.0
dual_single_helix,24,500.0,4,500.0,400.0
single_double_helix,24,500.0,4,500.0,400.0
dual_single_helix,24,500.0,4,600.0,400.0
single_double_helix,24,500.0,4,600.0,400.0
dual_single_helix,24,500.0,4,500.0,400.0
single_double_helix,24,500.0,4,500.0,400.0
dual_single_helix,24,500.0,4,600.0,400.0
single_double_helix,24,500.0,4,600.0,400.0
dual_single_helix,24,500.0,4,600.0,400.0
single_double_helix,24,500.0,4,600.0,400.0
dual_single_helix,24,500.0,4,500.0,400.0
single_double_helix,24,500.0,4,500.0,400.0
dual_single_helix,24,500.0,4,600.0,400.0
single_double_helix,24,500.0,4,600.0,400.0
dual_single_helix,24,500.0,4,500.0,400.0
single_double_helix,24,500.0,4,500.0,400.0
dual_single_helix,24,500.0,4,600.0,400.0
single_double_helix,24,500.0,4,600.0,400.0
dual_single_helix,24,500.0,4,500.0,400.0
single_double_helix,24,500.0,4,500.0,400.0
dual_single_helix,24,1000.0,0,500.0,400.0
single_double_helix,24,1000.0,0,500.0,400.0
dual_single_helix,24,1000.0,0,600.0,400.0
single_double_helix,24,1000.0,0,600.0,400.0
dual_single_helix,24,1000.0,0,500.0,400.0
single_double_helix,24,1000.0,0,500.0,400.0
dual_single_helix,24,1000.0,0,600.0,400.0
single_double_helix,24,1000.0,0,600.0,400.0
dual_single_helix,24,1000.0,0,500.0,400.0
single_double_helix,24,1000.0,0,500.0,400.0
dual_single_helix,24,1000.0,0,600.0,400.0
single_double_helix,24,1000.0,0,600.0,400.0
dual_single_helix,24,1000.0,0,600.0,400.0
single_double_helix,24,1000.0,0,600.0,400.0
dual_single_helix,24,1000.0,0,500.0,400.0
single_double_helix,24,1000.0,0,500.0,400.0
dual_single_helix,24,1000.0,0,600.0,400.0
single_double_helix,24,1000.0,0,600.0,400.0
dual_single_helix,24,1000.0,0,500.0,400.0
single_double_helix,24,1000.0,0,500.0,400.0
dual_single_helix,24,1000.0,0,600.0,400.0
single_double_helix,24,1000.0,0,600.0,400.0
dual_single_helix,24,1000.0,0,500.0,400.0
single_double_helix,24,1000.0,0,500.0,400.0
dual_single_helix,24,1000.0,0,500.0,400.0
single_double_helix,24,1000.0,0,500.0,400.0
dual_single_helix,24,1000.0,0,600.0,400.0
single_double_helix,24,1000.0,0,600.0,400.0
dual_single_helix,24,1000.0,0,500.0,400.0
single_double_helix,24,1000.0,0,500.0,400.0
dual_single_helix,24,1000.0,0,600.0,400.0
single_double_helix,24,1000.0,0,600.0,400.0
dual_single_helix,24,1000.0,0,500.0,400.0
single_double_helix,24,1000.0,0,500.0,400.0
dual_single_helix,24,1000.0,0,600.0,400.0
single_double_helix,24,1000.0,0,600.0,400.0
dual_single_helix,24,1000.0,0,600.0,400.0
single_double_helix,24,1000.0,0,600.0,400.0
dual_single_helix,24,1000.0,0,500.0,400.0
single_double_helix,24,1000.0,0,500.0,400.0
dual_single_helix,24,1000.0,0,600.0,400.0
single_double_helix,24,1000.0,0,600.0,400.0
dual_single_helix,24,1000.0,0,500.0,400.0
single_double_helix,24,1000.0,0,500.0,400.0
dual_single_helix,24,1000.0,0,600.0,400.0
single_double_helix,24,1000.0,0,600.0,400.0
dual_single_helix,24,1000.0,0,500.0,400.0
single_double_helix,24,1000.0,0,500.0,400.0
dual_single_helix,24,1000.0,0,500.0,400.0
single_double_helix,24,1000.0,0,500.0,400.0
dual_single_helix,24,1000.0,0,600.0,400.0
single_double_helix,24,1000.0,0,600.0,400.0
dual_single_helix,24,1000.0,0,500.0,400.0
single_double_helix,24,1000.0,0,500.0,400.0
dual_single_helix,24,1000.0,0,600.0,400.0
single_double_helix,24,1000.0,0,600.0,400.0
dual_single_helix,24,1000.0,0,500.0,400.0
single_double_helix,24,1000.0,0,500.0,400.0
dual_single_helix,24,1000.0,0,600.0,400.0
single_double_helix,24,1000.0,0,600.0,400.0
dual_single_helix,24,1000.0,0,600.0,400.0
single_double_helix,24,1000.0,0,600.0,400.0
dual_single_helix,24,1000.0,0,500.0,400.0
single_double_helix,24,1000.0,0,500.0,400.0
dual_single_helix,24,1000.0,0,600.0,400.0
single_double_helix,24,1000.0,0,600.0,400.0
dual_single_helix,24,1000.0,0,500.0,400.0
single_double_helix,24,1000.0,0,500.0,400.0
dual_single_helix,24,1000.0,0,600.0,400.0
single_double_helix,24,1000.0,0,600.0,400.0
dual_single_helix,24,1000.0,0,500.0,400.0
single_double_helix,24,1000.0,0,500.0,400.0
dual_single_helix,24,1000.0,1,500.0,400.0
single_double_helix,24,1000.0,1,500.0,400.0
dual_single_helix,24,1000.0,1,600.0,400.0
single_double_helix,24,1000.0,1,600.0,400.0
dual_single_helix,24,1000.0,1,500.0,400.0
single_double_helix,24,1000.0,1,500.0,400.0
dual_single_helix,24,1000.0,1,600.0,400.0
single_double_helix,24,1000.0,1,600.0,400.0
dual_single_helix,24,1000.0,1,500.0,400.0
single_double_helix,24,1000.0,1,500.0,400.0
dual_single_helix,24,1000.0,1,600.0,400.0
single_double_helix,24,1000.0,1,600.0,400.0
dual_single_helix,24,1000.0,1,600.0,400.0
single_double_helix,24,1000.0,1,600.0,400.0
dual_single_helix,24,1000.0,1,500.0,400.0
single_double_helix,24,1000.0,1,500.0,400.0
dual_single_helix,24,1000.0,1,600.0,400.0
single_double_helix,24,1000.0,1,600.0,400.0
dual_single_helix,24,1000.0,1,500.0,400.0
single_double_helix,24,1000.0,1,500.0,400.0
dual_single_helix,24,1000.0,1,600.0,400.0
single_double_helix,24,1000.0,1,600.0,400.0
dual_single_helix,24,1000.0,1,500.0,400.0
single_double_helix,24,1000.0,1,500.0,400.0
dual_single_helix,24,1000.0,1,500.0,400.0
single_double_helix,24,1000.0,1,500.0,400.0
dual_single_helix,24,1000.0,1,600.0,400.0
single_double_helix,24,1000.0,1,600.0,400.0
dual_single_helix,24,1000.0,1,500.0,400.0
single_double_helix,24,1000.0,1,500.0,400.0
dual_single_helix,24,1000.0,1,600.0,400.0
single_double_helix,24,1000.0,1,600.0,400.0
dual_single_helix,24,1000.0,1,500.0,400.0
single_double_helix,24,1000.0,1,500.0,400.0
dual_single_helix,24,1000.0,1,600.0,400.0
single_double_helix,24,1000.0,1,600.0,400.0
dual_single_helix,24,1000.0,1,600.0,400.0
single_double_helix,24,1000.0,1,600.0,400.0
dual_single_helix,24,1000.0,1,500.0,400.0
single_double_helix,24,1000.0,1,500.0,400.0
dual_single_helix,24,1000.0,1,600.0,400.0
single_double_helix,24,1000.0,1,600.0,400.0
dual_single_helix,24,1000.0,1,500.0,400.0
single_double_helix,24,1000.0,1,500.0,400.0
dual_single_helix,24,1000.0,1,600.0,400.0
single_double_helix,24,1000.0,1,600.0,400.0
dual_single_helix,24,1000.0,1,500.0,400.0
single_double_helix,24,1000.0,1,500.0,400.0
dual_single_helix,24,1000.0,1,500.0,400.0
single_double_helix,24,1000.0,1,500.0,400.0
dual_single_helix,24,1000.0,1,600.0,400.0
single_double_helix,24,1000.0,1,600.0,400.0
dual_single_helix,24,1000.0,1,500.0,400.0
single_double_helix,24,1000.0,1,500.0,400.0
dual_single_helix,24,1000.0,1,600.0,400.0
single_double_helix,24,1000.0,1,600.0,400.0
dual_single_helix,24,1000.0,1,500.0,400.0
single_double_helix,24,1000.0,1,500.0,400.0
dual_single_helix,24,1000.0,1,600.0,400.0
single_double_helix,24,1000.0,1,600.0,400.0
dual_single_helix,24,1000.0,1,600.0,400.0
single_double_helix,24,1000.0,1,600.0,400.0
dual_single_helix,24,1000.0,1,500.0,400.0
single_double_helix,24,1000.0,1,500.0,400.0
dual_single_helix,24,1000.0,1,600.0,400.0
single_double_helix,24,1000.0,1,600.0,400.0
dual_single_helix,24,1000.0,1,500.0,400.0
single_double_helix,24,1000.0,1,500.0,400.0
dual_single_helix,24,1000.0,1,600.0,400.0
single_double_helix,24,1000.0,1,600.0,400.0
dual_single_helix,24,1000.0,1,500.0,400.0
single_double_helix,24,1000.0,1,500.0,400.0
dual_single_helix,24,1000.0,2,500.0,400.0
single_double_helix,24,1000.0,2,500.0,400.0
dual_single_helix,24,1000.0,2,600.0,400.0
single_double_helix,24,1000.0,2,600.0,400.0
dual_single_helix,24,1000.0,2,500.0,400.0
single_double_helix,24,1000.0,2,500.0,400.0
dual_single_helix,24,1000.0,2,600.0,400.0
single_double_helix,24,1000.0,2,600.0,400.0
dual_single_helix,24,1000.0,2,500.0,400.0
single_double_helix,24,1000.0,2,500.0,400.0
dual_single_helix,24,1000.0,2,600.0,400.0
single_double_helix,24,1000.0,2,600.0,400.0
dual_single_helix,24,1000.0,2,600.0,400.0
single_double_helix,24,1000.0,2,600.0,400.0
dual_single_helix,24,1000.0,2,500.0,400.0
single_double_helix,24,1000.0,2,500.0,400.0
dual_single_helix,24,1000.0,2,600.0,400.0
single_double_helix,24,1000.0,2,600.0,400.0
dual_single_helix,24,1000.0,2,500.0,400.0
single_double_helix,24,1000.0,2,500.0,400.0
dual_single_helix,24,1000.0,2,600.0,400.0
single_double_helix,24,1000.0,2,600.0,400.0
dual_single_helix,24,1000.0,2,500.0,400.0
single_double_helix,24,1000.0,2,500.0,400.0
dual_single_helix,24,1000.0,2,500.0,400.0
single_double_helix,24,1000.0,2,500.0,400.0
dual_single_helix,24,1000.0,2,600.0,400.0
single_double_helix,24,1000.0,2,600.0,400.0
dual_single_helix,24,1000.0,2,500.0,400.0
single_double_helix,24,1000.0,2,500.0,400.0
dual_single_helix,24,1000.0,2,600.0,400.0
single_double_helix,24,1000.0,2,600.0,400.0
dual_single_helix,24,1000.0,2,500.0,400.0
single_double_helix,24,1000.0,2,500.0,400.0
dual_single_helix,24,1000.0,2,600.0,400.0
single_double_helix,24,1000.0,2,600.0,400.0
dual_single_helix,24,1000.0,2,600.0,400.0
single_double_helix,24,1000.0,2,600.0,400.0
dual_single_helix,24,1000.0,2,500.0,400.0
single_double_helix,24,1000.0,2,500.0,400.0
dual_single_helix,24,1000.0,2,600.0,400.0
single_double_helix,24,1000.0,2,600.0,400.0
dual_single_helix,24,1000.0,2,500.0,400.0
single_double_helix,24,1000.0,2,500.0,400.0
dual_single_helix,24,1000.0,2,600.0,400.0
single_double_helix,24,1000.0,2,600.0,400.0
dual_single_helix,24,1000.0,2,500.0,400.0
single_double_helix,24,1000.0,2,500.0,400.0
dual_single_helix,24,1000.0,2,500.0,400.0
single_double_helix,24,1000.0,2,500.0,400.0
dual_single_helix,24,1000.0,2,600.0,400.0
single_double_helix,24,1000.0,2,600.0,400.0
dual_single_helix,24,1000.0,2,500.0,400.0
single_double_helix,24,1000.0,2,500.0,400.0
dual_single_helix,24,1000.0,2,600.0,400.0
single_double_helix,24,1000.0,2,600.0,400.0
dual_single_helix,24,1000.0,2,500.0,400.0
single_double_helix,24,1000.0,2,500.0,400.0
dual_single_helix,24,1000.0,2,600.0,400.0
single_double_helix,24,1000.0,2,600.0,400.0
dual_single_helix,24,1000.0,2,600.0,400.0
single_double_helix,24,1000.0,2,600.0,400.0
dual_single_helix,24,1000.0,2,500.0,400.0
single_double_helix,24,1000.0,2,500.0,400.0
dual_single_helix,24,1000.0,2,600.0,400.0
single_double_helix,24,1000.0,2,600.0,400.0
dual_single_helix,24,1000.0,2,500.0,400.0
single_double_helix,24,1000.0,2,500.0,400.0
dual_single_helix,24,1000.0,2,600.0,400.0
single_double_helix,24,1000.0,2,600.0,400.0
dual_single_helix,24,1000.0,2,500.0,400.0
single_double_helix,24,1000.0,2,500.0,400.0
dual_single_helix,24,1000.0,3,500.0,400.0
single_double_helix,24,1000.0,3,500.0,400.0
dual_single_helix,24,1000.0,3,600.0,400.0
single_double_helix,24,1000.0,3,600.0,400.0
dual_single_helix,24,1000.0,3,500.0,400.0
single_double_helix,24,1000.0,3,500.0,400.0
dual_single_helix,24,1000.0,3,600.0,400.0
single_double_helix,24,1000.0,3,600.0,400.0
dual_single_helix,24,1000.0,3,500.0,400.0
single_double_helix,24,1000.0,3,500.0,400.0
dual_single_helix,24,1000.0,3,600.0,400.0
single_double_helix,24,1000.0,3,600.0,400.0
dual_single_helix,24,1000.0,3,600.0,400.0
single_double_helix,24,1000.0,3,600.0,400.0
dual_single_helix,24,1000.0,3,500.0,400.0
single_double_helix,24,1000.0,3,500.0,400.0
dual_single_helix,24,1000.0,3,600.0,400.0
single_double_helix,24,1000.0,3,600.0,400.0
dual_single_helix,24,1000.0,3,500.0,400.0
single_double_helix,24,1000.0,3,500.0,400.0
dual_single_helix,24,1000.0,3,600.0,400.0
single_double_helix,24,1000.0,3,600.0,400.0
dual_single_helix,24,1000.0,3,500.0,400.0
single_double_helix,24,1000.0,3,500.0,400.0
dual_single_helix,24,1000.0,3,500.0,400.0
single_double_helix,24,1000.0,3,500.0,400.0
dual_single_helix,24,1000.0,3,600.0,400.0
single_double_helix,24,1000.0,3,600.0,400.0
dual_single_helix,24,1000.0,3,500.0,400.0
single_double_helix,24,1000.0,3,500.0,400.0
dual_single_helix,24,1000.0,3,600.0,400.0
single_double_helix,24,1000.0,3,600.0,400.0
dual_single_helix,24,1000.0,3,500.0,400.0
single_double_helix,24,1000.0,3,500.0,400.0
dual_single_helix,24,1000.0,3,600.0,400.0
single_double_helix,24,1000.0,3,600.0,400.0
dual_single_helix,24,1000.0,3,600.0,400.0
single_double_helix,24,1000.0,3,600.0,400.0
dual_single_helix,24,1000.0,3,500.0,400.0
single_double_helix,24,1000.0,3,500.0,400.0
dual_single_helix,24,1000.0,3,600.0,400.0
single_double_helix,24,1000.0,3,600.0,400.0
dual_single_helix,24,1000.0,3,500.0,400.0
single_double_helix,24,1000.0,3,500.0,400.0
dual_single_helix,24,1000.0,3,600.0,400.0
single_double_helix,24,1000.0,3,600.0,400.0
dual_single_helix,24,1000.0,3,500.0,400.0
single_double_helix,24,1000.0,3,500.0,400.0
dual_single_helix,24,1000.0,3,500.0,400.0
single_double_helix,24,1000.0,3,500.0,400.0
dual_single_helix,24,1000.0,3,600.0,400.0
single_double_helix,24,1000.0,3,600.0,400.0
dual_single_helix,24,1000.0,3,500.0,400.0
single_double_helix,24,1000.0,3,500.0,400.0
dual_single_helix,24,1000.0,3,600.0,400.0
single_double_helix,24,1000.0,3,600.0,400.0
dual_single_helix,24,1000.0,3,500.0,400.0
single_double_helix,24,1000.0,3,500.0,400.0
dual_single_helix,24,1000.0,3,600.0,400.0
single_double_helix,24,1000.0,3,600.0,400.0
dual_single_helix,24,1000.0,3,600.0,400.0
single_double_helix,24,1000.0,3,600.0,400.0
dual_single_helix,24,1000.0,3,500.0,400.0
single_double_helix,24,1000.0,3,500.0,400.0
dual_single_helix,24,1000.0,3,600.0,400.0
single_double_helix,24,1000.0,3,600.0,400.0
dual_single_helix,24,1000.0,3,500.0,400.0
single_double_helix,24,1000.0,3,500.0,400.0
dual_single_helix,24,1000.0,3,600.0,400.0
single_double_helix,24,1000.0,3,600.0,400.0
dual_single_helix,24,1000.0,3,500.0,400.0
single_double_helix,24,1000.0,3,500.0,400.0
dual_single_helix,24,1000.0,4,500.0,400.0
single_double_helix,24,1000.0,4,500.0,400.0
dual_single_helix,24,1000.0,4,600.0,400.0
single_double_helix,24,1000.0,4,600.0,400.0
dual_single_helix,24,1000.0,4,500.0,400.0
single_double_helix,24,1000.0,4,500.0,400.0
dual_single_helix,24,1000.0,4,600.0,400.0
single_double_helix,24,1000.0,4,600.0,400.0
dual_single_helix,24,1000.0,4,500.0,400.0
single_double_helix,24,1000.0,4,500.0,400.0
dual_single_helix,24,1000.0,4,600.0,400.0
single_double_helix,24,1000.0,4,600.0,400.0
dual_single_helix,24,1000.0,4,600.0,400.0
single_double_helix,24,1000.0,4,600.0,400.0
dual_single_helix,24,1000.0,4,500.0,400.0
single_double_helix,24,1000.0,4,500.0,400.0
dual_single_helix,24,1000.0,4,600.0,400.0
single_double_helix,24,1000.0,4,600.0,400.0
dual_single_helix,24,1000.0,4,500.0,400.0
single_double_helix,24,1000.0,4,500.0,400.0
dual_single_helix,24,1000.0,4,600.0,400.0
single_double_helix,24,1000.0,4,600.0,400.0
dual_single_helix,24,1000.0,4,500.0,400.0
single_double_helix,24,1000.0,4,500.0,400.0
dual_single_helix,24,1000.0,4,500.0,400.0
single_double_helix,24,1000.0,4,500.0,400.0
dual_single_helix,24,1000.0,4,600.0,400.0
single_double_helix,24,1000.0,4,600.0,400.0
dual_single_helix,24,1000.0,4,500.0,400.0
single_double_helix,24,1000.0,4,500.0,400.0
dual_single_helix,24,1000.0,4,600.0,400.0
single_double_helix,24,1000.0,4,600.0,400.0
dual_single_helix,24,1000.0,4,500.0,400.0
single_double_helix,24,1000.0,4,500.0,400.0
dual_single_helix,24,1000.0,4,600.0,400.0
single_double_helix,24,1000.0,4,600.0,400.0
dual_single_helix,24,1000.0,4,600.0,400.0
single_double_helix,24,1000.0,4,600.0,400.0
dual_single_helix,24,1000.0,4,500.0,400.0
single_double_helix,24,1000.0,4,500.0,400.0
dual_single_helix,24,1000.0,4,600.0,400.0
single_double_helix,24,1000.0,4,600.0,400.0
dual_single_helix,24,1000.0,4,500.0,400.0
single_double_helix,24,1000.0,4,500.0,400.0
dual_single_helix,24,1000.0,4,600.0,400.0
single_double_helix,24,1000.0,4,600.0,400.0
dual_single_helix,24,1000.0,4,500.0,400.0
single_double_helix,24,1000.0,4,500.0,400.0
dual_single_helix,24,1000.0,4,500.0,400.0
single_double_helix,24,1000.0,4,500.0,400.0
dual_single_helix,24,1000.0,4,600.0,400.0
single_double_helix,24,1000.0,4,600.0,400.0
dual_single_helix,24,1000.0,4,500.0,400.0
single_double_helix,24,1000.0,4,500.0,400.0
dual_single_helix,24,1000.0,4,600.0,400.0
single_double_helix,24,1000.0,4,600.0,400.0
dual_single_helix,24,1000.0,4,500.0,400.0
single_double_helix,24,1000.0,4,500.0,400.0
dual_single_helix,24,1000.0,4,600.0,400.0
single_double_helix,24,1000.0,4,600.0,400.0
dual_single_helix,24,1000.0,4,600.0,400.0
single_double_helix,24,1000.0,4,600.0,400.0
dual_single_helix,24,1000.0,4,500.0,400.0
single_double_helix,24,1000.0,4,500.0,400.0
dual_single_helix,24,1000.0,4,600.0,400.0
single_double_helix,24,1000.0,4,600.0,400.0
dual_single_helix,24,1000.0,4,500.0,400.0
single_double_helix,24,1000.0,4,500.0,400.0
dual_single_helix,24,1000.0,4,600.0,400.0
single_double_helix,24,1000.0,4,600.0,400.0
dual_single_helix,24,1000.0,4,500.0,400.0
single_double_helix,24,1000.0,4,500.0,400.0
dual_single_helix,24,5000.0,0,500.0,400.0
single_double_helix,24,5000.0,0,500.0,400.0
dual_single_helix,24,5000.0,0,600.0,400.0
single_double_helix,24,5000.0,0,600.0,400.0
dual_single_helix,24,5000.0,0,500.0,400.0
single_double_helix,24,5000.0,0,500.0,400.0
dual_single_helix,24,5000.0,0,600.0,400.0
single_double_helix,24,5000.0,0,600.0,400.0
dual_single_helix,24,5000.0,0,500.0,400.0
single_double_helix,24,5000.0,0,500.0,400.0
dual_single_helix,24,5000.0,0,600.0,400.0
single_double_helix,24,5000.0,0,600.0,400.0
dual_single_helix,24,5000.0,0,600.0,400.0
single_double_helix,24,5000.0,0,600.0,400.0
dual_single_helix,24,5000.0,0,500.0,400.0
single_double_helix,24,5000.0,0,500.0,400.0
dual_single_helix,24,5000.0,0,600.0,400.0
single_double_helix,24,5000.0,0,600.0,400.0
dual_single_helix,24,5000.0,0,500.0,400.0
single_double_helix,24,5000.0,0,500.0,400.0
dual_single_helix,24,5000.0,0,600.0,400.0
single_double_helix,24,5000.0,0,600.0,400.0
dual_single_helix,24,5000.0,0,500.0,400.0
single_double_helix,24,5000.0,0,500.0,400.0
dual_single_helix,24,5000.0,0,500.0,400.0
single_double_helix,24,5000.0,0,500.0,400.0
dual_single_helix,24,5000.0,0,600.0,400.0
single_double_helix,24,5000.0,0,600.0,400.0
dual_single_helix,24,5000.0,0,500.0,400.0
single_double_helix,24,5000.0,0,500.0,400.0
dual_single_helix,24,5000.0,0,600.0,400.0
single_double_helix,24,5000.0,0,600.0,400.0
dual_single_helix,24,5000.0,0,500.0,400.0
single_double_helix,24,5000.0,0,500.0,400.0
dual_single_helix,24,5000.0,0,600.0,400.0
single_double_helix,24,5000.0,0,600.0,400.0
dual_single_helix,24,5000.0,0,600.0,400.0
single_double_helix,24,5000.0,0,600.0,400.0
dual_single_helix,24,5000.0,0,500.0,400.0
single_double_helix,24,5000.0,0,500.0,400.0
dual_single_helix,24,5000.0,0,600.0,400.0
single_double_helix,24,5000.0,0,600.0,400.0
dual_single_helix,24,5000.0,0,500.0,400.0
single_double_helix,24,5000.0,0,500.0,400.0
dual_single_helix,24,5000.0,0,600.0,400.0
single_double_helix,24,5000.0,0,600.0,400.0
dual_single_helix,24,5000.0,0,500.0,400.0
single_double_helix,24,5000.0,0,500.0,400.0
dual_single_helix,24,5000.0,0,500.0,400.0
single_double_helix,24,5000.0,0,500.0,400.0
dual_single_helix,24,5000.0,0,600.0,400.0
single_double_helix,24,5000.0,0,600.0,400.0
dual_single_helix,24,5000.0,0,500.0,400.0
single_double_helix,24,5000.0,0,500.0,400.0
dual_single_helix,24,5000.0,0,600.0,400.0
single_double_helix,24,5000.0,0,600.0,400.0
dual_single_helix,24,5000.0,0,500.0,400.0
single_double_helix,24,5000.0,0,500.0,400.0
dual_single_helix,24,5000.0,0,600.0,400.0
single_double_helix,24,5000.0,0,600.0,400.0
dual_single_helix,24,5000.0,0,600.0,400.0
single_double_helix,24,5000.0,0,600.0,400.0
dual_single_helix,24,5000.0,0,500.0,400.0
single_double_helix,24,5000.0,0,500.0,400.0
dual_single_helix,24,5000.0,0,600.0,400.0
single_double_helix,24,5000.0,0,600.0,400.0
dual_single_helix,24,5000.0,0,500.0,400.0
single_double_helix,24,5000.0,0,500.0,400.0
dual_single_helix,24,5000.0,0,600.0,400.0
single_double_helix,24,5000.0,0,600.0,400.0
dual_single_helix,24,5000.0,0,500.0,400.0
single_double_helix,24,5000.0,0,500.0,400.0
dual_single_helix,24,5000.0,1,500.0,400.0
single_double_helix,24,5000.0,1,500.0,400.0
dual_single_helix,24,5000.0,1,600.0,400.0
single_double_helix,24,5000.0,1,600.0,400.0
dual_single_helix,24,5000.0,1,500.0,400.0
single_double_helix,24,5000.0,1,500.0,400.0
dual_single_helix,24,5000.0,1,600.0,400.0
single_double_helix,24,5000.0,1,600.0,400.0
dual_single_helix,24,5000.0,1,500.0,400.0
single_double_helix,24,5000.0,1,500.0,400.0
dual_single_helix,24,5000.0,1,600.0,400.0
single_double_helix,24,5000.0,1,600.0,400.0
dual_single_helix,24,5000.0,1,600.0,400.0
single_double_helix,24,5000.0,1,600.0,400.0
dual_single_helix,24,5000.0,1,500.0,400.0
single_double_helix,24,5000.0,1,500.0,400.0
dual_single_helix,24,5000.0,1,600.0,400.0
single_double_helix,24,5000.0,1,600.0,400.0
dual_single_helix,24,5000.0,1,500.0,400.0
single_double_helix,24,5000.0,1,500.0,400.0
dual_single_helix,24,5000.0,1,600.0,400.0
single_double_helix,24,5000.0,1,600.0,400.0
dual_single_helix,24,5000.0,1,500.0,400.0
single_double_helix,24,5000.0,1,500.0,400.0
dual_single_helix,24,5000.0,1,500.0,400.0
single_double_helix,24,5000.0,1,500.0,400.0
dual_single_helix,24,5000.0,1,600.0,400.0
single_double_helix,24,5000.0,1,600.0,400.0
dual_single_helix,24,5000.0,1,500.0,400.0
single_double_helix,24,5000.0,1,500.0,400.0
dual_single_helix,24,5000.0,1,600.0,400.0
single_double_helix,24,5000.0,1,600.0,400.0
dual_single_helix,24,5000.0,1,500.0,400.0
single_double_helix,24,5000.0,1,500.0,400.0
dual_single_helix,24,5000.0,1,600.0,400.0
single_double_helix,24,5000.0,1,600.0,400.0
dual_single_helix,24,5000.0,1,600.0,400.0
single_double_helix,24,5000.0,1,600.0,400.0
dual_single_helix,24,5000.0,1,500.0,400.0
single_double_helix,24,5000.0,1,500.0,400.0
dual_single_helix,24,5000.0,1,600.0,400.0
single_double_helix,24,5000.0,1,600.0,400.0
dual_single_helix,24,5000.0,1,500.0,400.0
single_double_helix,24,5000.0,1,500.0,400.0
dual_single_helix,24,5000.0,1,600.0,400.0
single_double_helix,24,5000.0,1,600.0,400.0
dual_single_helix,24,5000.0,1,500.0,400.0
single_double_helix,24,5000.0,1,500.0,400.0
dual_single_helix,24,5000.0,1,500.0,400.0
single_double_helix,24,5000.0,1,500.0,400.0
dual_single_helix,24,5000.0,1,600.0,400.0
single_double_helix,24,5000.0,1,600.0,400.0
dual_single_helix,24,5000.0,1,500.0,400.0
single_double_helix,24,5000.0,1,500.0,400.0
dual_single_helix,24,5000.0,1,600.0,400.0
single_double_helix,24,5000.0,1,600.0,400.0
dual_single_helix,24,5000.0,1,500.0,400.0
single_double_helix,24,5000.0,1,500.0,400.0
dual_single_helix,24,5000.0,1,600.0,400.0
single_double_helix,24,5000.0,1,600.0,400.0
dual_single_helix,24,5000.0,1,600.0,400.0
single_double_helix,24,5000.0,1,600.0,400.0
dual_single_helix,24,5000.0,1,500.0,400.0
single_double_helix,24,5000.0,1,500.0,400.0
dual_single_helix,24,5000.0,1,600.0,400.0
single_double_helix,24,5000.0,1,600.0,400.0
dual_single_helix,24,5000.0,1,500.0,400.0
single_double_helix,24,5000.0,1,500.0,400.0
dual_single_helix,24,5000.0,1,600.0,400.0
single_double_helix,24,5000.0,1,600.0,400.0
dual_single_helix,24,5000.0,1,500.0,400.0
single_double_helix,24,5000.0,1,500.0,400.0
dual_single_helix,24,5000.0,2,500.0,400.0
single_double_helix,24,5000.0,2,500.0,400.0
dual_single_helix,24,5000.0,2,600.0,400.0
single_double_helix,24,5000.0,2,600.0,400.0
dual_single_helix,24,5000.0,2,500.0,400.0
single_double_helix,24,5000.0,2,500.0,400.0
dual_single_helix,24,5000.0,2,600.0,400.0
single_double_helix,24,5000.0,2,600.0,400.0
dual_single_helix,24,5000.0,2,500.0,400.0
single_double_helix,24,5000.0,2,500.0,400.0
dual_single_helix,24,5000.0,2,600.0,400.0
single_double_helix,24,5000.0,2,600.0,400.0
dual_single_helix,24,5000.0,2,600.0,400.0
single_double_helix,24,5000.0,2,600.0,400.0
dual_single_helix,24,5000.0,2,500.0,400.0
single_double_helix,24,5000.0,2,500.0,400.0
dual_single_helix,24,5000.0,2,600.0,400.0
single_double_helix,24,5000.0,2,600.0,400.0
dual_single_helix,24,5000.0,2,500.0,400.0
single_double_helix,24,5000.0,2,500.0,400.0
dual_single_helix,24,5000.0,2,600.0,400.0
single_double_helix,24,5000.0,2,600.0,400.0
dual_single_helix,24,5000.0,2,500.0,400.0
single_double_helix,24,5000.0,2,500.0,400.0
dual_single_helix,24,5000.0,2,500.0,400.0
single_double_helix,24,5000.0,2,500.0,400.0
dual_single_helix,24,5000.0,2,600.0,400.0
single_double_helix,24,5000.0,2,600.0,400.0
dual_single_helix,24,5000.0,2,500.0,400.0
single_double_helix,24,5000.0,2,500.0,400.0
dual_single_helix,24,5000.0,2,600.0,400.0
single_double_helix,24,5000.0,2,600.0,400.0
dual_single_helix,24,5000.0,2,500.0,400.0
single_double_helix,24,5000.0,2,500.0,400.0
dual_single_helix,24,5000.0,2,600.0,400.0
single_double_helix,24,5000.0,2,600.0,400.0
dual_single_helix,24,5000.0,2,600.0,400.0
single_double_helix,24,5000.0,2,600.0,400.0
dual_single_helix,24,5000.0,2,500.0,400.0
single_double_helix,24,5000.0,2,500.0,400.0
dual_single_helix,24,5000.0,2,600.0,400.0
single_double_helix,24,5000.0,2,600.0,400.0
dual_single_helix,24,5000.0,2,500.0,400.0
single_double_helix,24,5000.0,2,500.0,400.0
dual_single_helix,24,5000.0,2,600.0,400.0
single_double_helix,24,5000.0,2,600.0,400.0
dual_single_helix,24,5000.0,2,500.0,400.0
single_double_helix,24,5000.0,2,500.0,400.0
dual_single_helix,24,5000.0,2,500.0,400.0
single_double_helix,24,5000.0,2,500.0,400.0
dual_single_helix,24,5000.0,2,600.0,400.0
single_double_helix,24,5000.0,2,600.0,400.0
dual_single_helix,24,5000.0,2,500.0,400.0
single_double_helix,24,5000.0,2,500.0,400.0
dual_single_helix,24,5000.0,2,600.0,400.0
single_double_helix,24,5000.0,2,600.0,400.0
dual_single_helix,24,5000.0,2,500.0,400.0
single_double_helix,24,5000.0,2,500.0,400.0
dual_single_helix,24,5000.0,2,600.0,400.0
single_double_helix,24,5000.0,2,600.0,400.0
dual_single_helix,24,5000.0,2,600.0,400.0
single_double_helix,24,5000.0,2,600.0,400.0
dual_single_helix,24,5000.0,2,500.0,400.0
single_double_helix,24,5000.0,2,500.0,400.0
dual_single_helix,24,5000.0,2,600.0,400.0
single_double_helix,24,5000.0,2,600.0,400.0
dual_single_helix,24,5000.0,2,500.0,400.0
single_double_helix,24,5000.0,2,500.0,400.0
dual_single_helix,24,5000.0,2,600.0,400.0
single_double_helix,24,5000.0,2,600.0,400.0
dual_single_helix,24,5000.0,2,500.0,400.0
single_double_helix,24,5000.0,2,500.0,400.0
dual_single_helix,24,5000.0,3,500.0,400.0
single_double_helix,24,5000.0,3,500.0,400.0
dual_single_helix,24,5000.0,3,600.0,400.0
single_double_helix,24,5000.0,3,600.0,400.0
dual_single_helix,24,5000.0,3,500.0,400.0
single_double_helix,24,5000.0,3,500.0,400.0
dual_single_helix,24,5000.0,3,600.0,400.0
single_double_helix,24,5000.0,3,600.0,400.0
dual_single_helix,24,5000.0,3,500.0,400.0
single_double_helix,24,5000.0,3,500.0,400.0
dual_single_helix,24,5000.0,3,600.0,400.0
single_double_helix,24,5000.0,3,600.0,400.0
dual_single_helix,24,5000.0,3,600.0,400.0
single_double_helix,24,5000.0,3,600.0,400.0
dual_single_helix,24,5000.0,3,500.0,400.0
single_double_helix,24,5000.0,3,500.0,400.0
dual_single_helix,24,5000.0,3,600.0,400.0
single_double_helix,24,5000.0,3,600.0,400.0
dual_single_helix,24,5000.0,3,500.0,400.0
single_double_helix,24,5000.0,3,500.0,400.0
dual_single_helix,24,5000.0,3,600.0,400.0
single_double_helix,24,5000.0,3,600.0,400.0
dual_single_helix,24,5000.0,3,500.0,400.0
single_double_helix,24,5000.0,3,500.0,400.0
dual_single_helix,24,5000.0,3,500.0,400.0
single_double_helix,24,5000.0,3,500.0,400.0
dual_single_helix,24,5000.0,3,600.0,400.0
single_double_helix,24,5000.0,3,600.0,400.0
dual_single_helix,24,5000.0,3,500.0,400.0
single_double_helix,24,5000.0,3,500.0,400.0
dual_single_helix,24,5000.0,3,600.0,400.0
single_double_helix,24,5000.0,3,600.0,400.0
dual_single_helix,24,5000.0,3,500.0,400.0
single_double_helix,24,5000.0,3,500.0,400.0
dual_single_helix,24,5000.0,3,600.0,400.0
single_double_helix,24,5000.0,3,600.0,400.0
dual_single_helix,24,5000.0,3,600.0,400.0
single_double_helix,24,5000.0,3,600.0,400.0
dual_single_helix,24,5000.0,3,500.0,400.0
single_double_helix,24,5000.0,3,500.0,400.0
dual_single_helix,24,5000.0,3,600.0,400.0
single_double_helix,24,5000.0,3,600.0,400.0
dual_single_helix,24,5000.0,3,500.0,400.0
single_double_helix,24,5000.0,3,500.0,400.0
dual_single_helix,24,5000.0,3,600.0,400.0
single_double_helix,24,5000.0,3,600.0,400.0
dual_single_helix,24,5000.0,3,500.0,400.0
single_double_helix,24,5000.0,3,500.0,400.0
dual_single_helix,24,5000.0,3,500.0,400.0
single_double_helix,24,5000.0,3,500.0,400.0
dual_single_helix,24,5000.0,3,600.0,400.0
single_double_helix,24,5000.0,3,600.0,400.0
dual_single_helix,24,5000.0,3,500.0,400.0
single_double_helix,24,5000.0,3,500.0,400.0
dual_single_helix,24,5000.0,3,600.0,400.0
single_double_helix,24,5000.0,3,600.0,400.0
dual_single_helix,24,5000.0,3,500.0,400.0
single_double_helix,24,5000.0,3,500.0,400.0
dual_single_helix,24,5000.0,3,600.0,400.0
single_double_helix,24,5000.0,3,600.0,400.0
dual_single_helix,24,5000.0,3,600.0,400.0
single_double_helix,24,5000.0,3,600.0,400.0
dual_single_helix,24,5000.0,3,500.0,400.0
single_double_helix,24,5000.0,3,500.0,400.0
dual_single_helix,24,5000.0,3,600.0,400.0
single_double_helix,24,5000.0,3,600.0,400.0
dual_single_helix,24,5000.0,3,500.0,400.0
single_double_helix,24,5000.0,3,500.0,400.0
dual_single_helix,24,5000.0,3,600.0,400.0
single_double_helix,24,5000.0,3,600.0,400.0
dual_single_helix,24,5000.0,3,500.0,400.0
single_double_helix,24,5000.0,3,500.0,400.0
dual_single_helix,24,5000.0,4,500.0,400.0
single_double_helix,24,5000.0,4,500.0,400.0
dual_single_helix,24,5000.0,4,600.0,400.0
single_double_helix,24,5000.0,4,600.0,400.0
dual_single_helix,24,5000.0,4,500.0,400.0
single_double_helix,24,5000.0,4,500.0,400.0
dual_single_helix,24,5000.0,4,600.0,400.0
single_double_helix,24,5000.0,4,600.0,400.0
dual_single_helix,24,5000.0,4,500.0,400.0
single_double_helix,24,5000.0,4,500.0,400.0
dual_single_helix,24,5000.0,4,600.0,400.0
single_double_helix,24,5000.0,4,600.0,400.0
dual_single_helix,24,5000.0,4,600.0,400.0
single_double_helix,24,5000.0,4,600.0,400.0
dual_single_helix,24,5000.0,4,500.0,400.0
single_double_helix,24,5000.0,4,500.0,400.0
dual_single_helix,24,5000.0,4,600.0,400.0
single_double_helix,24,5000.0,4,600.0,400.0
dual_single_helix,24,5000.0,4,500.0,400.0
single_double_helix,24,5000.0,4,500.0,400.0
dual_single_helix,24,5000.0,4,600.0,400.0
single_double_helix,24,5000.0,4,600.0,400.0
dual_single_helix,24,5000.0,4,500.0,400.0
single_double_helix,24,5000.0,4,500.0,400.0
dual_single_helix,24,5000.0,4,500.0,400.0
single_double_helix,24,5000.0,4,500.0,400.0
dual_single_helix,24,5000.0,4,600.0,400.0
single_double_helix,24,5000.0,4,600.0,400.0
dual_single_helix,24,5000.0,4,500.0,400.0
single_double_helix,24,5000.0,4,500.0,400.0
dual_single_helix,24,5000.0,4,600.0,400.0
single_double_helix,24,5000.0,4,600.0,400.0
dual_single_helix,24,5000.0,4,500.0,400.0
single_double_helix,24,5000.0,4,500.0,400.0
dual_single_helix,24,5000.0,4,600.0,400.0
single_double_helix,24,5000.0,4,600.0,400.0
dual_single_helix,24,5000.0,4,600.0,400.0
single_double_helix,24,5000.0,4,600.0,400.0
dual_single_helix,24,5000.0,4,500.0,400.0
single_double_helix,24,5000.0,4,500.0,400.0
dual_single_helix,24,5000.0,4,600.0,400.0
single_double_helix,24,5000.0,4,600.0,400.0
dual_single_helix,24,5000.0,4,500.0,400.0
single_double_helix,24,5000.0,4,500.0,400.0
dual_single_helix,24,5000.0,4,600.0,400.0
single_double_helix,24,5000.0,4,600.0,400.0
dual_single_helix,24,5000.0,4,500.0,400.0
single_double_helix,24,5000.0,4,500.0,400.0
dual_single_helix,24,5000.0,4,500.0,400.0
single_double_helix,24,5000.0,4,500.0,400.0
dual_single_helix,24,5000.0,4,600.0,400.0
single_double_helix,24,5000.0,4,600.0,400.0
dual_single_helix,24,5000.0,4,500.0,400.0
single_double_helix,24,5000.0,4,500.0,400.0
dual_single_helix,24,5000.0,4,600.0,400.0
single_double_helix,24,5000.0,4,600.0,400.0
dual_single_helix,24,5000.0,4,500.0,400.0
single_double_helix,24,5000.0,4,500.0,400.0
dual_single_helix,24,5000.0,4,600.0,400.0
single_double_helix,24,5000.0,4,600.0,400.0
dual_single_helix,24,5000.0,4,600.0,400.0
single_double_helix,24,5000.0,4,600.0,400.0
dual_single_helix,24,5000.0,4,500.0,400.0
single_double_helix,24,5000.0,4,500.0,400.0
dual_single_helix,24,5000.0,4,600.0,400.0
single_double_helix,24,5000.0,4,600.0,400.0
dual_single_helix,24,5000.0,4,500.0,400.0
single_double_helix,24,5000.0,4,500.0,400.0
dual_single_helix,24,5000.0,4,600.0,400.0
single_double_helix,24,5000.0,4,600.0,400.0
dual_single_helix,24,5000.0,4,500.0,400.0
single_double_helix,24,5000.0,4,500.0,400.0
dual_single_helix,24,20000.0,0,500.0,400.0
single_double_helix,24,20000.0,0,500.0,495.0
dual_single_helix,24,20000.0,0,600.0,400.0
single_double_helix,24,20000.0,0,600.0,400.0
dual_single_helix,24,20000.0,0,500.0,400.0
single_double_helix,24,20000.0,0,500.0,400.0
dual_single_helix,24,20000.0,0,600.0,400.0
single_double_helix,24,20000.0,0,600.0,400.0
dual_single_helix,24,20000.0,0,500.0,400.0
single_double_helix,24,20000.0,0,500.0,400.0
dual_single_helix,24,20000.0,0,600.0,400.0
single_double_helix,24,20000.0,0,600.0,400.0
dual_single_helix,24,20000.0,0,600.0,400.0
single_double_helix,24,20000.0,0,600.0,400.0
dual_single_helix,24,20000.0,0,500.0,400.0
single_double_helix,24,20000.0,0,500.0,400.0
dual_single_helix,24,20000.0,0,600.0,400.0
single_double_helix,24,20000.0,0,600.0,400.0
dual_single_helix,24,20000.0,0,500.0,400.0
single_double_helix,24,20000.0,0,500.0,400.0
dual_single_helix,24,20000.0,0,600.0,400.0
single_double_helix,24,20000.0,0,600.0,400.0
dual_single_helix,24,20000.0,0,500.0,400.0
single_double_helix,24,20000.0,0,500.0,400.0
dual_single_helix,24,20000.0,0,500.0,400.0
single_double_helix,24,20000.0,0,500.0,400.0
dual_single_helix,24,20000.0,0,600.0,400.0
single_double_helix,24,20000.0,0,600.0,400.0
dual_single_helix,24,20000.0,0,500.0,400.0
single_double_helix,24,20000.0,0,500.0,400.0
dual_single_helix,24,20000.0,0,600.0,400.0
single_double_helix,24,20000.0,0,600.0,400.0
dual_single_helix,24,20000.0,0,500.0,400.0
single_double_helix,24,20000.0,0,500.0,400.0
dual_single_helix,24,20000.0,0,600.0,400.0
single_double_helix,24,20000.0,0,600.0,400.0
dual_single_helix,24,20000.0,0,600.0,400.0
single_double_helix,24,20000.0,0,600.0,400.0
dual_single_helix,24,20000.0,0,500.0,400.0
single_double_helix,24,20000.0,0,500.0,400.0
dual_single_helix,24,20000.0,0,600.0,400.0
single_double_helix,24,20000.0,0,600.0,400.0
dual_single_helix,24,20000.0,0,500.0,400.0
single_double_helix,24,20000.0,0,500.0,400.0
dual_single_helix,24,20000.0,0,600.0,400.0
single_double_helix,24,20000.0,0,600.0,400.0
dual_single_helix,24,20000.0,0,500.0,400.0
single_double_helix,24,20000.0,0,500.0,400.0
dual_single_helix,24,20000.0,0,500.0,400.0
single_double_helix,24,20000.0,0,500.0,400.0
dual_single_helix,24,20000.0,0,600.0,400.0
single_double_helix,24,20000.0,0,600.0,400.0
dual_single_helix,24,20000.0,0,500.0,400.0
single_double_helix,24,20000.0,0,500.0,400.0
dual_single_helix,24,20000.0,0,600.0,400.0
single_double_helix,24,20000.0,0,600.0,400.0
dual_single_helix,24,20000.0,0,500.0,400.0
single_double_helix,24,20000.0,0,500.0,400.0
dual_single_helix,24,20000.0,0,600.0,400.0
single_double_helix,24,20000.0,0,600.0,400.0
dual_single_helix,24,20000.0,0,600.0,400.0
single_double_helix,24,20000.0,0,600.0,405.0
dual_single_helix,24,20000.0,0,500.0,400.0
single_double_helix,24,20000.0,0,500.0,400.0
dual_single_helix,24,20000.0,0,600.0,400.0
single_double_helix,24,20000.0,0,600.0,400.0
dual_single_helix,24,20000.0,0,500.0,400.0
single_double_helix,24,20000.0,0,500.0,400.0
dual_single_helix,24,20000.0,0,600.0,400.0
single_double_helix,24,20000.0,0,600.0,400.0
dual_single_helix,24,20000.0,0,500.0,400.0
single_double_helix,24,20000.0,0,500.0,400.0
dual_single_helix,24,20000.0,1,500.0,400.0
single_double_helix,24,20000.0,1,500.0,495.0
dual_single_helix,24,20000.0,1,600.0,400.0
single_double_helix,24,20000.0,1,600.0,400.0
dual_single_helix,24,20000.0,1,500.0,400.0
single_double_helix,24,20000.0,1,500.0,400.0
dual_single_helix,24,20000.0,1,600.0,400.0
single_double_helix,24,20000.0,1,600.0,400.0
dual_single_helix,24,20000.0,1,500.0,400.0
single_double_helix,24,20000.0,1,500.0,400.0
dual_single_helix,24,20000.0,1,600.0,400.0
single_double_helix,24,20000.0,1,600.0,405.0
dual_single_helix,24,20000.0,1,600.0,400.0
single_double_helix,24,20000.0,1,600.0,400.0
dual_single_helix,24,20000.0,1,500.0,400.0
single_double_helix,24,20000.0,1,500.0,400.0
dual_single_helix,24,20000.0,1,600.0,400.0
single_double_helix,24,20000.0,1,600.0,400.0
dual_single_helix,24,20000.0,1,500.0,400.0
single_double_helix,24,20000.0,1,500.0,400.0
dual_single_helix,24,20000.0,1,600.0,400.0
single_double_helix,24,20000.0,1,600.0,400.0
dual_single_helix,24,20000.0,1,500.0,400.0
single_double_helix,24,20000.0,1,500.0,400.0
dual_single_helix,24,20000.0,1,500.0,400.0
single_double_helix,24,20000.0,1,500.0,400.0
dual_single_helix,24,20000.0,1,600.0,400.0
single_double_helix,24,20000.0,1,600.0,400.0
dual_single_helix,24,20000.0,1,500.0,400.0
single_double_helix,24,20000.0,1,500.0,400.0
dual_single_helix,24,20000.0,1,600.0,400.0
single_double_helix,24,20000.0,1,600.0,400.0
dual_single_helix,24,20000.0,1,500.0,400.0
single_double_helix,24,20000.0,1,500.0,400.0
dual_single_helix,24,20000.0,1,600.0,400.0
single_double_helix,24,20000.0,1,600.0,400.0
dual_single_helix,24,20000.0,1,600.0,400.0
single_double_helix,24,20000.0,1,600.0,400.0
dual_single_helix,24,20000.0,1,500.0,400.0
single_double_helix,24,20000.0,1,500.0,400.0
dual_single_helix,24,20000.0,1,600.0,400.0
single_double_helix,24,20000.0,1,600.0,400.0
dual_single_helix,24,20000.0,1,500.0,400.0
single_double_helix,24,20000.0,1,500.0,400.0
dual_single_helix,24,20000.0,1,600.0,400.0
single_double_helix,24,20000.0,1,600.0,400.0
dual_single_helix,24,20000.0,1,500.0,400.0
single_double_helix,24,20000.0,1,500.0,400.0
dual_single_helix,24,20000.0,1,500.0,400.0
single_double_helix,24,20000.0,1,500.0,400.0
dual_single_helix,24,20000.0,1,600.0,400.0
single_double_helix,24,20000.0,1,600.0,400.0
dual_single_helix,24,20000.0,1,500.0,400.0
single_double_helix,24,20000.0,1,500.0,400.0
dual_single_helix,24,20000.0,1,600.0,400.0
single_double_helix,24,20000.0,1,600.0,400.0
dual_single_helix,24,20000.0,1,500.0,400.0
single_double_helix,24,20000.0,1,500.0,400.0
dual_single_helix,24,20000.0,1,600.0,400.0
single_double_helix,24,20000.0,1,600.0,400.0
dual_single_helix,24,20000.0,1,600.0,405.0
single_double_helix,24,20000.0,1,600.0,405.0
dual_single_helix,24,20000.0,1,500.0,400.0
single_double_helix,24,20000.0,1,500.0,400.0
dual_single_helix,24,20000.0,1,600.0,400.0
single_double_helix,24,20000.0,1,600.0,400.0
dual_single_helix,24,20000.0,1,500.0,400.0
single_double_helix,24,20000.0,1,500.0,400.0
dual_single_helix,24,20000.0,1,600.0,400.0
single_double_helix,24,20000.0,1,600.0,400.0
dual_single_helix,24,20000.0,1,500.0,400.0
single_double_helix,24,20000.0,1,500.0,400.0
dual_single_helix,24,20000.0,2,500.0,400.0
single_double_helix,24,20000.0,2,500.0,495.0
dual_single_helix,24,20000.0,2,600.0,400.0
single_double_helix,24,20000.0,2,600.0,400.0
dual_single_helix,24,20000.0,2,500.0,400.0
single_double_helix,24,20000.0,2,500.0,400.0
dual_single_helix,24,20000.0,2,600.0,400.0
single_double_helix,24,20000.0,2,600.0,400.0
dual_single_helix,24,20000.0,2,500.0,400.0
single_double_helix,24,20000.0,2,500.0,400.0
dual_single_helix,24,20000.0,2,600.0,400.0
single_double_helix,24,20000.0,2,600.0,405.0
dual_single_helix,24,20000.0,2,600.0,400.0
single_double_helix,24,20000.0,2,600.0,400.0
dual_single_helix,24,20000.0,2,500.0,400.0
single_double_helix,24,20000.0,2,500.0,400.0
dual_single_helix,24,20000.0,2,600.0,400.0
single_double_helix,24,20000.0,2,600.0,400.0
dual_single_helix,24,20000.0,2,500.0,400.0
single_double_helix,24,20000.0,2,500.0,400.0
dual_single_helix,24,20000.0,2,600.0,400.0
single_double_helix,24,20000.0,2,600.0,400.0
dual_single_helix,24,20000.0,2,500.0,400.0
single_double_helix,24,20000.0,2,500.0,400.0
dual_single_helix,24,20000.0,2,500.0,400.0
single_double_helix,24,20000.0,2,500.0,400.0
dual_single_helix,24,20000.0,2,600.0,400.0
single_double_helix,24,20000.0,2,600.0,400.0
dual_single_helix,24,20000.0,2,500.0,400.0
single_double_helix,24,20000.0,2,500.0,400.0
dual_single_helix,24,20000.0,2,600.0,400.0
single_double_helix,24,20000.0,2,600.0,400.0
dual_single_helix,24,20000.0,2,500.0,400.0
single_double_helix,24,20000.0,2,500.0,400.0
dual_single_helix,24,20000.0,2,600.0,400.0
single_double_helix,24,20000.0,2,600.0,400.0
dual_single_helix,24,20000.0,2,600.0,400.0
single_double_helix,24,20000.0,2,600.0,400.0
dual_single_helix,24,20000.0,2,500.0,400.0
single_double_helix,24,20000.0,2,500.0,400.0
dual_single_helix,24,20000.0,2,600.0,400.0
single_double_helix,24,20000.0,2,600.0,400.0
dual_single_helix,24,20000.0,2,500.0,400.0
single_double_helix,24,20000.0,2,500.0,400.0
dual_single_helix,24,20000.0,2,600.0,400.0
single_double_helix,24,20000.0,2,600.0,400.0
dual_single_helix,24,20000.0,2,500.0,400.0
single_double_helix,24,20000.0,2,500.0,400.0
dual_single_helix,24,20000.0,2,500.0,400.0
single_double_helix,24,20000.0,2,500.0,400.0
dual_single_helix,24,20000.0,2,600.0,400.0
single_double_helix,24,20000.0,2,600.0,400.0
dual_single_helix,24,20000.0,2,500.0,400.0
single_double_helix,24,20000.0,2,500.0,400.0
dual_single_helix,24,20000.0,2,600.0,400.0
single_double_helix,24,20000.0,2,600.0,400.0
dual_single_helix,24,20000.0,2,500.0,400.0
single_double_helix,24,20000.0,2,500.0,400.0
dual_single_helix,24,20000.0,2,600.0,400.0
single_double_helix,24,20000.0,2,600.0,400.0
dual_single_helix,24,20000.0,2,600.0,400.0
single_double_helix,24,20000.0,2,600.0,405.0
dual_single_helix,24,20000.0,2,500.0,400.0
single_double_helix,24,20000.0,2,500.0,400.0
dual_single_helix,24,20000.0,2,600.0,400.0
single_double_helix,24,20000.0,2,600.0,400.0
dual_single_helix,24,20000.0,2,500.0,400.0
single_double_helix,24,20000.0,2,500.0,400.0
dual_single_helix,24,20000.0,2,600.0,400.0
single_double_helix,24,20000.0,2,600.0,400.0
dual_single_helix,24,20000.0,2,500.0,400.0
single_double_helix,24,20000.0,2,500.0,400.0
dual_single_helix,24,20000.0,3,500.0,400.0
single_double_helix,24,20000.0,3,500.0,495.0
dual_single_helix,24,20000.0,3,600.0,400.0
single_double_helix,24,20000.0,3,600.0,400.0
dual_single_helix,24,20000.0,3,500.0,400.0
single_double_helix,24,20000.0,3,500.0,400.0
dual_single_helix,24,20000.0,3,600.0,400.0
single_double_helix,24,20000.0,3,600.0,400.0
dual_single_helix,24,20000.0,3,500.0,400.0
single_double_helix,24,20000.0,3,500.0,400.0
dual_single_helix,24,20000.0,3,600.0,400.0
single_double_helix,24,20000.0,3,600.0,405.0
dual_single_helix,24,20000.0,3,600.0,400.0
single_double_helix,24,20000.0,3,600.0,400.0
dual_single_helix,24,20000.0,3,500.0,400.0
single_double_helix,24,20000.0,3,500.0,400.0
dual_single_helix,24,20000.0,3,600.0,400.0
single_double_helix,24,20000.0,3,600.0,400.0
dual_single_helix,24,20000.0,3,500.0,400.0
single_double_helix,24,20000.0,3,500.0,400.0
dual_single_helix,24,20000.0,3,600.0,400.0
single_double_helix,24,20000.0,3,600.0,400.0
dual_single_helix,24,20000.0,3,500.0,400.0
single_double_helix,24,20000.0,3,500.0,400.0
dual_single_helix,24,20000.0,3,500.0,400.0
single_double_helix,24,20000.0,3,500.0,400.0
dual_single_helix,24,20000.0,3,600.0,400.0
single_double_helix,24,20000.0,3,600.0,400.0
dual_single_helix,24,20000.0,3,500.0,400.0
single_double_helix,24,20000.0,3,500.0,400.0
dual_single_helix,24,20000.0,3,600.0,400.0
single_double_helix,24,20000.0,3,600.0,400.0
dual_single_helix,24,20000.0,3,500.0,400.0
single_double_helix,24,20000.0,3,500.0,400.0
dual_single_helix,24,20000.0,3,600.0,400.0
single_double_helix,24,20000.0,3,600.0,400.0
dual_single_helix,24,20000.0,3,600.0,400.0
single_double_helix,24,20000.0,3,600.0,400.0
dual_single_helix,24,20000.0,3,500.0,400.0
single_double_helix,24,20000.0,3,500.0,400.0
dual_single_helix,24,20000.0,3,600.0,400.0
single_double_helix,24,20000.0,3,600.0,400.0
dual_single_helix,24,20000.0,3,500.0,400.0
single_double_helix,24,20000.0,3,500.0,400.0
dual_single_helix,24,20000.0,3,600.0,400.0
single_double_helix,24,20000.0,3,600.0,400.0
dual_single_helix,24,20000.0,3,500.0,400.0
single_double_helix,24,20000.0,3,500.0,400.0
dual_single_helix,24,20000.0,3,500.0,400.0
single_double_helix,24,20000.0,3,500.0,400.0
dual_single_helix,24,20000.0,3,600.0,400.0
single_double_helix,24,20000.0,3,600.0,400.0
dual_single_helix,24,20000.0,3,500.0,400.0
single_double_helix,24,20000.0,3,500.0,400.0
dual_single_helix,24,20000.0,3,600.0,400.0
single_double_helix,24,20000.0,3,600.0,400.0
dual_single_helix,24,20000.0,3,500.0,400.0
single_double_helix,24,20000.0,3,500.0,400.0
dual_single_helix,24,20000.0,3,600.0,400.0
single_double_helix,24,20000.0,3,600.0,400.0
dual_single_helix,24,20000.0,3,600.0,400.0
single_double_helix,24,20000.0,3,600.0,405.0
dual_single_helix,24,20000.0,3,500.0,400.0
single_double_helix,24,20000.0,3,500.0,400.0
dual_single_helix,24,20000.0,3,600.0,400.0
single_double_helix,24,20000.0,3,600.0,400.0
dual_single_helix,24,20000.0,3,500.0,400.0
single_double_helix,24,20000.0,3,500.0,400.0
dual_single_helix,24,20000.0,3,600.0,400.0
single_double_helix,24,20000.0,3,600.0,400.0
dual_single_helix,24,20000.0,3,500.0,400.0
single_double_helix,24,20000.0,3,500.0,400.0
dual_single_helix,24,20000.0,4,500.0,400.0
single_double_helix,24,20000.0,4,500.0,495.0
dual_single_helix,24,20000.0,4,600.0,400.0
single_double_helix,24,20000.0,4,600.0,400.0
dual_single_helix,24,20000.0,4,500.0,400.0
single_double_helix,24,20000.0,4,500.0,400.0
dual_single_helix,24,20000.0,4,600.0,400.0
single_double_helix,24,20000.0,4,600.0,400.0
dual_single_helix,24,20000.0,4,500.0,400.0
single_double_helix,24,20000.0,4,500.0,400.0
dual_single_helix,24,20000.0,4,600.0,400.0
single_double_helix,24,20000.0,4,600.0,405.0
dual_single_helix,24,20000.0,4,600.0,400.0
single_double_helix,24,20000.0,4,600.0,400.0
dual_single_helix,24,20000.0,4,500.0,400.0
single_double_helix,24,20000.0,4,500.0,400.0
dual_single_helix,24,20000.0,4,600.0,400.0
single_double_helix,24,20000.0,4,600.0,400.0
dual_single_helix,24,20000.0,4,500.0,400.0
single_double_helix,24,20000.0,4,500.0,400.0
dual_single_helix,24,20000.0,4,600.0,400.0
single_double_helix,24,20000.0,4,600.0,400.0
dual_single_helix,24,20000.0,4,500.0,400.0
single_double_helix,24,20000.0,4,500.0,400.0
dual_single_helix,24,20000.0,4,500.0,400.0
single_double_helix,24,20000.0,4,500.0,400.0
dual_single_helix,24,20000.0,4,600.0,400.0
single_double_helix,24,20000.0,4,600.0,400.0
dual_single_helix,24,20000.0,4,500.0,400.0
single_double_helix,24,20000.0,4,500.0,400.0
dual_single_helix,24,20000.0,4,600.0,400.0
single_double_helix,24,20000.0,4,600.0,400.0
dual_single_helix,24,20000.0,4,500.0,400.0
single_double_helix,24,20000.0,4,500.0,400.0
dual_single_helix,24,20000.0,4,600.0,400.0
single_double_helix,24,20000.0,4,600.0,400.0
dual_single_helix,24,20000.0,4,600.0,400.0
single_double_helix,24,20000.0,4,600.0,400.0
dual_single_helix,24,20000.0,4,500.0,400.0
single_double_helix,24,20000.0,4,500.0,400.0
dual_single_helix,24,20000.0,4,600.0,400.0
single_double_helix,24,20000.0,4,600.0,400.0
dual_single_helix,24,20000.0,4,500.0,400.0
single_double_helix,24,20000.0,4,500.0,400.0
dual_single_helix,24,20000.0,4,600.0,400.0
single_double_helix,24,20000.0,4,600.0,400.0
dual_single_helix,24,20000.0,4,500.0,400.0
single_double_helix,24,20000.0,4,500.0,400.0
dual_single_helix,24,20000.0,4,500.0,400.0
single_double_helix,24,20000.0,4,500.0,400.0
dual_single_helix,24,20000.0,4,600.0,400.0
single_double_helix,24,20000.0,4,600.0,400.0
dual_single_helix,24,20000.0,4,500.0,400.0
single_double_helix,24,20000.0,4,500.0,400.0
dual_single_helix,24,20000.0,4,600.0,400.0
single_double_helix,24,20000.0,4,600.0,400.0
dual_single_helix,24,20000.0,4,500.0,400.0
single_double_helix,24,20000.0,4,500.0,400.0
dual_single_helix,24,20000.0,4,600.0,400.0
single_double_helix,24,20000.0,4,600.0,400.0
dual_single_helix,24,20000.0,4,600.0,405.0
single_double_helix,24,20000.0,4,600.0,405.0
dual_single_helix,24,20000.0,4,500.0,400.0
single_double_helix,24,20000.0,4,500.0,400.0
dual_single_helix,24,20000.0,4,600.0,400.0
single_double_helix,24,20000.0,4,600.0,400.0
dual_single_helix,24,20000.0,4,500.0,400.0
single_double_helix,24,20000.0,4,500.0,400.0
dual_single_helix,24,20000.0,4,600.0,400.0
single_double_helix,24,20000.0,4,600.0,400.0
dual_single_helix,24,20000.0,4,500.0,400.0
single_double_helix,24,20000.0,4,500.0,400.0
dual_single_helix,32,200.0,0,500.0,400.0
single_double_helix,32,200.0,0,500.0,400.0
dual_single_helix,32,200.0,0,600.0,400.0
single_double_helix,32,200.0,0,600.0,400.0
dual_single_helix,32,200.0,0,500.0,400.0
single_double_helix,32,200.0,0,500.0,400.0
dual_single_helix,32,200.0,0,600.0,400.0
single_double_helix,32,200.0,0,600.0,400.0
dual_single_helix,32,200.0,0,500.0,400.0
single_double_helix,32,200.0,0,500.0,400.0
dual_single_helix,32,200.0,0,600.0,400.0
single_double_helix,32,200.0,0,600.0,400.0
dual_single_helix,32,200.0,0,500.0,400.0
single_double_helix,32,200.0,0,500.0,400.0
dual_single_helix,32,200.0,0,600.0,400.0
single_double_helix,32,200.0,0,600.0,400.0
dual_single_helix,32,200.0,0,500.0,400.0
single_double_helix,32,200.0,0,500.0,400.0
dual_single_helix,32,200.0,0,600.0,400.0
single_double_helix,32,200.0,0,600.0,400.0
dual_single_helix,32,200.0,0,500.0,400.0
single_double_helix,32,200.0,0,500.0,400.0
dual_single_helix,32,200.0,0,600.0,400.0
single_double_helix,32,200.0,0,600.0,400.0
dual_single_helix,32,200.0,0,500.0,400.0
single_double_helix,32,200.0,0,500.0,400.0
dual_single_helix,32,200.0,0,600.0,400.0
single_double_helix,32,200.0,0,600.0,400.0
dual_single_helix,32,200.0,0,500.0,400.0
single_double_helix,32,200.0,0,500.0,400.0
dual_single_helix,32,200.0,0,600.0,400.0
single_double_helix,32,200.0,0,600.0,400.0
dual_single_helix,32,200.0,0,500.0,400.0
single_double_helix,32,200.0,0,500.0,400.0
dual_single_helix,32,200.0,0,600.0,400.0
single_double_helix,32,200.0,0,600.0,400.0
dual_single_helix,32,200.0,0,500.0,400.0
single_double_helix,32,200.0,0,500.0,400.0
dual_single_helix,32,200.0,0,600.0,400.0
single_double_helix,32,200.0,0,600.0,400.0
dual_single_helix,32,200.0,0,500.0,400.0
single_double_helix,32,200.0,0,500.0,400.0
dual_single_helix,32,200.0,0,600.0,400.0
single_double_helix,32,200.0,0,600.0,400.0
dual_single_helix,32,200.0,0,500.0,400.0
single_double_helix,32,200.0,0,500.0,400.0
dual_single_helix,32,200.0,0,600.0,400.0
single_double_helix,32,200.0,0,600.0,400.0
dual_single_helix,32,200.0,0,500.0,400.0
single_double_helix,32,200.0,0,500.0,400.0
dual_single_helix,32,200.0,1,500.0,400.0
single_double_helix,32,200.0,1,500.0,400.0
dual_single_helix,32,200.0,1,600.0,400.0
single_double_helix,32,200.0,1,600.0,400.0
dual_single_helix,32,200.0,1,500.0,400.0
single_double_helix,32,200.0,1,500.0,400.0
dual_single_helix,32,200.0,1,600.0,400.0
single_double_helix,32,200.0,1,600.0,400.0
dual_single_helix,32,200.0,1,500.0,400.0
single_double_helix,32,200.0,1,500.0,400.0
dual_single_helix,32,200.0,1,600.0,400.0
single_double_helix,32,200.0,1,600.0,400.0
dual_single_helix,32,200.0,1,500.0,400.0
single_double_helix,32,200.0,1,500.0,400.0
dual_single_helix,32,200.0,1,600.0,400.0
single_double_helix,32,200.0,1,600.0,400.0
dual_single_helix,32,200.0,1,500.0,400.0
single_double_helix,32,200.0,1,500.0,400.0
dual_single_helix,32,200.0,1,600.0,400.0
single_double_helix,32,200.0,1,600.0,400.0
dual_single_helix,32,200.0,1,500.0,400.0
single_double_helix,32,200.0,1,500.0,400.0
dual_single_helix,32,200.0,1,600.0,400.0
single_double_helix,32,200.0,1,600.0,400.0
dual_single_helix,32,200.0,1,500.0,400.0
single_double_helix,32,200.0,1,500.0,400.0
dual_single_helix,32,200.0,1,600.0,400.0
single_double_helix,32,200.0,1,600.0,400.0
dual_single_helix,32,200.0,1,500.0,400.0
single_double_helix,32,200.0,1,500.0,400.0
dual_single_helix,32,200.0,1,600.0,400.0
single_double_helix,32,200.0,1,600.0,400.0
dual_single_helix,32,200.0,1,500.0,400.0
single_double_helix,32,200.0,1,500.0,400.0
dual_single_helix,32,200.0,1,600.0,400.0
single_double_helix,32,200.0,1,600.0,400.0
dual_single_helix,32,200.0,1,500.0,400.0
single_double_helix,32,200.0,1,500.0,400.0
dual_single_helix,32,200.0,1,600.0,400.0
single_double_helix,32,200.0,1,600.0,400.0
dual_single_helix,32,200.0,1,500.0,400.0
single_double_helix,32,200.0,1,500.0,400.0
dual_single_helix,32,200.0,1,600.0,400.0
single_double_helix,32,200.0,1,600.0,400.0
dual_single_helix,32,200.0,1,500.0,400.0
single_double_helix,32,200.0,1,500.0,400.0
dual_single_helix,32,200.0,1,600.0,400.0
single_double_helix,32,200.0,1,600.0,400.0
dual_single_helix,32,200.0,1,500.0,400.0
single_double_helix,32,200.0,1,500.0,400.0
dual_single_helix,32,200.0,2,500.0,400.0
single_double_helix,32,200.0,2,500.0,400.0
dual_single_helix,32,200.0,2,600.0,400.0
single_double_helix,32,200.0,2,600.0,400.0
dual_single_helix,32,200.0,2,500.0,400.0
single_double_helix,32,200.0,2,500.0,400.0
dual_single_helix,32,200.0,2,600.0,400.0
single_double_helix,32,200.0,2,600.0,400.0
dual_single_helix,32,200.0,2,500.0,400.0
single_double_helix,32,200.0,2,500.0,400.0
dual_single_helix,32,200.0,2,600.0,400.0
single_double_helix,32,200.0,2,600.0,400.0
dual_single_helix,32,200.0,2,500.0,400.0
single_double_helix,32,200.0,2,500.0,400.0
dual_single_helix,32,200.0,2,600.0,400.0
single_double_helix,32,200.0,2,600.0,400.0
dual_single_helix,32,200.0,2,500.0,400.0
single_double_helix,32,200.0,2,500.0,400.0
dual_single_helix,32,200.0,2,600.0,400.0
single_double_helix,32,200.0,2,600.0,400.0
dual_single_helix,32,200.0,2,500.0,400.0
single_double_helix,32,200.0,2,500.0,400.0
dual_single_helix,32,200.0,2,600.0,400.0
single_double_helix,32,200.0,2,600.0,400.0
dual_single_helix,32,200.0,2,500.0,400.0
single_double_helix,32,200.0,2,500.0,400.0
dual_single_helix,32,200.0,2,600.0,400.0
single_double_helix,32,200.0,2,600.0,400.0
dual_single_helix,32,200.0,2,500.0,400.0
single_double_helix,32,200.0,2,500.0,400.0
dual_single_helix,32,200.0,2,600.0,400.0
single_double_helix,32,200.0,2,600.0,400.0
dual_single_helix,32,200.0,2,500.0,400.0
single_double_helix,32,200.0,2,500.0,400.0
dual_single_helix,32,200.0,2,600.0,400.0
single_double_helix,32,200.0,2,600.0,400.0
dual_single_helix,32,200.0,2,500.0,400.0
single_double_helix,32,200.0,2,500.0,400.0
dual_single_helix,32,200.0,2,600.0,400.0
single_double_helix,32,200.0,2,600.0,400.0
dual_single_helix,32,200.0,2,500.0,400.0
single_double_helix,32,200.0,2,500.0,400.0
dual_single_helix,32,200.0,2,600.0,400.0
single_double_helix,32,200.0,2,600.0,400.0
dual_single_helix,32,200.0,2,500.0,400.0
single_double_helix,32,200.0,2,500.0,400.0
dual_single_helix,32,200.0,2,600.0,400.0
single_double_helix,32,200.0,2,600.0,400.0
dual_single_helix,32,200.0,2,500.0,400.0
single_double_helix,32,200.0,2,500.0,400.0
dual_single_helix,32,200.0,3,500.0,400.0
single_double_helix,32,200.0,3,500.0,400.0
dual_single_helix,32,200.0,3,600.0,400.0
single_double_helix,32,200.0,3,600.0,400.0
dual_single_helix,32,200.0,3,500.0,400.0
single_double_helix,32,200.0,3,500.0,400.0
dual_single_helix,32,200.0,3,600.0,400.0
single_double_helix,32,200.0,3,600.0,400.0
dual_single_helix,32,200.0,3,500.0,400.0
single_double_helix,32,200.0,3,500.0,400.0
dual_single_helix,32,200.0,3,600.0,400.0
single_double_helix,32,200.0,3,600.0,400.0
dual_single_helix,32,200.0,3,500.0,400.0
single_double_helix,32,200.0,3,500.0,400.0
dual_single_helix,32,200.0,3,600.0,400.0
single_double_helix,32,200.0,3,600.0,400.0
dual_single_helix,32,200.0,3,500.0,400.0
single_double_helix,32,200.0,3,500.0,400.0
dual_single_helix,32,200.0,3,600.0,400.0
single_double_helix,32,200.0,3,600.0,400.0
dual_single_helix,32,200.0,3,500.0,400.0
single_double_helix,32,200.0,3,500.0,400.0
dual_single_helix,32,200.0,3,600.0,400.0
single_double_helix,32,200.0,3,600.0,400.0
dual_single_helix,32,200.0,3,500.0,400.0
single_double_helix,32,200.0,3,500.0,400.0
dual_single_helix,32,200.0,3,600.0,400.0
single_double_helix,32,200.0,3,600.0,400.0
dual_single_helix,32,200.0,3,500.0,400.0
single_double_helix,32,200.0,3,500.0,400.0
dual_single_helix,32,200.0,3,600.0,400.0
single_double_helix,32,200.0,3,600.0,400.0
dual_single_helix,32,200.0,3,500.0,400.0
single_double_helix,32,200.0,3,500.0,400.0
dual_single_helix,32,200.0,3,600.0,400.0
single_double_helix,32,200.0,3,600.0,400.0
dual_single_helix,32,200.0,3,500.0,400.0
single_double_helix,32,200.0,3,500.0,400.0
dual_single_helix,32,200.0,3,600.0,400.0
single_double_helix,32,200.0,3,600.0,400.0
dual_single_helix,32,200.0,3,500.0,400.0
single_double_helix,32,200.0,3,500.0,400.0
dual_single_helix,32,200.0,3,600.0,400.0
single_double_helix,32,200.0,3,600.0,400.0
dual_single_helix,32,200.0,3,500.0,400.0
single_double_helix,32,200.0,3,500.0,400.0
dual_single_helix,32,200.0,3,600.0,400.0
single_double_helix,32,200.0,3,600.0,400.0
dual_single_helix,32,200.0,3,500.0,400.0
single_double_helix,32,200.0,3,500.0,400.0
dual_single_helix,32,200.0,4,500.0,400.0
single_double_helix,32,200.0,4,500.0,400.0
dual_single_helix,32,200.0,4,600.0,400.0
single_double_helix,32,200.0,4,600.0,400.0
dual_single_helix,32,200.0,4,500.0,400.0
single_double_helix,32,200.0,4,500.0,400.0
dual_single_helix,32,200.0,4,600.0,400.0
single_double_helix,32,200.0,4,600.0,400.0
dual_single_helix,32,200.0,4,500.0,400.0
single_double_helix,32,200.0,4,500.0,400.0
dual_single_helix,32,200.0,4,600.0,400.0
single_double_helix,32,200.0,4,600.0,400.0
dual_single_helix,32,200.0,4,500.0,400.0
single_double_helix,32,200.0,4,500.0,400.0
dual_single_helix,32,200.0,4,600.0,400.0
single_double_helix,32,200.0,4,600.0,400.0
dual_single_helix,32,200.0,4,500.0,400.0
single_double_helix,32,200.0,4,500.0,400.0
dual_single_helix,32,200.0,4,600.0,400.0
single_double_helix,32,200.0,4,600.0,400.0
dual_single_helix,32,200.0,4,500.0,400.0
single_double_helix,32,200.0,4,500.0,400.0
dual_single_helix,32,200.0,4,600.0,400.0
single_double_helix,32,200.0,4,600.0,400.0
dual_single_helix,32,200.0,4,500.0,400.0
single_double_helix,32,200.0,4,500.0,400.0
dual_single_helix,32,200.0,4,600.0,400.0
single_double_helix,32,200.0,4,600.0,400.0
dual_single_helix,32,200.0,4,500.0,400.0
single_double_helix,32,200.0,4,500.0,400.0
dual_single_helix,32,200.0,4,600.0,400.0
single_double_helix,32,200.0,4,600.0,400.0
dual_single_helix,32,200.0,4,500.0,400.0
single_double_helix,32,200.0,4,500.0,400.0
dual_single_helix,32,200.0,4,600.0,400.0
single_double_helix,32,200.0,4,600.0,400.0
dual_single_helix,32,200.0,4,500.0,400.0
single_double_helix,32,200.0,4,500.0,400.0
dual_single_helix,32,200.0,4,600.0,400.0
single_double_helix,32,200.0,4,600.0,400.0
dual_single_helix,32,200.0,4,500.0,400.0
single_double_helix,32,200.0,4,500.0,400.0
dual_single_helix,32,200.0,4,600.0,400.0
single_double_helix,32,200.0,4,600.0,400.0
dual_single_helix,32,200.0,4,500.0,400.0
single_double_helix,32,200.0,4,500.0,400.0
dual_single_helix,32,200.0,4,600.0,400.0
single_double_helix,32,200.0,4,600.0,400.0
dual_single_helix,32,200.0,4,500.0,400.0
single_double_helix,32,200.0,4,500.0,400.0
dual_single_helix,32,500.0,0,500.0,400.0
single_double_helix,32,500.0,0,500.0,400.0
dual_single_helix,32,500.0,0,600.0,400.0
single_double_helix,32,500.0,0,600.0,400.0
dual_single_helix,32,500.0,0,500.0,400.0
single_double_helix,32,500.0,0,500.0,400.0
dual_single_helix,32,500.0,0,600.0,400.0
single_double_helix,32,500.0,0,600.0,400.0
dual_single_helix,32,500.0,0,500.0,400.0
single_double_helix,32,500.0,0,500.0,400.0
dual_single_helix,32,500.0,0,600.0,400.0
single_double_helix,32,500.0,0,600.0,400.0
dual_single_helix,32,500.0,0,500.0,400.0
single_double_helix,32,500.0,0,500.0,400.0
dual_single_helix,32,500.0,0,600.0,400.0
single_double_helix,32,500.0,0,600.0,400.0
dual_single_helix,32,500.0,0,500.0,400.0
single_double_helix,32,500.0,0,500.0,400.0
dual_single_helix,32,500.0,0,600.0,400.0
single_double_helix,32,500.0,0,600.0,400.0
dual_single_helix,32,500.0,0,500.0,400.0
single_double_helix,32,500.0,0,500.0,400.0
dual_single_helix,32,500.0,0,600.0,400.0
single_double_helix,32,500.0,0,600.0,400.0
dual_single_helix,32,500.0,0,500.0,400.0
single_double_helix,32,500.0,0,500.0,400.0
dual_single_helix,32,500.0,0,600.0,400.0
single_double_helix,32,500.0,0,600.0,400.0
dual_single_helix,32,500.0,0,500.0,400.0
single_double_helix,32,500.0,0,500.0,400.0
dual_single_helix,32,500.0,0,600.0,400.0
single_double_helix,32,500.0,0,600.0,400.0
dual_single_helix,32,500.0,0,500.0,400.0
single_double_helix,32,500.0,0,500.0,400.0
dual_single_helix,32,500.0,0,600.0,400.0
single_double_helix,32,500.0,0,600.0,400.0
dual_single_helix,32,500.0,0,500.0,400.0
single_double_helix,32,500.0,0,500.0,400.0
dual_single_helix,32,500.0,0,600.0,400.0
single_double_helix,32,500.0,0,600.0,400.0
dual_single_helix,32,500.0,0,500.0,400.0
single_double_helix,32,500.0,0,500.0,400.0
dual_single_helix,32,500.0,0,600.0,400.0
single_double_helix,32,500.0,0,600.0,400.0
dual_single_helix,32,500.0,0,500.0,400.0
single_double_helix,32,500.0,0,500.0,400.0
dual_single_helix,32,500.0,0,600.0,400.0
single_double_helix,32,500.0,0,600.0,400.0
dual_single_helix,32,500.0,0,500.0,400.0
single_double_helix,32,500.0,0,500.0,400.0
dual_single_helix,32,500.0,1,500.0,400.0
single_double_helix,32,500.0,1,500.0,400.0
dual_single_helix,32,500.0,1,600.0,400.0
single_double_helix,32,500.0,1,600.0,400.0
dual_single_helix,32,500.0,1,500.0,400.0
single_double_helix,32,500.0,1,500.0,400.0
dual_single_helix,32,500.0,1,600.0,400.0
single_double_helix,32,500.0,1,600.0,400.0
dual_single_helix,32,500.0,1,500.0,400.0
single_double_helix,32,500.0,1,500.0,400.0
dual_single_helix,32,500.0,1,600.0,400.0
single_double_helix,32,500.0,1,600.0,400.0
dual_single_helix,32,500.0,1,500.0,400.0
single_double_helix,32,500.0,1,500.0,400.0
dual_single_helix,32,500.0,1,600.0,400.0
single_double_helix,32,500.0,1,600.0,400.0
dual_single_helix,32,500.0,1,500.0,400.0
single_double_helix,32,500.0,1,500.0,400.0
dual_single_helix,32,500.0,1,600.0,400.0
single_double_helix,32,500.0,1,600.0,400.0
dual_single_helix,32,500.0,1,500.0,400.0
single_double_helix,32,500.0,1,500.0,400.0
dual_single_helix,32,500.0,1,600.0,400.0
single_double_helix,32,500.0,1,600.0,400.0
dual_single_helix,32,500.0,1,500.0,400.0
single_double_helix,32,500.0,1,500.0,400.0
dual_single_helix,32,500.0,1,600.0,400.0
single_double_helix,32,500.0,1,600.0,400.0
dual_single_helix,32,500.0,1,500.0,400.0
single_double_helix,32,500.0,1,500.0,400.0
dual_single_helix,32,500.0,1,600.0,400.0
single_double_helix,32,500.0,1,600.0,400.0
dual_single_helix,32,500.0,1,500.0,400.0
single_double_helix,32,500.0,1,500.0,400.0
dual_single_helix,32,500.0,1,600.0,400.0
single_double_helix,32,500.0,1,600.0,400.0
dual_single_helix,32,500.0,1,500.0,400.0
single_double_helix,32,500.0,1,500.0,400.0
dual_single_helix,32,500.0,1,600.0,400.0
single_double_helix,32,500.0,1,600.0,400.0
dual_single_helix,32,500.0,1,500.0,400.0
single_double_helix,32,500.0,1,500.0,400.0
dual_single_helix,32,500.0,1,600.0,400.0
single_double_helix,32,500.0,1,600.0,400.0
dual_single_helix,32,500.0,1,500.0,400.0
single_double_helix,32,500.0,1,500.0,400.0
dual_single_helix,32,500.0,1,600.0,400.0
single_double_helix,32,500.0,1,600.0,400.0
dual_single_helix,32,500.0,1,500.0,400.0
single_double_helix,32,500.0,1,500.0,400.0
dual_single_helix,32,500.0,2,500.0,400.0
single_double_helix,32,500.0,2,500.0,400.0
dual_single_helix,32,500.0,2,600.0,400.0
single_double_helix,32,500.0,2,600.0,400.0
dual_single_helix,32,500.0,2,500.0,400.0
single_double_helix,32,500.0,2,500.0,400.0
dual_single_helix,32,500.0,2,600.0,400.0
single_double_helix,32,500.0,2,600.0,400.0
dual_single_helix,32,500.0,2,500.0,400.0
single_double_helix,32,500.0,2,500.0,400.0
dual_single_helix,32,500.0,2,600.0,400.0
single_double_helix,32,500.0,2,600.0,400.0
dual_single_helix,32,500.0,2,500.0,400.0
single_double_helix,32,500.0,2,500.0,400.0
dual_single_helix,32,500.0,2,600.0,400.0
single_double_helix,32,500.0,2,600.0,400.0
dual_single_helix,32,500.0,2,500.0,400.0
single_double_helix,32,500.0,2,500.0,400.0
dual_single_helix,32,500.0,2,600.0,400.0
single_double_helix,32,500.0,2,600.0,400.0
dual_single_helix,32,500.0,2,500.0,400.0
single_double_helix,32,500.0,2,500.0,400.0
dual_single_helix,32,500.0,2,600.0,400.0
single_double_helix,32,500.0,2,600.0,400.0
dual_single_helix,32,500.0,2,500.0,400.0
single_double_helix,32,500.0,2,500.0,400.0
dual_single_helix,32,500.0,2,600.0,400.0
single_double_helix,32,500.0,2,600.0,400.0
dual_single_helix,32,500.0,2,500.0,400.0
single_double_helix,32,500.0,2,500.0,400.0
dual_single_helix,32,500.0,2,600.0,400.0
single_double_helix,32,500.0,2,600.0,400.0
dual_single_helix,32,500.0,2,500.0,400.0
single_double_helix,32,500.0,2,500.0,400.0
dual_single_helix,32,500.0,2,600.0,400.0
single_double_helix,32,500.0,2,600.0,400.0
dual_single_helix,32,500.0,2,500.0,400.0
single_double_helix,32,500.0,2,500.0,400.0
dual_single_helix,32,500.0,2,600.0,400.0
single_double_helix,32,500.0,2,600.0,400.0
dual_single_helix,32,500.0,2,500.0,400.0
single_double_helix,32,500.0,2,500.0,400.0
dual_single_helix,32,500.0,2,600.0,400.0
single_double_helix,32,500.0,2,600.0,400.0
dual_single_helix,32,500.0,2,500.0,400.0
single_double_helix,32,500.0,2,500.0,400.0
dual_single_helix,32,500.0,2,600.0,400.0
single_double_helix,32,500.0,2,600.0,400.0
dual_single_helix,32,500.0,2,500.0,400.0
single_double_helix,32,500.0,2,500.0,400.0
dual_single_helix,32,500.0,3,500.0,400.0
single_double_helix,32,500.0,3,500.0,400.0
dual_single_helix,32,500.0,3,600.0,400.0
single_double_helix,32,500.0,3,600.0,400.0
dual_single_helix,32,500.0,3,500.0,400.0
single_double_helix,32,500.0,3,500.0,400.0
dual_single_helix,32,500.0,3,600.0,400.0
single_double_helix,32,500.0,3,600.0,400.0
dual_single_helix,32,500.0,3,500.0,400.0
single_double_helix,32,500.0,3,500.0,400.0
dual_single_helix,32,500.0,3,600.0,400.0
single_double_helix,32,500.0,3,600.0,400.0
dual_single_helix,32,500.0,3,500.0,400.0
single_double_helix,32,500.0,3,500.0,400.0
dual_single_helix,32,500.0,3,600.0,400.0
single_double_helix,32,500.0,3,600.0,400.0
dual_single_helix,32,500.0,3,500.0,400.0
single_double_helix,32,500.0,3,500.0,400.0
dual_single_helix,32,500.0,3,600.0,400.0
single_double_helix,32,500.0,3,600.0,400.0
dual_single_helix,32,500.0,3,500.0,400.0
single_double_helix,32,500.0,3,500.0,400.0
dual_single_helix,32,500.0,3,600.0,400.0
single_double_helix,32,500.0,3,600.0,400.0
dual_single_helix,32,500.0,3,500.0,400.0
single_double_helix,32,500.0,3,500.0,400.0
dual_single_helix,32,500.0,3,600.0,400.0
single_double_helix,32,500.0,3,600.0,400.0
dual_single_helix,32,500.0,3,500.0,400.0
single_double_helix,32,500.0,3,500.0,400.0
dual_single_helix,32,500.0,3,600.0,400.0
single_double_helix,32,500.0,3,600.0,400.0
dual_single_helix,32,500.0,3,500.0,400.0
single_double_helix,32,500.0,3,500.0,400.0
dual_single_helix,32,500.0,3,600.0,400.0
single_double_helix,32,500.0,3,600.0,400.0
dual_single_helix,32,500.0,3,500.0,400.0
single_double_helix,32,500.0,3,500.0,400.0
dual_single_helix,32,500.0,3,600.0,400.0
single_double_helix,32,500.0,3,600.0,400.0
dual_single_helix,32,500.0,3,500.0,400.0
single_double_helix,32,500.0,3,500.0,400.0
dual_single_helix,32,500.0,3,600.0,400.0
single_double_helix,32,500.0,3,600.0,400.0
dual_single_helix,32,500.0,3,500.0,400.0
single_double_helix,32,500.0,3,500.0,400.0
dual_single_helix,32,500.0,3,600.0,400.0
single_double_helix,32,500.0,3,600.0,400.0
dual_single_helix,32,500.0,3,500.0,400.0
single_double_helix,32,500.0,3,500.0,400.0
dual_single_helix,32,500.0,4,500.0,400.0
single_double_helix,32,500.0,4,500.0,400.0
dual_single_helix,32,500.0,4,600.0,400.0
single_double_helix,32,500.0,4,600.0,400.0
dual_single_helix,32,500.0,4,500.0,400.0
single_double_helix,32,500.0,4,500.0,400.0
dual_single_helix,32,500.0,4,600.0,400.0
single_double_helix,32,500.0,4,600.0,400.0
dual_single_helix,32,500.0,4,500.0,400.0
single_double_helix,32,500.0,4,500.0,400.0
dual_single_helix,32,500.0,4,600.0,400.0
single_double_helix,32,500.0,4,600.0,400.0
dual_single_helix,32,500.0,4,500.0,400.0
single_double_helix,32,500.0,4,500.0,400.0
dual_single_helix,32,500.0,4,600.0,400.0
single_double_helix,32,500.0,4,600.0,400.0
dual_single_helix,32,500.0,4,500.0,400.0
single_double_helix,32,500.0,4,500.0,400.0
dual_single_helix,32,500.0,4,600.0,400.0
single_double_helix,32,500.0,4,600.0,400.0
dual_single_helix,32,500.0,4,500.0,400.0
single_double_helix,32,500.0,4,500.0,400.0
dual_single_helix,32,500.0,4,600.0,400.0
single_double_helix,32,500.0,4,600.0,400.0
dual_single_helix,32,500.0,4,500.0,400.0
single_double_helix,32,500.0,4,500.0,400.0
dual_single_helix,32,500.0,4,600.0,400.0
single_double_helix,32,500.0,4,600.0,400.0
dual_single_helix,32,500.0,4,500.0,400.0
single_double_helix,32,500.0,4,500.0,400.0
dual_single_helix,32,500.0,4,600.0,400.0
single_double_helix,32,500.0,4,600.0,400.0
dual_single_helix,32,500.0,4,500.0,400.0
single_double_helix,32,500.0,4,500.0,400.0
dual_single_helix,32,500.0,4,600.0,400.0
single_double_helix,32,500.0,4,600.0,400.0
dual_single_helix,32,500.0,4,500.0,400.0
single_double_helix,32,500.0,4,500.0,400.0
dual_single_helix,32,500.0,4,600.0,400.0
single_double_helix,32,500.0,4,600.0,400.0
dual_single_helix,32,500.0,4,500.0,400.0
single_double_helix,32,500.0,4,500.0,400.0
dual_single_helix,32,500.0,4,600.0,400.0
single_double_helix,32,500.0,4,600.0,400.0
dual_single_helix,32,500.0,4,500.0,400.0
single_double_helix,32,500.0,4,500.0,400.0
dual_single_helix,32,500.0,4,600.0,400.0
single_double_helix,32,500.0,4,600.0,400.0
dual_single_helix,32,500.0,4,500.0,400.0
single_double_helix,32,500.0,4,500.0,400.0
dual_single_helix,32,1000.0,0,500.0,400.0
single_double_helix,32,1000.0,0,500.0,400.0
dual_single_helix,32,1000.0,0,600.0,400.0
single_double_helix,32,1000.0,0,600.0,400.0
dual_single_helix,32,1000.0,0,500.0,400.0
single_double_helix,32,1000.0,0,500.0,400.0
dual_single_helix,32,1000.0,0,600.0,400.0
single_double_helix,32,1000.0,0,600.0,400.0
dual_single_helix,32,1000.0,0,500.0,400.0
single_double_helix,32,1000.0,0,500.0,400.0
dual_single_helix,32,1000.0,0,600.0,400.0
single_double_helix,32,1000.0,0,600.0,400.0
dual_single_helix,32,1000.0,0,500.0,400.0
single_double_helix,32,1000.0,0,500.0,400.0
dual_single_helix,32,1000.0,0,600.0,400.0
single_double_helix,32,1000.0,0,600.0,400.0
dual_single_helix,32,1000.0,0,500.0,400.0
single_double_helix,32,1000.0,0,500.0,400.0
dual_single_helix,32,1000.0,0,600.0,400.0
single_double_helix,32,1000.0,0,600.0,400.0
dual_single_helix,32,1000.0,0,500.0,400.0
single_double_helix,32,1000.0,0,500.0,400.0
dual_single_helix,32,1000.0,0,600.0,400.0
single_double_helix,32,1000.0,0,600.0,400.0
dual_single_helix,32,1000.0,0,500.0,400.0
single_double_helix,32,1000.0,0,500.0,400.0
dual_single_helix,32,1000.0,0,600.0,400.0
single_double_helix,32,1000.0,0,600.0,400.0
dual_single_helix,32,1000.0,0,500.0,400.0
single_double_helix,32,1000.0,0,500.0,400.0
dual_single_helix,32,1000.0,0,600.0,400.0
single_double_helix,32,1000.0,0,600.0,400.0
dual_single_helix,32,1000.0,0,500.0,400.0
single_double_helix,32,1000.0,0,500.0,400.0
dual_single_helix,32,1000.0,0,600.0,400.0
single_double_helix,32,1000.0,0,600.0,400.0
dual_single_helix,32,1000.0,0,500.0,400.0
single_double_helix,32,1000.0,0,500.0,400.0
dual_single_helix,32,1000.0,0,600.0,400.0
single_double_helix,32,1000.0,0,600.0,400.0
dual_single_helix,32,1000.0,0,500.0,400.0
single_double_helix,32,1000.0,0,500.0,400.0
dual_single_helix,32,1000.0,0,600.0,400.0
single_double_helix,32,1000.0,0,600.0,400.0
dual_single_helix,32,1000.0,0,500.0,400.0
single_double_helix,32,1000.0,0,500.0,400.0
dual_single_helix,32,1000.0,0,600.0,400.0
single_double_helix,32,1000.0,0,600.0,400.0
dual_single_helix,32,1000.0,0,500.0,400.0
single_double_helix,32,1000.0,0,500.0,400.0
dual_single_helix,32,1000.0,1,500.0,400.0
single_double_helix,32,1000.0,1,500.0,400.0
dual_single_helix,32,1000.0,1,600.0,400.0
single_double_helix,32,1000.0,1,600.0,400.0
dual_single_helix,32,1000.0,1,500.0,400.0
single_double_helix,32,1000.0,1,500.0,400.0
dual_single_helix,32,1000.0,1,600.0,400.0
single_double_helix,32,1000.0,1,600.0,400.0
dual_single_helix,32,1000.0,1,500.0,400.0
single_double_helix,32,1000.0,1,500.0,400.0
dual_single_helix,32,1000.0,1,600.0,400.0
single_double_helix,32,1000.0,1,600.0,400.0
dual_single_helix,32,1000.0,1,500.0,400.0
single_double_helix,32,1000.0,1,500.0,400.0
dual_single_helix,32,1000.0,1,600.0,400.0
single_double_helix,32,1000.0,1,600.0,400.0
dual_single_helix,32,1000.0,1,500.0,400.0
single_double_helix,32,1000.0,1,500.0,400.0
dual_single_helix,32,1000.0,1,600.0,400.0
single_double_helix,32,1000.0,1,600.0,400.0
dual_single_helix,32,1000.0,1,500.0,400.0
single_double_helix,32,1000.0,1,500.0,400.0
dual_single_helix,32,1000.0,1,600.0,400.0
single_double_helix,32,1000.0,1,600.0,400.0
dual_single_helix,32,1000.0,1,500.0,400.0
single_double_helix,32,1000.0,1,500.0,400.0
dual_single_helix,32,1000.0,1,600.0,400.0
single_double_helix,32,1000.0,1,600.0,400.0
dual_single_helix,32,1000.0,1,500.0,400.0
single_double_helix,32,1000.0,1,500.0,400.0
dual_single_helix,32,1000.0,1,600.0,400.0
single_double_helix,32,1000.0,1,600.0,400.0
dual_single_helix,32,1000.0,1,500.0,400.0
single_double_helix,32,1000.0,1,500.0,400.0
dual_single_helix,32,1000.0,1,600.0,400.0
single_double_helix,32,1000.0,1,600.0,400.0
dual_single_helix,32,1000.0,1,500.0,400.0
single_double_helix,32,1000.0,1,500.0,400.0
dual_single_helix,32,1000.0,1,600.0,400.0
single_double_helix,32,1000.0,1,600.0,400.0
dual_single_helix,32,1000.0,1,500.0,400.0
single_double_helix,32,1000.0,1,500.0,400.0
dual_single_helix,32,1000.0,1,600.0,400.0
single_double_helix,32,1000.0,1,600.0,400.0
dual_single_helix,32,1000.0,1,500.0,400.0
single_double_helix,32,1000.0,1,500.0,400.0
dual_single_helix,32,1000.0,1,600.0,400.0
single_double_helix,32,1000.0,1,600.0,400.0
dual_single_helix,32,1000.0,1,500.0,400.0
single_double_helix,32,1000.0,1,500.0,400.0
dual_single_helix,32,1000.0,2,500.0,400.0
single_double_helix,32,1000.0,2,500.0,400.0
dual_single_helix,32,1000.0,2,600.0,400.0
single_double_helix,32,1000.0,2,600.0,400.0
dual_single_helix,32,1000.0,2,500.0,400.0
single_double_helix,32,1000.0,2,500.0,400.0
dual_single_helix,32,1000.0,2,600.0,400.0
single_double_helix,32,1000.0,2,600.0,400.0
dual_single_helix,32,1000.0,2,500.0,400.0
single_double_helix,32,1000.0,2,500.0,400.0
dual_single_helix,32,1000.0,2,600.0,400.0
single_double_helix,32,1000.0,2,600.0,400.0
dual_single_helix,32,1000.0,2,500.0,400.0
single_double_helix,32,1000.0,2,500.0,400.0
dual_single_helix,32,1000.0,2,600.0,400.0
single_double_helix,32,1000.0,2,600.0,400.0
dual_single_helix,32,1000.0,2,500.0,400.0
single_double_helix,32,1000.0,2,500.0,400.0
dual_single_helix,32,1000.0,2,600.0,400.0
single_double_helix,32,1000.0,2,600.0,400.0
dual_single_helix,32,1000.0,2,500.0,400.0
single_double_helix,32,1000.0,2,500.0,400.0
dual_single_helix,32,1000.0,2,600.0,400.0
single_double_helix,32,1000.0,2,600.0,400.0
dual_single_helix,32,1000.0,2,500.0,400.0
single_double_helix,32,1000.0,2,500.0,400.0
dual_single_helix,32,1000.0,2,600.0,400.0
single_double_helix,32,1000.0,2,600.0,400.0
dual_single_helix,32,1000.0,2,500.0,400.0
single_double_helix,32,1000.0,2,500.0,400.0
dual_single_helix,32,1000.0,2,600.0,400.0
single_double_helix,32,1000.0,2,600.0,400.0
dual_single_helix,32,1000.0,2,500.0,400.0
single_double_helix,32,1000.0,2,500.0,400.0
dual_single_helix,32,1000.0,2,600.0,400.0
single_double_helix,32,1000.0,2,600.0,400.0
dual_single_helix,32,1000.0,2,500.0,400.0
single_double_helix,32,1000.0,2,500.0,400.0
dual_single_helix,32,1000.0,2,600.0,400.0
single_double_helix,32,1000.0,2,600.0,400.0
dual_single_helix,32,1000.0,2,500.0,400.0
single_double_helix,32,1000.0,2,500.0,400.0
dual_single_helix,32,1000.0,2,600.0,400.0
single_double_helix,32,1000.0,2,600.0,400.0
dual_single_helix,32,1000.0,2,500.0,400.0
single_double_helix,32,1000.0,2,500.0,400.0
dual_single_helix,32,1000.0,2,600.0,400.0
single_double_helix,32,1000.0,2,600.0,400.0
dual_single_helix,32,1000.0,2,500.0,400.0
single_double_helix,32,1000.0,2,500.0,400.0
dual_single_helix,32,1000.0,3,500.0,400.0
single_double_helix,32,1000.0,3,500.0,400.0
dual_single_helix,32,1000.0,3,600.0,400.0
single_double_helix,32,1000.0,3,600.0,400.0
dual_single_helix,32,1000.0,3,500.0,400.0
single_double_helix,32,1000.0,3,500.0,400.0
dual_single_helix,32,1000.0,3,600.0,400.0
single_double_helix,32,1000.0,3,600.0,400.0
dual_single_helix,32,1000.0,3,500.0,400.0
single_double_helix,32,1000.0,3,500.0,400.0
dual_single_helix,32,1000.0,3,600.0,400.0
single_double_helix,32,1000.0,3,600.0,400.0
dual_single_helix,32,1000.0,3,500.0,400.0
single_double_helix,32,1000.0,3,500.0,400.0
dual_single_helix,32,1000.0,3,600.0,400.0
single_double_helix,32,1000.0,3,600.0,400.0
dual_single_helix,32,1000.0,3,500.0,400.0
single_double_helix,32,1000.0,3,500.0,400.0
dual_single_helix,32,1000.0,3,600.0,400.0
single_double_helix,32,1000.0,3,600.0,400.0
dual_single_helix,32,1000.0,3,500.0,400.0
single_double_helix,32,1000.0,3,500.0,400.0
dual_single_helix,32,1000.0,3,600.0,400.0
single_double_helix,32,1000.0,3,600.0,400.0
dual_single_helix,32,1000.0,3,500.0,400.0
single_double_helix,32,1000.0,3,500.0,400.0
dual_single_helix,32,1000.0,3,600.0,400.0
single_double_helix,32,1000.0,3,600.0,400.0
dual_single_helix,32,1000.0,3,500.0,400.0
single_double_helix,32,1000.0,3,500.0,400.0
dual_single_helix,32,1000.0,3,600.0,400.0
single_double_helix,32,1000.0,3,600.0,400.0
dual_single_helix,32,1000.0,3,500.0,400.0
single_double_helix,32,1000.0,3,500.0,400.0
dual_single_helix,32,1000.0,3,600.0,400.0
single_double_helix,32,1000.0,3,600.0,400.0
dual_single_helix,32,1000.0,3,500.0,400.0
single_double_helix,32,1000.0,3,500.0,400.0
dual_single_helix,32,1000.0,3,600.0,400.0
single_double_helix,32,1000.0,3,600.0,400.0
dual_single_helix,32,1000.0,3,500.0,400.0
single_double_helix,32,1000.0,3,500.0,400.0
dual_single_helix,32,1000.0,3,600.0,400.0
single_double_helix,32,1000.0,3,600.0,400.0
dual_single_helix,32,1000.0,3,500.0,400.0
single_double_helix,32,1000.0,3,500.0,400.0
dual_single_helix,32,1000.0,3,600.0,400.0
single_double_helix,32,1000.0,3,600.0,400.0
dual_single_helix,32,1000.0,3,500.0,400.0
single_double_helix,32,1000.0,3,500.0,400.0
dual_single_helix,32,1000.0,4,500.0,400.0
single_double_helix,32,1000.0,4,500.0,400.0
dual_single_helix,32,1000.0,4,600.0,400.0
single_double_helix,32,1000.0,4,600.0,400.0
dual_single_helix,32,1000.0,4,500.0,400.0
single_double_helix,32,1000.0,4,500.0,400.0
dual_single_helix,32,1000.0,4,600.0,400.0
single_double_helix,32,1000.0,4,600.0,400.0
dual_single_helix,32,1000.0,4,500.0,400.0
single_double_helix,32,1000.0,4,500.0,400.0
dual_single_helix,32,1000.0,4,600.0,400.0
single_double_helix,32,1000.0,4,600.0,400.0
dual_single_helix,32,1000.0,4,500.0,400.0
single_double_helix,32,1000.0,4,500.0,400.0
dual_single_helix,32,1000.0,4,600.0,400.0
single_double_helix,32,1000.0,4,600.0,400.0
dual_single_helix,32,1000.0,4,500.0,400.0
single_double_helix,32,1000.0,4,500.0,400.0
dual_single_helix,32,1000.0,4,600.0,400.0
single_double_helix,32,1000.0,4,600.0,400.0
dual_single_helix,32,1000.0,4,500.0,400.0
single_double_helix,32,1000.0,4,500.0,400.0
dual_single_helix,32,1000.0,4,600.0,400.0
single_double_helix,32,1000.0,4,600.0,400.0
dual_single_helix,32,1000.0,4,500.0,400.0
single_double_helix,32,1000.0,4,500.0,400.0
dual_single_helix,32,1000.0,4,600.0,400.0
single_double_helix,32,1000.0,4,600.0,400.0
dual_single_helix,32,1000.0,4,500.0,400.0
single_double_helix,32,1000.0,4,500.0,400.0
dual_single_helix,32,1000.0,4,600.0,400.0
single_double_helix,32,1000.0,4,600.0,400.0
dual_single_helix,32,1000.0,4,500.0,400.0
single_double_helix,32,1000.0,4,500.0,400.0
dual_single_helix,32,1000.0,4,600.0,400.0
single_double_helix,32,1000.0,4,600.0,400.0
dual_single_helix,32,1000.0,4,500.0,400.0
single_double_helix,32,1000.0,4,500.0,400.0
dual_single_helix,32,1000.0,4,600.0,400.0
single_double_helix,32,1000.0,4,600.0,400.0
dual_single_helix,32,1000.0,4,500.0,400.0
single_double_helix,32,1000.0,4,500.0,400.0
dual_single_helix,32,1000.0,4,600.0,400.0
single_double_helix,32,1000.0,4,600.0,400.0
dual_single_helix,32,1000.0,4,500.0,400.0
single_double_helix,32,1000.0,4,500.0,400.0
dual_single_helix,32,1000.0,4,600.0,400.0
single_double_helix,32,1000.0,4,600.0,400.0
dual_single_helix,32,1000.0,4,500.0,400.0
single_double_helix,32,1000.0,4,500.0,400.0
dual_single_helix,32,5000.0,0,500.0,400.0
single_double_helix,32,5000.0,0,500.0,400.0
dual_single_helix,32,5000.0,0,600.0,400.0
single_double_helix,32,5000.0,0,600.0,405.0
dual_single_helix,32,5000.0,0,500.0,400.0
single_double_helix,32,5000.0,0,500.0,400.0
dual_single_helix,32,5000.0,0,600.0,400.0
single_double_helix,32,5000.0,0,600.0,405.0
dual_single_helix,32,5000.0,0,500.0,400.0
single_double_helix,32,5000.0,0,500.0,500.0
dual_single_helix,32,5000.0,0,600.0,400.0
single_double_helix,32,5000.0,0,600.0,400.0
dual_single_helix,32,5000.0,0,500.0,400.0
single_double_helix,32,5000.0,0,500.0,400.0
dual_single_helix,32,5000.0,0,600.0,400.0
single_double_helix,32,5000.0,0,600.0,400.0
dual_single_helix,32,5000.0,0,500.0,400.0
single_double_helix,32,5000.0,0,500.0,400.0
dual_single_helix,32,5000.0,0,600.0,400.0
single_double_helix,32,5000.0,0,600.0,400.0
dual_single_helix,32,5000.0,0,500.0,400.0
single_double_helix,32,5000.0,0,500.0,400.0
dual_single_helix,32,5000.0,0,600.0,400.0
single_double_helix,32,5000.0,0,600.0,400.0
dual_single_helix,32,5000.0,0,500.0,400.0
single_double_helix,32,5000.0,0,500.0,400.0
dual_single_helix,32,5000.0,0,600.0,400.0
single_double_helix,32,5000.0,0,600.0,400.0
dual_single_helix,32,5000.0,0,500.0,400.0
single_double_helix,32,5000.0,0,500.0,400.0
dual_single_helix,32,5000.0,0,600.0,400.0
single_double_helix,32,5000.0,0,600.0,400.0
dual_single_helix,32,5000.0,0,500.0,400.0
single_double_helix,32,5000.0,0,500.0,400.0
dual_single_helix,32,5000.0,0,600.0,400.0
single_double_helix,32,5000.0,0,600.0,400.0
dual_single_helix,32,5000.0,0,500.0,400.0
single_double_helix,32,5000.0,0,500.0,400.0
dual_single_helix,32,5000.0,0,600.0,400.0
single_double_helix,32,5000.0,0,600.0,400.0
dual_single_helix,32,5000.0,0,500.0,400.0
single_double_helix,32,5000.0,0,500.0,500.0
dual_single_helix,32,5000.0,0,600.0,400.0
single_double_helix,32,5000.0,0,600.0,405.0
dual_single_helix,32,5000.0,0,500.0,400.0
single_double_helix,32,5000.0,0,500.0,400.0
dual_single_helix,32,5000.0,0,600.0,400.0
single_double_helix,32,5000.0,0,600.0,405.0
dual_single_helix,32,5000.0,0,500.0,400.0
single_double_helix,32,5000.0,0,500.0,400.0
dual_single_helix,32,5000.0,1,500.0,400.0
single_double_helix,32,5000.0,1,500.0,400.0
dual_single_helix,32,5000.0,1,600.0,400.0
single_double_helix,32,5000.0,1,600.0,405.0
dual_single_helix,32,5000.0,1,500.0,400.0
single_double_helix,32,5000.0,1,500.0,400.0
dual_single_helix,32,5000.0,1,600.0,400.0
single_double_helix,32,5000.0,1,600.0,405.0
dual_single_helix,32,5000.0,1,500.0,400.0
single_double_helix,32,5000.0,1,500.0,500.0
dual_single_helix,32,5000.0,1,600.0,400.0
single_double_helix,32,5000.0,1,600.0,400.0
dual_single_helix,32,5000.0,1,500.0,400.0
single_double_helix,32,5000.0,1,500.0,400.0
dual_single_helix,32,5000.0,1,600.0,400.0
single_double_helix,32,5000.0,1,600.0,400.0
dual_single_helix,32,5000.0,1,500.0,400.0
single_double_helix,32,5000.0,1,500.0,400.0
dual_single_helix,32,5000.0,1,600.0,400.0
single_double_helix,32,5000.0,1,600.0,400.0
dual_single_helix,32,5000.0,1,500.0,400.0
single_double_helix,32,5000.0,1,500.0,400.0
dual_single_helix,32,5000.0,1,600.0,400.0
single_double_helix,32,5000.0,1,600.0,400.0
dual_single_helix,32,5000.0,1,500.0,400.0
single_double_helix,32,5000.0,1,500.0,400.0
dual_single_helix,32,5000.0,1,600.0,400.0
single_double_helix,32,5000.0,1,600.0,400.0
dual_single_helix,32,5000.0,1,500.0,400.0
single_double_helix,32,5000.0,1,500.0,400.0
dual_single_helix,32,5000.0,1,600.0,400.0
single_double_helix,32,5000.0,1,600.0,400.0
dual_single_helix,32,5000.0,1,500.0,400.0
single_double_helix,32,5000.0,1,500.0,400.0
dual_single_helix,32,5000.0,1,600.0,400.0
single_double_helix,32,5000.0,1,600.0,400.0
dual_single_helix,32,5000.0,1,500.0,400.0
single_double_helix,32,5000.0,1,500.0,400.0
dual_single_helix,32,5000.0,1,600.0,400.0
single_double_helix,32,5000.0,1,600.0,400.0
dual_single_helix,32,5000.0,1,500.0,400.0
single_double_helix,32,5000.0,1,500.0,500.0
dual_single_helix,32,5000.0,1,600.0,400.0
single_double_helix,32,5000.0,1,600.0,405.0
dual_single_helix,32,5000.0,1,500.0,400.0
single_double_helix,32,5000.0,1,500.0,400.0
dual_single_helix,32,5000.0,1,600.0,400.0
single_double_helix,32,5000.0,1,600.0,405.0
dual_single_helix,32,5000.0,1,500.0,400.0
single_double_helix,32,5000.0,1,500.0,400.0
dual_single_helix,32,5000.0,2,500.0,400.0
single_double_helix,32,5000.0,2,500.0,400.0
dual_single_helix,32,5000.0,2,600.0,400.0
single_double_helix,32,5000.0,2,600.0,405.0
dual_single_helix,32,5000.0,2,500.0,400.0
single_double_helix,32,5000.0,2,500.0,400.0
dual_single_helix,32,5000.0,2,600.0,400.0
single_double_helix,32,5000.0,2,600.0,405.0
dual_single_helix,32,5000.0,2,500.0,400.0
single_double_helix,32,5000.0,2,500.0,500.0
dual_single_helix,32,5000.0,2,600.0,400.0
single_double_helix,32,5000.0,2,600.0,400.0
dual_single_helix,32,5000.0,2,500.0,400.0
single_double_helix,32,5000.0,2,500.0,400.0
dual_single_helix,32,5000.0,2,600.0,400.0
single_double_helix,32,5000.0,2,600.0,400.0
dual_single_helix,32,5000.0,2,500.0,400.0
single_double_helix,32,5000.0,2,500.0,400.0
dual_single_helix,32,5000.0,2,600.0,400.0
single_double_helix,32,5000.0,2,600.0,400.0
dual_single_helix,32,5000.0,2,500.0,400.0
single_double_helix,32,5000.0,2,500.0,400.0
dual_single_helix,32,5000.0,2,600.0,400.0
single_double_helix,32,5000.0,2,600.0,400.0
dual_single_helix,32,5000.0,2,500.0,400.0
single_double_helix,32,5000.0,2,500.0,400.0
dual_single_helix,32,5000.0,2,600.0,400.0
single_double_helix,32,5000.0,2,600.0,400.0
dual_single_helix,32,5000.0,2,500.0,400.0
single_double_helix,32,5000.0,2,500.0,400.0
dual_single_helix,32,5000.0,2,600.0,400.0
single_double_helix,32,5000.0,2,600.0,400.0
dual_single_helix,32,5000.0,2,500.0,400.0
single_double_helix,32,5000.0,2,500.0,400.0
dual_single_helix,32,5000.0,2,600.0,400.0
single_double_helix,32,5000.0,2,600.0,400.0
dual_single_helix,32,5000.0,2,500.0,400.0
single_double_helix,32,5000.0,2,500.0,400.0
dual_single_helix,32,5000.0,2,600.0,400.0
single_double_helix,32,5000.0,2,600.0,400.0
dual_single_helix,32,5000.0,2,500.0,400.0
single_double_helix,32,5000.0,2,500.0,500.0
dual_single_helix,32,5000.0,2,600.0,400.0
single_double_helix,32,5000.0,2,600.0,405.0
dual_single_helix,32,5000.0,2,500.0,400.0
single_double_helix,32,5000.0,2,500.0,400.0
dual_single_helix,32,5000.0,2,600.0,400.0
single_double_helix,32,5000.0,2,600.0,405.0
dual_single_helix,32,5000.0,2,500.0,400.0
single_double_helix,32,5000.0,2,500.0,400.0
dual_single_helix,32,5000.0,3,500.0,400.0
single_double_helix,32,5000.0,3,500.0,400.0
dual_single_helix,32,5000.0,3,600.0,400.0
single_double_helix,32,5000.0,3,600.0,405.0
dual_single_helix,32,5000.0,3,500.0,400.0
single_double_helix,32,5000.0,3,500.0,400.0
dual_single_helix,32,5000.0,3,600.0,400.0
single_double_helix,32,5000.0,3,600.0,405.0
dual_single_helix,32,5000.0,3,500.0,400.0
single_double_helix,32,5000.0,3,500.0,500.0
dual_single_helix,32,5000.0,3,600.0,400.0
single_double_helix,32,5000.0,3,600.0,400.0
dual_single_helix,32,5000.0,3,500.0,400.0
single_double_helix,32,5000.0,3,500.0,400.0
dual_single_helix,32,5000.0,3,600.0,400.0
single_double_helix,32,5000.0,3,600.0,400.0
dual_single_helix,32,5000.0,3,500.0,400.0
single_double_helix,32,5000.0,3,500.0,400.0
dual_single_helix,32,5000.0,3,600.0,400.0
single_double_helix,32,5000.0,3,600.0,400.0
dual_single_helix,32,5000.0,3,500.0,400.0
single_double_helix,32,5000.0,3,500.0,400.0
dual_single_helix,32,5000.0,3,600.0,400.0
single_double_helix,32,5000.0,3,600.0,400.0
dual_single_helix,32,5000.0,3,500.0,400.0
single_double_helix,32,5000.0,3,500.0,400.0
dual_single_helix,32,5000.0,3,600.0,400.0
single_double_helix,32,5000.0,3,600.0,400.0
dual_single_helix,32,5000.0,3,500.0,400.0
single_double_helix,32,5000.0,3,500.0,400.0
dual_single_helix,32,5000.0,3,600.0,400.0
single_double_helix,32,5000.0,3,600.0,400.0
dual_single_helix,32,5000.0,3,500.0,400.0
single_double_helix,32,5000.0,3,500.0,400.0
dual_single_helix,32,5000.0,3,600.0,400.0
single_double_helix,32,5000.0,3,600.0,400.0
dual_single_helix,32,5000.0,3,500.0,400.0
single_double_helix,32,5000.0,3,500.0,400.0
dual_single_helix,32,5000.0,3,600.0,400.0
single_double_helix,32,5000.0,3,600.0,400.0
dual_single_helix,32,5000.0,3,500.0,400.0
single_double_helix,32,5000.0,3,500.0,500.0
dual_single_helix,32,5000.0,3,600.0,400.0
single_double_helix,32,5000.0,3,600.0,405.0
dual_single_helix,32,5000.0,3,500.0,400.0
single_double_helix,32,5000.0,3,500.0,400.0
dual_single_helix,32,5000.0,3,600.0,400.0
single_double_helix,32,5000.0,3,600.0,405.0
dual_single_helix,32,5000.0,3,500.0,400.0
single_double_helix,32,5000.0,3,500.0,400.0
dual_single_helix,32,5000.0,4,500.0,400.0
single_double_helix,32,5000.0,4,500.0,400.0
dual_single_helix,32,5000.0,4,600.0,400.0
single_double_helix,32,5000.0,4,600.0,405.0
dual_single_helix,32,5000.0,4,500.0,400.0
single_double_helix,32,5000.0,4,500.0,400.0
dual_single_helix,32,5000.0,4,600.0,400.0
single_double_helix,32,5000.0,4,600.0,405.0
dual_single_helix,32,5000.0,4,500.0,400.0
single_double_helix,32,5000.0,4,500.0,500.0
dual_single_helix,32,5000.0,4,600.0,400.0
single_double_helix,32,5000.0,4,600.0,400.0
dual_single_helix,32,5000.0,4,500.0,400.0
single_double_helix,32,5000.0,4,500.0,400.0
dual_single_helix,32,5000.0,4,600.0,400.0
single_double_helix,32,5000.0,4,600.0,400.0
dual_single_helix,32,5000.0,4,500.0,400.0
single_double_helix,32,5000.0,4,500.0,400.0
dual_single_helix,32,5000.0,4,600.0,400.0
single_double_helix,32,5000.0,4,600.0,400.0
dual_single_helix,32,5000.0,4,500.0,400.0
single_double_helix,32,5000.0,4,500.0,400.0
dual_single_helix,32,5000.0,4,600.0,400.0
single_double_helix,32,5000.0,4,600.0,400.0
dual_single_helix,32,5000.0,4,500.0,400.0
single_double_helix,32,5000.0,4,500.0,400.0
dual_single_helix,32,5000.0,4,600.0,400.0
single_double_helix,32,5000.0,4,600.0,400.0
dual_single_helix,32,5000.0,4,500.0,400.0
single_double_helix,32,5000.0,4,500.0,400.0
dual_single_helix,32,5000.0,4,600.0,400.0
single_double_helix,32,5000.0,4,600.0,400.0
dual_single_helix,32,5000.0,4,500.0,400.0
single_double_helix,32,5000.0,4,500.0,400.0
dual_single_helix,32,5000.0,4,600.0,400.0
single_double_helix,32,5000.0,4,600.0,400.0
dual_single_helix,32,5000.0,4,500.0,400.0
single_double_helix,32,5000.0,4,500.0,400.0
dual_single_helix,32,5000.0,4,600.0,400.0
single_double_helix,32,5000.0,4,600.0,400.0
dual_single_helix,32,5000.0,4,500.0,400.0
single_double_helix,32,5000.0,4,500.0,500.0
dual_single_helix,32,5000.0,4,600.0,400.0
single_double_helix,32,5000.0,4,600.0,405.0
dual_single_helix,32,5000.0,4,500.0,400.0
single_double_helix,32,5000.0,4,500.0,400.0
dual_single_helix,32,5000.0,4,600.0,400.0
single_double_helix,32,5000.0,4,600.0,405.0
dual_single_helix,32,5000.0,4,500.0,400.0
single_double_helix,32,5000.0,4,500.0,400.0
dual_single_helix,32,20000.0,0,500.0,400.0
single_double_helix,32,20000.0,0,500.0,500.0
dual_single_helix,32,20000.0,0,600.0,400.0
single_double_helix,32,20000.0,0,600.0,405.0
dual_single_helix,32,20000.0,0,500.0,400.0
single_double_helix,32,20000.0,0,500.0,400.0
dual_single_helix,32,20000.0,0,600.0,400.0
single_double_helix,32,20000.0,0,600.0,405.0
dual_single_helix,32,20000.0,0,500.0,400.0
single_double_helix,32,20000.0,0,500.0,500.0
dual_single_helix,32,20000.0,0,600.0,400.0
single_double_helix,32,20000.0,0,600.0,405.0
dual_single_helix,32,20000.0,0,500.0,400.0
single_double_helix,32,20000.0,0,500.0,400.0
dual_single_helix,32,20000.0,0,600.0,400.0
single_double_helix,32,20000.0,0,600.0,400.0
dual_single_helix,32,20000.0,0,500.0,400.0
single_double_helix,32,20000.0,0,500.0,400.0
dual_single_helix,32,20000.0,0,600.0,400.0
single_double_helix,32,20000.0,0,600.0,400.0
dual_single_helix,32,20000.0,0,500.0,400.0
single_double_helix,32,20000.0,0,500.0,400.0
dual_single_helix,32,20000.0,0,600.0,400.0
single_double_helix,32,20000.0,0,600.0,400.0
dual_single_helix,32,20000.0,0,500.0,400.0
single_double_helix,32,20000.0,0,500.0,400.0
dual_single_helix,32,20000.0,0,600.0,400.0
single_double_helix,32,20000.0,0,600.0,400.0
dual_single_helix,32,20000.0,0,500.0,400.0
single_double_helix,32,20000.0,0,500.0,400.0
dual_single_helix,32,20000.0,0,600.0,400.0
single_double_helix,32,20000.0,0,600.0,400.0
dual_single_helix,32,20000.0,0,500.0,400.0
single_double_helix,32,20000.0,0,500.0,400.0
dual_single_helix,32,20000.0,0,600.0,400.0
single_double_helix,32,20000.0,0,600.0,400.0
dual_single_helix,32,20000.0,0,500.0,400.0
single_double_helix,32,20000.0,0,500.0,400.0
dual_single_helix,32,20000.0,0,600.0,400.0
single_double_helix,32,20000.0,0,600.0,400.0
dual_single_helix,32,20000.0,0,500.0,400.0
single_double_helix,32,20000.0,0,500.0,500.0
dual_single_helix,32,20000.0,0,600.0,400.0
single_double_helix,32,20000.0,0,600.0,405.0
dual_single_helix,32,20000.0,0,500.0,400.0
single_double_helix,32,20000.0,0,500.0,400.0
dual_single_helix,32,20000.0,0,600.0,400.0
single_double_helix,32,20000.0,0,600.0,405.0
dual_single_helix,32,20000.0,0,500.0,400.0
single_double_helix,32,20000.0,0,500.0,500.0
dual_single_helix,32,20000.0,1,500.0,400.0
single_double_helix,32,20000.0,1,500.0,500.0
dual_single_helix,32,20000.0,1,600.0,400.0
single_double_helix,32,20000.0,1,600.0,405.0
dual_single_helix,32,20000.0,1,500.0,400.0
single_double_helix,32,20000.0,1,500.0,400.0
dual_single_helix,32,20000.0,1,600.0,400.0
single_double_helix,32,20000.0,1,600.0,405.0
dual_single_helix,32,20000.0,1,500.0,400.0
single_double_helix,32,20000.0,1,500.0,500.0
dual_single_helix,32,20000.0,1,600.0,400.0
single_double_helix,32,20000.0,1,600.0,400.0
dual_single_helix,32,20000.0,1,500.0,400.0
single_double_helix,32,20000.0,1,500.0,400.0
dual_single_helix,32,20000.0,1,600.0,400.0
single_double_helix,32,20000.0,1,600.0,400.0
dual_single_helix,32,20000.0,1,500.0,400.0
single_double_helix,32,20000.0,1,500.0,400.0
dual_single_helix,32,20000.0,1,600.0,400.0
single_double_helix,32,20000.0,1,600.0,400.0
dual_single_helix,32,20000.0,1,500.0,400.0
single_double_helix,32,20000.0,1,500.0,400.0
dual_single_helix,32,20000.0,1,600.0,400.0
single_double_helix,32,20000.0,1,600.0,400.0
dual_single_helix,32,20000.0,1,500.0,400.0
single_double_helix,32,20000.0,1,500.0,400.0
dual_single_helix,32,20000.0,1,600.0,400.0
single_double_helix,32,20000.0,1,600.0,400.0
dual_single_helix,32,20000.0,1,500.0,400.0
single_double_helix,32,20000.0,1,500.0,400.0
dual_single_helix,32,20000.0,1,600.0,400.0
single_double_helix,32,20000.0,1,600.0,400.0
dual_single_helix,32,20000.0,1,500.0,400.0
single_double_helix,32,20000.0,1,500.0,400.0
dual_single_helix,32,20000.0,1,600.0,400.0
single_double_helix,32,20000.0,1,600.0,400.0
dual_single_helix,32,20000.0,1,500.0,400.0
single_double_helix,32,20000.0,1,500.0,400.0
dual_single_helix,32,20000.0,1,600.0,400.0
single_double_helix,32,20000.0,1,600.0,400.0
dual_single_helix,32,20000.0,1,500.0,400.0
single_double_helix,32,20000.0,1,500.0,500.0
dual_single_helix,32,20000.0,1,600.0,400.0
single_double_helix,32,20000.0,1,600.0,405.0
dual_single_helix,32,20000.0,1,500.0,400.0
single_double_helix,32,20000.0,1,500.0,400.0
dual_single_helix,32,20000.0,1,600.0,400.0
single_double_helix,32,20000.0,1,600.0,405.0
dual_single_helix,32,20000.0,1,500.0,400.0
single_double_helix,32,20000.0,1,500.0,500.0
dual_single_helix,32,20000.0,2,500.0,400.0
single_double_helix,32,20000.0,2,500.0,500.0
dual_single_helix,32,20000.0,2,600.0,400.0
single_double_helix,32,20000.0,2,600.0,405.0
dual_single_helix,32,20000.0,2,500.0,400.0
single_double_helix,32,20000.0,2,500.0,400.0
dual_single_helix,32,20000.0,2,600.0,400.0
single_double_helix,32,20000.0,2,600.0,405.0
dual_single_helix,32,20000.0,2,500.0,400.0
single_double_helix,32,20000.0,2,500.0,500.0
dual_single_helix,32,20000.0,2,600.0,400.0
single_double_helix,32,20000.0,2,600.0,405.0
dual_single_helix,32,20000.0,2,500.0,400.0
single_double_helix,32,20000.0,2,500.0,400.0
dual_single_helix,32,20000.0,2,600.0,400.0
single_double_helix,32,20000.0,2,600.0,400.0
dual_single_helix,32,20000.0,2,500.0,400.0
single_double_helix,32,20000.0,2,500.0,400.0
dual_single_helix,32,20000.0,2,600.0,400.0
single_double_helix,32,20000.0,2,600.0,400.0
dual_single_helix,32,20000.0,2,500.0,400.0
single_double_helix,32,20000.0,2,500.0,400.0
dual_single_helix,32,20000.0,2,600.0,400.0
single_double_helix,32,20000.0,2,600.0,400.0
dual_single_helix,32,20000.0,2,500.0,400.0
single_double_helix,32,20000.0,2,500.0,400.0
dual_single_helix,32,20000.0,2,600.0,400.0
single_double_helix,32,20000.0,2,600.0,400.0
dual_single_helix,32,20000.0,2,500.0,400.0
single_double_helix,32,20000.0,2,500.0,400.0
dual_single_helix,32,20000.0,2,600.0,400.0
single_double_helix,32,20000.0,2,600.0,405.0
dual_single_helix,32,20000.0,2,500.0,400.0
single_double_helix,32,20000.0,2,500.0,400.0
dual_single_helix,32,20000.0,2,600.0,400.0
single_double_helix,32,20000.0,2,600.0,400.0
dual_single_helix,32,20000.0,2,500.0,400.0
single_double_helix,32,20000.0,2,500.0,400.0
dual_single_helix,32,20000.0,2,600.0,400.0
single_double_helix,32,20000.0,2,600.0,400.0
dual_single_helix,32,20000.0,2,500.0,400.0
single_double_helix,32,20000.0,2,500.0,500.0
dual_single_helix,32,20000.0,2,600.0,400.0
single_double_helix,32,20000.0,2,600.0,405.0
dual_single_helix,32,20000.0,2,500.0,400.0
single_double_helix,32,20000.0,2,500.0,400.0
dual_single_helix,32,20000.0,2,600.0,400.0
single_double_helix,32,20000.0,2,600.0,405.0
dual_single_helix,32,20000.0,2,500.0,400.0
single_double_helix,32,20000.0,2,500.0,500.0
dual_single_helix,32,20000.0,3,500.0,400.0
single_double_helix,32,20000.0,3,500.0,500.0
dual_single_helix,32,20000.0,3,600.0,400.0
single_double_helix,32,20000.0,3,600.0,405.0
dual_single_helix,32,20000.0,3,500.0,400.0
single_double_helix,32,20000.0,3,500.0,400.0
dual_single_helix,32,20000.0,3,600.0,400.0
single_double_helix,32,20000.0,3,600.0,405.0
dual_single_helix,32,20000.0,3,500.0,400.0
single_double_helix,32,20000.0,3,500.0,500.0
dual_single_helix,32,20000.0,3,600.0,400.0
single_double_helix,32,20000.0,3,600.0,400.0
dual_single_helix,32,20000.0,3,500.0,400.0
single_double_helix,32,20000.0,3,500.0,400.0
dual_single_helix,32,20000.0,3,600.0,400.0
single_double_helix,32,20000.0,3,600.0,400.0
dual_single_helix,32,20000.0,3,500.0,400.0
single_double_helix,32,20000.0,3,500.0,400.0
dual_single_helix,32,20000.0,3,600.0,400.0
single_double_helix,32,20000.0,3,600.0,400.0
dual_single_helix,32,20000.0,3,500.0,400.0
single_double_helix,32,20000.0,3,500.0,400.0
dual_single_helix,32,20000.0,3,600.0,400.0
single_double_helix,32,20000.0,3,600.0,400.0
dual_single_helix,32,20000.0,3,500.0,400.0
single_double_helix,32,20000.0,3,500.0,400.0
dual_single_helix,32,20000.0,3,600.0,400.0
single_double_helix,32,20000.0,3,600.0,400.0
dual_single_helix,32,20000.0,3,500.0,400.0
single_double_helix,32,20000.0,3,500.0,400.0
dual_single_helix,32,20000.0,3,600.0,400.0
single_double_helix,32,20000.0,3,600.0,400.0
dual_single_helix,32,20000.0,3,500.0,400.0
single_double_helix,32,20000.0,3,500.0,400.0
dual_single_helix,32,20000.0,3,600.0,400.0
single_double_helix,32,20000.0,3,600.0,400.0
dual_single_helix,32,20000.0,3,500.0,400.0
single_double_helix,32,20000.0,3,500.0,400.0
dual_single_helix,32,20000.0,3,600.0,400.0
single_double_helix,32,20000.0,3,600.0,400.0
dual_single_helix,32,20000.0,3,500.0,400.0
single_double_helix,32,20000.0,3,500.0,500.0
dual_single_helix,32,20000.0,3,600.0,400.0
single_double_helix,32,20000.0,3,600.0,405.0
dual_single_helix,32,20000.0,3,500.0,400.0
single_double_helix,32,20000.0,3,500.0,400.0
dual_single_helix,32,20000.0,3,600.0,400.0
single_double_helix,32,20000.0,3,600.0,405.0
dual_single_helix,32,20000.0,3,500.0,400.0
single_double_helix,32,20000.0,3,500.0,500.0
dual_single_helix,32,20000.0,4,500.0,400.0
single_double_helix,32,20000.0,4,500.0,500.0
dual_single_helix,32,20000.0,4,600.0,400.0
single_double_helix,32,20000.0,4,600.0,405.0
dual_single_helix,32,20000.0,4,500.0,400.0
single_double_helix,32,20000.0,4,500.0,400.0
dual_single_helix,32,20000.0,4,600.0,400.0
single_double_helix,32,20000.0,4,600.0,405.0
dual_single_helix,32,20000.0,4,500.0,400.0
single_double_helix,32,20000.0,4,500.0,500.0
dual_single_helix,32,20000.0,4,600.0,400.0
single_double_helix,32,20000.0,4,600.0,400.0
dual_single_helix,32,20000.0,4,500.0,400.0
single_double_helix,32,20000.0,4,500.0,400.0
dual_single_helix,32,20000.0,4,600.0,400.0
single_double_helix,32,20000.0,4,600.0,400.0
dual_single_helix,32,20000.0,4,500.0,400.0
single_double_helix,32,20000.0,4,500.0,400.0
dual_single_helix,32,20000.0,4,600.0,400.0
single_double_helix,32,20000.0,4,600.0,400.0
dual_single_helix,32,20000.0,4,500.0,400.0
single_double_helix,32,20000.0,4,500.0,400.0
dual_single_helix,32,20000.0,4,600.0,400.0
single_double_helix,32,20000.0,4,600.0,400.0
dual_single_helix,32,20000.0,4,500.0,400.0
single_double_helix,32,20000.0,4,500.0,400.0
dual_single_helix,32,20000.0,4,600.0,400.0
single_double_helix,32,20000.0,4,600.0,400.0
dual_single_helix,32,20000.0,4,500.0,400.0
single_double_helix,32,20000.0,4,500.0,400.0
dual_single_helix,32,20000.0,4,600.0,400.0
single_double_helix,32,20000.0,4,600.0,400.0
dual_single_helix,32,20000.0,4,500.0,400.0
single_double_helix,32,20000.0,4,500.0,400.0
dual_single_helix,32,20000.0,4,600.0,400.0
single_double_helix,32,20000.0,4,600.0,400.0
dual_single_helix,32,20000.0,4,500.0,400.0
single_double_helix,32,20000.0,4,500.0,400.0
dual_single_helix,32,20000.0,4,600.0,400.0
single_double_helix,32,20000.0,4,600.0,400.0
dual_single_helix,32,20000.0,4,500.0,400.0
single_double_helix,32,20000.0,4,500.0,500.0
dual_single_helix,32,20000.0,4,600.0,400.0
single_double_helix,32,20000.0,4,600.0,405.0
dual_single_helix,32,20000.0,4,500.0,400.0
single_double_helix,32,20000.0,4,500.0,400.0
dual_single_helix,32,20000.0,4,600.0,400.0
single_double_helix,32,20000.0,4,600.0,405.0
dual_single_helix,32,20000.0,4,500.0,400.0
single_double_helix,32,20000.0,4,500.0,500.0
dual_single_helix,48,200.0,0,500.0,400.0
single_double_helix,48,200.0,0,500.0,400.0
dual_single_helix,48,200.0,0,600.0,400.0
single_double_helix,48,200.0,0,600.0,400.0
dual_single_helix,48,200.0,0,500.0,400.0
single_double_helix,48,200.0,0,500.0,400.0
dual_single_helix,48,200.0,0,600.0,400.0
single_double_helix,48,200.0,0,600.0,400.0
dual_single_helix,48,200.0,0,500.0,400.0
single_double_helix,48,200.0,0,500.0,400.0
dual_single_helix,48,200.0,0,600.0,400.0
single_double_helix,48,200.0,0,600.0,400.0
dual_single_helix,48,200.0,0,500.0,400.0
single_double_helix,48,200.0,0,500.0,400.0
dual_single_helix,48,200.0,0,600.0,400.0
single_double_helix,48,200.0,0,600.0,400.0
dual_single_helix,48,200.0,0,500.0,400.0
single_double_helix,48,200.0,0,500.0,400.0
dual_single_helix,48,200.0,1,500.0,400.0
single_double_helix,48,200.0,1,500.0,400.0
dual_single_helix,48,200.0,1,600.0,400.0
single_double_helix,48,200.0,1,600.0,400.0
dual_single_helix,48,200.0,1,500.0,400.0
single_double_helix,48,200.0,1,500.0,400.0
dual_single_helix,48,200.0,1,600.0,400.0
single_double_helix,48,200.0,1,600.0,400.0
dual_single_helix,48,200.0,1,500.0,400.0
single_double_helix,48,200.0,1,500.0,400.0
dual_single_helix,48,200.0,1,600.0,400.0
single_double_helix,48,200.0,1,600.0,400.0
dual_single_helix,48,200.0,1,500.0,400.0
single_double_helix,48,200.0,1,500.0,400.0
dual_single_helix,48,200.0,1,600.0,400.0
single_double_helix,48,200.0,1,600.0,400.0
dual_single_helix,48,200.0,1,500.0,400.0
single_double_helix,48,200.0,1,500.0,400.0
dual_single_helix,48,200.0,2,500.0,400.0
single_double_helix,48,200.0,2,500.0,400.0
dual_single_helix,48,200.0,2,600.0,400.0
single_double_helix,48,200.0,2,600.0,400.0
dual_single_helix,48,200.0,2,500.0,400.0
single_double_helix,48,200.0,2,500.0,400.0
dual_single_helix,48,200.0,2,600.0,400.0
single_double_helix,48,200.0,2,600.0,400.0
dual_single_helix,48,200.0,2,500.0,400.0
single_double_helix,48,200.0,2,500.0,400.0
dual_single_helix,48,200.0,2,600.0,400.0
single_double_helix,48,200.0,2,600.0,400.0
dual_single_helix,48,200.0,2,500.0,400.0
single_double_helix,48,200.0,2,500.0,400.0
dual_single_helix,48,200.0,2,600.0,400.0
single_double_helix,48,200.0,2,600.0,400.0
dual_single_helix,48,200.0,2,500.0,400.0
single_double_helix,48,200.0,2,500.0,400.0
dual_single_helix,48,200.0,3,500.0,400.0
single_double_helix,48,200.0,3,500.0,400.0
dual_single_helix,48,200.0,3,600.0,400.0
single_double_helix,48,200.0,3,600.0,400.0
dual_single_helix,48,200.0,3,500.0,400.0
single_double_helix,48,200.0,3,500.0,400.0
dual_single_helix,48,200.0,3,600.0,400.0
single_double_helix,48,200.0,3,600.0,400.0
dual_single_helix,48,200.0,3,500.0,400.0
single_double_helix,48,200.0,3,500.0,400.0
dual_single_helix,48,200.0,3,600.0,400.0
single_double_helix,48,200.0,3,600.0,400.0
dual_single_helix,48,200.0,3,500.0,400.0
single_double_helix,48,200.0,3,500.0,400.0
dual_single_helix,48,200.0,3,600.0,400.0
single_double_helix,48,200.0,3,600.0,400.0
dual_single_helix,48,200.0,3,500.0,400.0
single_double_helix,48,200.0,3,500.0,400.0
dual_single_helix,48,200.0,4,500.0,400.0
single_double_helix,48,200.0,4,500.0,400.0
dual_single_helix,48,200.0,4,600.0,400.0
single_double_helix,48,200.0,4,600.0,400.0
dual_single_helix,48,200.0,4,500.0,400.0
single_double_helix,48,200.0,4,500.0,400.0
dual_single_helix,48,200.0,4,600.0,400.0
single_double_helix,48,200.0,4,600.0,400.0
dual_single_helix,48,200.0,4,500.0,400.0
single_double_helix,48,200.0,4,500.0,400.0
dual_single_helix,48,200.0,4,600.0,400.0
single_double_helix,48,200.0,4,600.0,400.0
dual_single_helix,48,200.0,4,500.0,400.0
single_double_helix,48,200.0,4,500.0,400.0
dual_single_helix,48,200.0,4,600.0,400.0
single_double_helix,48,200.0,4,600.0,400.0
dual_single_helix,48,200.0,4,500.0,400.0
single_double_helix,48,200.0,4,500.0,400.0
dual_single_helix,48,500.0,0,500.0,400.0
single_double_helix,48,500.0,0,500.0,400.0
dual_single_helix,48,500.0,0,600.0,400.0
single_double_helix,48,500.0,0,600.0,400.0
dual_single_helix,48,500.0,0,500.0,400.0
single_double_helix,48,500.0,0,500.0,400.0
dual_single_helix,48,500.0,0,600.0,400.0
single_double_helix,48,500.0,0,600.0,400.0
dual_single_helix,48,500.0,0,500.0,400.0
single_double_helix,48,500.0,0,500.0,400.0
dual_single_helix,48,500.0,0,600.0,400.0
single_double_helix,48,500.0,0,600.0,400.0
dual_single_helix,48,500.0,0,500.0,400.0
single_double_helix,48,500.0,0,500.0,400.0
dual_single_helix,48,500.0,0,600.0,400.0
single_double_helix,48,500.0,0,600.0,400.0
dual_single_helix,48,500.0,0,500.0,400.0
single_double_helix,48,500.0,0,500.0,400.0
dual_single_helix,48,500.0,1,500.0,400.0
single_double_helix,48,500.0,1,500.0,400.0
dual_single_helix,48,500.0,1,600.0,400.0
single_double_helix,48,500.0,1,600.0,400.0
dual_single_helix,48,500.0,1,500.0,400.0
single_double_helix,48,500.0,1,500.0,400.0
dual_single_helix,48,500.0,1,600.0,400.0
single_double_helix,48,500.0,1,600.0,400.0
dual_single_helix,48,500.0,1,500.0,400.0
single_double_helix,48,500.0,1,500.0,400.0
dual_single_helix,48,500.0,1,600.0,400.0
single_double_helix,48,500.0,1,600.0,400.0
dual_single_helix,48,500.0,1,500.0,400.0
single_double_helix,48,500.0,1,500.0,400.0
dual_single_helix,48,500.0,1,600.0,400.0
single_double_helix,48,500.0,1,600.0,400.0
dual_single_helix,48,500.0,1,500.0,400.0
single_double_helix,48,500.0,1,500.0,400.0
dual_single_helix,48,500.0,2,500.0,400.0
single_double_helix,48,500.0,2,500.0,400.0
dual_single_helix,48,500.0,2,600.0,400.0
single_double_helix,48,500.0,2,600.0,400.0
dual_single_helix,48,500.0,2,500.0,400.0
single_double_helix,48,500.0,2,500.0,400.0
dual_single_helix,48,500.0,2,600.0,400.0
single_double_helix,48,500.0,2,600.0,400.0
dual_single_helix,48,500.0,2,500.0,400.0
single_double_helix,48,500.0,2,500.0,400.0
dual_single_helix,48,500.0,2,600.0,400.0
single_double_helix,48,500.0,2,600.0,400.0
dual_single_helix,48,500.0,2,500.0,400.0
single_double_helix,48,500.0,2,500.0,400.0
dual_single_helix,48,500.0,2,600.0,400.0
single_double_helix,48,500.0,2,600.0,400.0
dual_single_helix,48,500.0,2,500.0,400.0
single_double_helix,48,500.0,2,500.0,400.0
dual_single_helix,48,500.0,3,500.0,400.0
single_double_helix,48,500.0,3,500.0,400.0
dual_single_helix,48,500.0,3,600.0,400.0
single_double_helix,48,500.0,3,600.0,400.0
dual_single_helix,48,500.0,3,500.0,400.0
single_double_helix,48,500.0,3,500.0,400.0
dual_single_helix,48,500.0,3,600.0,400.0
single_double_helix,48,500.0,3,600.0,400.0
dual_single_helix,48,500.0,3,500.0,400.0
single_double_helix,48,500.0,3,500.0,400.0
dual_single_helix,48,500.0,3,600.0,400.0
single_double_helix,48,500.0,3,600.0,400.0
dual_single_helix,48,500.0,3,500.0,400.0
single_double_helix,48,500.0,3,500.0,400.0
dual_single_helix,48,500.0,3,600.0,400.0
single_double_helix,48,500.0,3,600.0,400.0
dual_single_helix,48,500.0,3,500.0,400.0
single_double_helix,48,500.0,3,500.0,400.0
dual_single_helix,48,500.0,4,500.0,400.0
single_double_helix,48,500.0,4,500.0,400.0
dual_single_helix,48,500.0,4,600.0,400.0
single_double_helix,48,500.0,4,600.0,400.0
dual_single_helix,48,500.0,4,500.0,400.0
single_double_helix,48,500.0,4,500.0,400.0
dual_single_helix,48,500.0,4,600.0,400.0
single_double_helix,48,500.0,4,600.0,400.0
dual_single_helix,48,500.0,4,500.0,400.0
single_double_helix,48,500.0,4,500.0,400.0
dual_single_helix,48,500.0,4,600.0,400.0
single_double_helix,48,500.0,4,600.0,400.0
dual_single_helix,48,500.0,4,500.0,400.0
single_double_helix,48,500.0,4,500.0,400.0
dual_single_helix,48,500.0,4,600.0,400.0
single_double_helix,48,500.0,4,600.0,400.0
dual_single_helix,48,500.0,4,500.0,400.0
single_double_helix,48,500.0,4,500.0,400.0
dual_single_helix,48,1000.0,0,500.0,400.0
single_double_helix,48,1000.0,0,500.0,400.0
dual_single_helix,48,1000.0,0,600.0,400.0
single_double_helix,48,1000.0,0,600.0,400.0
dual_single_helix,48,1000.0,0,500.0,400.0
single_double_helix,48,1000.0,0,500.0,400.0
dual_single_helix,48,1000.0,0,600.0,400.0
single_double_helix,48,1000.0,0,600.0,400.0
dual_single_helix,48,1000.0,0,500.0,400.0
single_double_helix,48,1000.0,0,500.0,400.0
dual_single_helix,48,1000.0,0,600.0,400.0
single_double_helix,48,1000.0,0,600.0,400.0
dual_single_helix,48,1000.0,0,500.0,400.0
single_double_helix,48,1000.0,0,500.0,400.0
dual_single_helix,48,1000.0,0,600.0,400.0
single_double_helix,48,1000.0,0,600.0,400.0
dual_single_helix,48,1000.0,0,500.0,400.0
single_double_helix,48,1000.0,0,500.0,400.0
dual_single_helix,48,1000.0,1,500.0,400.0
single_double_helix,48,1000.0,1,500.0,400.0
dual_single_helix,48,1000.0,1,600.0,400.0
single_double_helix,48,1000.0,1,600.0,400.0
dual_single_helix,48,1000.0,1,500.0,400.0
single_double_helix,48,1000.0,1,500.0,400.0
dual_single_helix,48,1000.0,1,600.0,400.0
single_double_helix,48,1000.0,1,600.0,400.0
dual_single_helix,48,1000.0,1,500.0,400.0
single_double_helix,48,1000.0,1,500.0,400.0
dual_single_helix,48,1000.0,1,600.0,400.0
single_double_helix,48,1000.0,1,600.0,400.0
dual_single_helix,48,1000.0,1,500.0,400.0
single_double_helix,48,1000.0,1,500.0,400.0
dual_single_helix,48,1000.0,1,600.0,400.0
single_double_helix,48,1000.0,1,600.0,400.0
dual_single_helix,48,1000.0,1,500.0,400.0
single_double_helix,48,1000.0,1,500.0,400.0
dual_single_helix,48,1000.0,2,500.0,400.0
single_double_helix,48,1000.0,2,500.0,400.0
dual_single_helix,48,1000.0,2,600.0,400.0
single_double_helix,48,1000.0,2,600.0,400.0
dual_single_helix,48,1000.0,2,500.0,400.0
single_double_helix,48,1000.0,2,500.0,400.0
dual_single_helix,48,1000.0,2,600.0,400.0
single_double_helix,48,1000.0,2,600.0,400.0
dual_single_helix,48,1000.0,2,500.0,400.0
single_double_helix,48,1000.0,2,500.0,400.0
dual_single_helix,48,1000.0,2,600.0,400.0
single_double_helix,48,1000.0,2,600.0,400.0
dual_single_helix,48,1000.0,2,500.0,400.0
single_double_helix,48,1000.0,2,500.0,400.0
dual_single_helix,48,1000.0,2,600.0,400.0
single_double_helix,48,1000.0,2,600.0,400.0
dual_single_helix,48,1000.0,2,500.0,400.0
single_double_helix,48,1000.0,2,500.0,400.0
dual_single_helix,48,1000.0,3,500.0,400.0
single_double_helix,48,1000.0,3,500.0,400.0
dual_single_helix,48,1000.0,3,600.0,400.0
single_double_helix,48,1000.0,3,600.0,400.0
dual_single_helix,48,1000.0,3,500.0,400.0
single_double_helix,48,1000.0,3,500.0,400.0
dual_single_helix,48,1000.0,3,600.0,400.0
single_double_helix,48,1000.0,3,600.0,400.0
dual_single_helix,48,1000.0,3,500.0,400.0
single_double_helix,48,1000.0,3,500.0,400.0
dual_single_helix,48,1000.0,3,600.0,400.0
single_double_helix,48,1000.0,3,600.0,400.0
dual_single_helix,48,1000.0,3,500.0,400.0
single_double_helix,48,1000.0,3,500.0,400.0
dual_single_helix,48,1000.0,3,600.0,400.0
single_double_helix,48,1000.0,3,600.0,400.0
dual_single_helix,48,1000.0,3,500.0,400.0
single_double_helix,48,1000.0,3,500.0,400.0
dual_single_helix,48,1000.0,4,500.0,400.0
single_double_helix,48,1000.0,4,500.0,400.0
dual_single_helix,48,1000.0,4,600.0,400.0
single_double_helix,48,1000.0,4,600.0,400.0
dual_single_helix,48,1000.0,4,500.0,400.0
single_double_helix,48,1000.0,4,500.0,400.0
dual_single_helix,48,1000.0,4,600.0,400.0
single_double_helix,48,1000.0,4,600.0,400.0
dual_single_helix,48,1000.0,4,500.0,400.0
single_double_helix,48,1000.0,4,500.0,400.0
dual_single_helix,48,1000.0,4,600.0,400.0
single_double_helix,48,1000.0,4,600.0,400.0
dual_single_helix,48,1000.0,4,500.0,400.0
single_double_helix,48,1000.0,4,500.0,400.0
dual_single_helix,48,1000.0,4,600.0,400.0
single_double_helix,48,1000.0,4,600.0,400.0
dual_single_helix,48,1000.0,4,500.0,400.0
single_double_helix,48,1000.0,4,500.0,400.0
dual_single_helix,48,5000.0,0,500.0,400.0
single_double_helix,48,5000.0,0,500.0,500.0
dual_single_helix,48,5000.0,0,600.0,405.0
single_double_helix,48,5000.0,0,600.0,600.0
dual_single_helix,48,5000.0,0,500.0,400.0
single_double_helix,48,5000.0,0,500.0,500.0
dual_single_helix,48,5000.0,0,600.0,405.0
single_double_helix,48,5000.0,0,600.0,605.0
dual_single_helix,48,5000.0,0,500.0,400.0
single_double_helix,48,5000.0,0,500.0,500.0
dual_single_helix,48,5000.0,0,600.0,405.0
single_double_helix,48,5000.0,0,600.0,405.0
dual_single_helix,48,5000.0,0,500.0,400.0
single_double_helix,48,5000.0,0,500.0,500.0
dual_single_helix,48,5000.0,0,600.0,400.0
single_double_helix,48,5000.0,0,600.0,405.0
dual_single_helix,48,5000.0,0,500.0,400.0
single_double_helix,48,5000.0,0,500.0,500.0
dual_single_helix,48,5000.0,1,500.0,400.0
single_double_helix,48,5000.0,1,500.0,500.0
dual_single_helix,48,5000.0,1,600.0,405.0
single_double_helix,48,5000.0,1,600.0,405.0
dual_single_helix,48,5000.0,1,500.0,400.0
single_double_helix,48,5000.0,1,500.0,500.0
dual_single_helix,48,5000.0,1,600.0,405.0
single_double_helix,48,5000.0,1,600.0,600.0
dual_single_helix,48,5000.0,1,500.0,400.0
single_double_helix,48,5000.0,1,500.0,500.0
dual_single_helix,48,5000.0,1,600.0,405.0
single_double_helix,48,5000.0,1,600.0,405.0
dual_single_helix,48,5000.0,1,500.0,400.0
single_double_helix,48,5000.0,1,500.0,500.0
dual_single_helix,48,5000.0,1,600.0,405.0
single_double_helix,48,5000.0,1,600.0,405.0
dual_single_helix,48,5000.0,1,500.0,400.0
single_double_helix,48,5000.0,1,500.0,500.0
dual_single_helix,48,5000.0,2,500.0,400.0
single_double_helix,48,5000.0,2,500.0,500.0
dual_single_helix,48,5000.0,2,600.0,405.0
single_double_helix,48,5000.0,2,600.0,405.0
dual_single_helix,48,5000.0,2,500.0,400.0
single_double_helix,48,5000.0,2,500.0,500.0
dual_single_helix,48,5000.0,2,600.0,405.0
single_double_helix,48,5000.0,2,600.0,405.0
dual_single_helix,48,5000.0,2,500.0,400.0
single_double_helix,48,5000.0,2,500.0,500.0
dual_single_helix,48,5000.0,2,600.0,405.0
single_double_helix,48,5000.0,2,600.0,405.0
dual_single_helix,48,5000.0,2,500.0,400.0
single_double_helix,48,5000.0,2,500.0,500.0
dual_single_helix,48,5000.0,2,600.0,405.0
single_double_helix,48,5000.0,2,600.0,405.0
dual_single_helix,48,5000.0,2,500.0,400.0
single_double_helix,48,5000.0,2,500.0,500.0
dual_single_helix,48,5000.0,3,500.0,400.0
single_double_helix,48,5000.0,3,500.0,500.0
dual_single_helix,48,5000.0,3,600.0,405.0
single_double_helix,48,5000.0,3,600.0,405.0
dual_single_helix,48,5000.0,3,500.0,400.0
single_double_helix,48,5000.0,3,500.0,500.0
dual_single_helix,48,5000.0,3,600.0,405.0
single_double_helix,48,5000.0,3,600.0,605.0
dual_single_helix,48,5000.0,3,500.0,400.0
single_double_helix,48,5000.0,3,500.0,500.0
dual_single_helix,48,5000.0,3,600.0,405.0
single_double_helix,48,5000.0,3,600.0,600.0
dual_single_helix,48,5000.0,3,500.0,400.0
single_double_helix,48,5000.0,3,500.0,500.0
dual_single_helix,48,5000.0,3,600.0,400.0
single_double_helix,48,5000.0,3,600.0,405.0
dual_single_helix,48,5000.0,3,500.0,400.0
single_double_helix,48,5000.0,3,500.0,500.0
dual_single_helix,48,5000.0,4,500.0,400.0
single_double_helix,48,5000.0,4,500.0,500.0
dual_single_helix,48,5000.0,4,600.0,405.0
single_double_helix,48,5000.0,4,600.0,600.0
dual_single_helix,48,5000.0,4,500.0,400.0
single_double_helix,48,5000.0,4,500.0,500.0
dual_single_helix,48,5000.0,4,600.0,405.0
single_double_helix,48,5000.0,4,600.0,600.0
dual_single_helix,48,5000.0,4,500.0,400.0
single_double_helix,48,5000.0,4,500.0,500.0
dual_single_helix,48,5000.0,4,600.0,405.0
single_double_helix,48,5000.0,4,600.0,405.0
dual_single_helix,48,5000.0,4,500.0,400.0
single_double_helix,48,5000.0,4,500.0,500.0
dual_single_helix,48,5000.0,4,600.0,405.0
single_double_helix,48,5000.0,4,600.0,405.0
dual_single_helix,48,5000.0,4,500.0,400.0
single_double_helix,48,5000.0,4,500.0,500.0
dual_single_helix,48,20000.0,0,500.0,500.0
single_double_helix,48,20000.0,0,500.0,500.0
dual_single_helix,48,20000.0,0,600.0,600.0
single_double_helix,48,20000.0,0,600.0,600.0
dual_single_helix,48,20000.0,0,500.0,500.0
single_double_helix,48,20000.0,0,500.0,500.0
dual_single_helix,48,20000.0,0,600.0,600.0
single_double_helix,48,20000.0,0,600.0,600.0
dual_single_helix,48,20000.0,0,500.0,500.0
single_double_helix,48,20000.0,0,500.0,500.0
dual_single_helix,48,20000.0,0,600.0,600.0
single_double_helix,48,20000.0,0,600.0,600.0
dual_single_helix,48,20000.0,0,500.0,500.0
single_double_helix,48,20000.0,0,500.0,500.0
dual_single_helix,48,20000.0,0,600.0,600.0
single_double_helix,48,20000.0,0,600.0,600.0
dual_single_helix,48,20000.0,0,500.0,500.0
single_double_helix,48,20000.0,0,500.0,500.0
dual_single_helix,48,20000.0,1,500.0,500.0
single_double_helix,48,20000.0,1,500.0,500.0
dual_single_helix,48,20000.0,1,600.0,600.0
single_double_helix,48,20000.0,1,600.0,600.0
dual_single_helix,48,20000.0,1,500.0,500.0
single_double_helix,48,20000.0,1,500.0,500.0
dual_single_helix,48,20000.0,1,600.0,600.0
single_double_helix,48,20000.0,1,600.0,600.0
dual_single_helix,48,20000.0,1,500.0,500.0
single_double_helix,48,20000.0,1,500.0,500.0
dual_single_helix,48,20000.0,1,600.0,600.0
single_double_helix,48,20000.0,1,600.0,600.0
dual_single_helix,48,20000.0,1,500.0,500.0
single_double_helix,48,20000.0,1,500.0,500.0
dual_single_helix,48,20000.0,1,600.0,600.0
single_double_helix,48,20000.0,1,600.0,600.0
dual_single_helix,48,20000.0,1,500.0,500.0
single_double_helix,48,20000.0,1,500.0,500.0
dual_single_helix,48,20000.0,2,500.0,500.0
single_double_helix,48,20000.0,2,500.0,500.0
dual_single_helix,48,20000.0,2,600.0,600.0
single_double_helix,48,20000.0,2,600.0,600.0
dual_single_helix,48,20000.0,2,500.0,500.0
single_double_helix,48,20000.0,2,500.0,500.0
dual_single_helix,48,20000.0,2,600.0,600.0
single_double_helix,48,20000.0,2,600.0,600.0
dual_single_helix,48,20000.0,2,500.0,500.0
single_double_helix,48,20000.0,2,500.0,500.0
dual_single_helix,48,20000.0,2,600.0,600.0
single_double_helix,48,20000.0,2,600.0,600.0
dual_single_helix,48,20000.0,2,500.0,500.0
single_double_helix,48,20000.0,2,500.0,500.0
dual_single_helix,48,20000.0,2,600.0,600.0
single_double_helix,48,20000.0,2,600.0,600.0
dual_single_helix,48,20000.0,2,500.0,500.0
single_double_helix,48,20000.0,2,500.0,500.0
dual_single_helix,48,20000.0,3,500.0,500.0
single_double_helix,48,20000.0,3,500.0,500.0
dual_single_helix,48,20000.0,3,600.0,600.0
single_double_helix,48,20000.0,3,600.0,600.0
dual_single_helix,48,20000.0,3,500.0,500.0
single_double_helix,48,20000.0,3,500.0,500.0
dual_single_helix,48,20000.0,3,600.0,600.0
single_double_helix,48,20000.0,3,600.0,600.0
dual_single_helix,48,20000.0,3,500.0,500.0
single_double_helix,48,20000.0,3,500.0,500.0
dual_single_helix,48,20000.0,3,600.0,600.0
single_double_helix,48,20000.0,3,600.0,600.0
dual_single_helix,48,20000.0,3,500.0,500.0
single_double_helix,48,20000.0,3,500.0,500.0
dual_single_helix,48,20000.0,3,600.0,600.0
single_double_helix,48,20000.0,3,600.0,600.0
dual_single_helix,48,20000.0,3,500.0,500.0
single_double_helix,48,20000.0,3,500.0,500.0
dual_single_helix,48,20000.0,4,500.0,500.0
single_double_helix,48,20000.0,4,500.0,500.0
dual_single_helix,48,20000.0,4,600.0,600.0
single_double_helix,48,20000.0,4,600.0,600.0
dual_single_helix,48,20000.0,4,500.0,500.0
single_double_helix,48,20000.0,4,500.0,500.0
dual_single_helix,48,20000.0,4,600.0,600.0
single_double_helix,48,20000.0,4,600.0,600.0
dual_single_helix,48,20000.0,4,500.0,500.0
single_double_helix,48,20000.0,4,500.0,500.0
dual_single_helix,48,20000.0,4,600.0,600.0
single_double_helix,48,20000.0,4,600.0,600.0
dual_single_helix,48,20000.0,4,500.0,500.0
single_double_helix,48,20000.0,4,500.0,500.0
dual_single_helix,48,20000.0,4,600.0,600.0
single_double_helix,48,20000.0,4,600.0,600.0
dual_single_helix,48,20000.0,4,500.0,500.0
single_double_helix,48,20000.0,4,500.0,500.0
